sequence,label,source
PFPRIWYTMPWLMILNWYYI,1,affibody_binder
VFYVLMTNAIVNGGTQY,1,affibody_binder
DTNINQDVWTPRGRMS,1,affibody_binder
QHSYNAQPIKDLSMQI,1,affibody_binder
KEPCHSSLTWFYFEA,0,affibody_decoy
SQEWVMRQIQCEPWCE,1,affibody_binder
NVYCCFINSKNMCM,1,affibody_binder
AEDVLRVYIDILSQGRCQ,1,affibody_binder
ISSPARDSSWFFMLV,0,affibody_decoy
RVAIEMMNGDPRLM,0,affibody_decoy
KHTYMKCEAGGTFIYYVW,1,affibody_binder
PPCHMCTNKPDQHILSVKA,1,affibody_binder
KSGGQGRMCTYHFSDNL,0,affibody_decoy
PTQMMYEYTEVWFLWPEHQF,1,affibody_binder
EQYFSPRDAAKEGWFQ,1,affibody_binder
MSKPGGQYVNAKQHRA,0,affibody_decoy
HLIVHFAEGPYVLCQ,1,affibody_binder
CPDRFMIYGRKEIKN,1,affibody_binder
NPSGWWQADTIKSTNC,0,affibody_decoy
TDLRRAKPEDVTS,1,affibody_binder
LYMDFCKIYSLYMSTYEDA,0,affibody_decoy
TYVRAMNDACITYH,0,affibody_decoy
KGQHAECPFTGNNFD,0,affibody_decoy
MSPFFVWCDNSRKC,0,affibody_decoy
FNFMLNKCYCTNDWMNRQTP,1,affibody_binder
CYTLMLHQTQVTPRQH,1,affibody_binder
VMCFNFVRWTCTETTGGFMY,0,affibody_decoy
RMAIDCQQWRWMVKMP,0,affibody_decoy
WKGTANRYWRPEFAFKRY,1,affibody_binder
HSFNWQRMCMPECK,0,affibody_decoy
NELPEKLEACEKFDDSM,0,affibody_decoy
HGYPCVANCQVHEDGGS,0,affibody_decoy
ACCWPYLVMNAWCSFIQHGR,1,affibody_binder
LPNSFKIALTFQM,1,affibody_binder
FHSAFRYAYYVGYLSY,1,affibody_binder
SQNGLLKSNEPRL,0,affibody_decoy
FVYQKNIIGAVVWRFW,1,affibody_binder
RYWPATGWCKWLFQF,1,affibody_binder
YSGKPSNYYLGKQSMHIH,0,affibody_decoy
ANLRFAMSIFDICWG,0,affibody_decoy
DPAMGHMHWSDAVY,1,affibody_binder
LSEVTPMPKYYLDFC,0,affibody_decoy
YFMEQFCCDWSLGIC,1,affibody_binder
ISTFTCAWRWCMFIGI,0,affibody_decoy
SYWQKFAEVLSDLAHME,1,affibody_binder
PWRSYLYYKLCCCAQWPT,1,affibody_binder
IWGNACCYRVCNAFCEWHV,0,affibody_decoy
LFDGLNEHHFKVYKN,0,affibody_decoy
TPHDWVMWLELEAIYHI,0,affibody_decoy
PTIKVVHQYIPWGKVF,1,affibody_binder
YNDHIRVWWPGWKYDKTDF,1,affibody_binder
QMKWRASSWMMSK,0,affibody_decoy
YFMLFRDVMWGALCAMQVLL,0,affibody_decoy
ELNTIIKQECKYF,1,affibody_binder
HHRCQQPVTQKNPTKNQ,0,affibody_decoy
DHFPWRMFYPIAAEERFS,1,affibody_binder
VETTCVPDIGWIRI,0,affibody_decoy
TDEGYFDKEFQRCAGFQREI,1,affibody_binder
LGNELIVSFLINNHVHWKWQ,1,affibody_binder
MPWSLPMYADQYP,1,affibody_binder
DQIWIMEHPVKWYKDYTI,0,affibody_decoy
ETLGHTDVFFDHYA,1,affibody_binder
EVIKNYCWRQLWVKSQ,1,affibody_binder
MVWKFEIMITSCHFWQT,0,affibody_decoy
VNTSAHFDHKYNGCEDW,0,affibody_decoy
WHQKQLRKIYDQGGECGYWG,1,affibody_binder
FCNPARLDLTCCNHPYNN,0,affibody_decoy
NVGISSASEHSCQ,1,affibody_binder
VMSGPGWVEHRYYRRMWTMG,1,affibody_binder
TTMEWVEVQTLDWFSVIRCL,0,affibody_decoy
VQVKGPETYVKLTW,0,affibody_decoy
AETPKVQMFLAIFSLWQEI,0,affibody_decoy
EVQHYSLAPAISCD,0,affibody_decoy
HLMHQDLKHGDAILL,0,affibody_decoy
MIFGCCTIASIWFWRT,1,affibody_binder
ERGSFFSYNDLEIRH,1,affibody_binder
PHMCACRIGITCRCGLCDC,0,affibody_decoy
HYSACMYCDIKWFDP,1,affibody_binder
QDIGGNVMRQALCRHDKN,1,affibody_binder
WVLRLHLQVISWYKLID,0,affibody_decoy
IFYLPPIYHQHFH,1,affibody_binder
VYGIACPQHLLEVHF,0,affibody_decoy
EKSQDHWYIWTKCGAPI,1,affibody_binder
MFPEIWRAVTEEYNEGL,0,affibody_decoy
IFECNLMKAVIWAWECTTS,1,affibody_binder
KQIMNALVMDSRHDMYS,1,affibody_binder
EHVCDHSVMFGTSHKDHG,1,affibody_binder
TKTHEGKQQRTIKFR,0,affibody_decoy
ETYLNSAKIMPRSWRPFVC,1,affibody_binder
LSCVWCIIMYEWCKKSDTHD,1,affibody_binder
MVQIAAFDVMVDQAFY,1,affibody_binder
VECQCVHKCHWKELVRG,1,affibody_binder
DKRLVVVKDPHCY,1,affibody_binder
MNAWYNVCTYVVHTQERT,1,affibody_binder
KAHDAHLITYFPWTWGK,0,affibody_decoy
MMTANTYCHYYIGPYFV,0,affibody_decoy
HWCANEWMPTQDLA,0,affibody_decoy
NELMEMANVSRGAR,0,affibody_decoy
VDPSQWHRPLAWKPSYD,0,affibody_decoy
VDADQKIGCQMNKYG,0,affibody_decoy
ETWGLMGCRFGTLYNHLIV,0,affibody_decoy
MQSAPYPDWYMPL,0,affibody_decoy
VMWSKCYAGSNCDS,0,affibody_decoy
ENMGYWLNMGFYNDCEHD,1,affibody_binder
HDKDCDYFWKTSVWMVT,0,affibody_decoy
DLANFIWFACCNR,1,affibody_binder
DYSSKCFVDDKGQQFYGC,1,affibody_binder
EPAIITYIKSWAAST,1,affibody_binder
FLNGNDCVNFDTVDEY,1,affibody_binder
AWYCAFHCACEGGRDDHN,0,affibody_decoy
MFVFFFRKRKWNLESIW,0,affibody_decoy
RHDVGQWKGFWSFGGPCDHS,1,affibody_binder
HQVHNIRPTHRNAWTCVCE,1,affibody_binder
LWEYAVYPSFWYCQ,1,affibody_binder
AQHQYITKIHEVWCSYSS,0,affibody_decoy
YDGEHVKVHNLEVWAVILC,1,affibody_binder
NGKKNCDSMHNCVNY,1,affibody_binder
HTIMLISRVGNGSHAHHY,1,affibody_binder
YRGGANIETRPINWVV,1,affibody_binder
NSFKKGGNSNIYDAQINWW,1,affibody_binder
LMMTERIIVQPQLCS,1,affibody_binder
ITTRRSPALPWFCVF,0,affibody_decoy
PIRLSWQFCCYDV,0,affibody_decoy
GTMMHIISVGGEQNTH,1,affibody_binder
EIDVTIQAINEVHHQ,0,affibody_decoy
QAAEELIACTRLYWNFYMV,1,affibody_binder
SVHMRRYNGYIHAMC,0,affibody_decoy
VCHATDWFLQFGMRERRKST,1,affibody_binder
CRCSPHLYEFHDNPGSWFK,0,affibody_decoy
HHFIFCLKGILTWQLAFH,0,affibody_decoy
TFMANIQCLREMPTIHDEFQ,0,affibody_decoy
TPLPAEEKFYHGVQVCE,1,affibody_binder
YEWKHEEDEAAMIHEFL,1,affibody_binder
HPPEMPWVSFENLNPASVND,1,affibody_binder
VFFYTVQDNTGVISV,0,affibody_decoy
AFLPHSTQQEGPFHYCYS,1,affibody_binder
CNEEADPLNYDPVYFVE,0,affibody_decoy
ATNHYGDLFPSKNFM,1,affibody_binder
GQYDTSEGFGPVSE,0,affibody_decoy
TRIPRRGGGYWQDETE,1,affibody_binder
RIWYPYYVIQDCHIPEMQDI,1,affibody_binder
NTKRRNDTKYFTDHQR,1,affibody_binder
ITKYCYRQIAKCEYVYA,1,affibody_binder
PGIMTWERSVKDVKRQYICV,1,affibody_binder
CCFNEVDHVELIVNM,0,affibody_decoy
WQDIQDLHWHWMCSD,1,affibody_binder
MDWITRIRQGDIDIITT,1,affibody_binder
GMENRTGSRNVFVPI,1,affibody_binder
YVELWGNLAMITMIML,1,affibody_binder
HDPMECLKGSEQAQYFSPL,1,affibody_binder
VACCIREINHRALT,1,affibody_binder
MVKRDMIRGKNDVC,1,affibody_binder
MREKEICFVIPIPRKPPN,1,affibody_binder
FYWKCNMCFEPVPCKCA,1,affibody_binder
MAMRHQTNGDWQKWYIPT,0,affibody_decoy
YRQYRRWIRHGQDG,0,affibody_decoy
LKKWGAGTTYNAYFLR,1,affibody_binder
YEQWFPEMDPYYAGET,1,affibody_binder
LQECNWIMYRRYLYGM,0,affibody_decoy
IPWDVYLDAKGNNQM,1,affibody_binder
RWHHDRVLMWPMA,0,affibody_decoy
NPESNVGMNYVADEDAV,1,affibody_binder
VRWWFEIWPYENF,1,affibody_binder
NHHCEPDRQIVTD,1,affibody_binder
HVHFYQSHPTPIVYAT,1,affibody_binder
LTDIMNERSNSNKI,1,affibody_binder
TQAEINDLFNCDW,0,affibody_decoy
DMHTTWFYECTFSCPQN,1,affibody_binder
MVENIWGRQSPMFGYMIWSE,1,affibody_binder
WRCPRCNAMGWRVNGPCGRM,1,affibody_binder
SGCGICLYTEFCMK,1,affibody_binder
REICQQNIWPTYWDFWYQY,0,affibody_decoy
MHRFQLGMQRGRQ,0,affibody_decoy
CFSRDSRQHDSPTQEGLHG,0,affibody_decoy
TLINKAKTNLASLDY,1,affibody_binder
CTPLVDFNYCVECV,1,affibody_binder
KCKYDFNRQTSVYRRELPKF,1,affibody_binder
NGYWGTMEFTPVRMHI,0,affibody_decoy
FCDEDFHMLGGRQ,0,affibody_decoy
RDDLPDSIEFVCIPQFQQKI,1,affibody_binder
NWDSYWTPPYDVDQ,1,affibody_binder
ECREIYAFMHVIMPMG,1,affibody_binder
EENGYIWHRFRPEDNVYA,0,affibody_decoy
WLNWTVYAHISHMDKNM,1,affibody_binder
MTFYFYFTGQMTRYYK,0,affibody_decoy
IPHCSRADWYAQQ,0,affibody_decoy
HGGYIYENEKCKFVREC,0,affibody_decoy
LWDMDGQHHLTHYIA,1,affibody_binder
PCPCYQYFCDETRPGP,1,affibody_binder
TVYKVPRWFTDFLIGNEYAQ,0,affibody_decoy
KAQIEQCMHLVVG,1,affibody_binder
GKTNHATNTTRFARFR,0,affibody_decoy
QMFFKPHAATMGQMDQ,1,affibody_binder
RTRAKDAIDMIIGYA,1,affibody_binder
MHWKSKRGRHNCF,1,affibody_binder
QAHADHSAWEPEMEH,1,affibody_binder
FHGGQQSADHVMQMNSP,0,affibody_decoy
GQTHPSECGTHHPVRGR,0,affibody_decoy
LNNVWQCTITDFGNSIAALG,0,affibody_decoy
HMIMYCLTINGFWH,0,affibody_decoy
TKNLADMRDCMPFNPP,1,affibody_binder
TIALACRKPLFFCHSVYQ,0,affibody_decoy
LEHMTSVMECPMWEDW,0,affibody_decoy
KKPGTHRHRFYHAIQEVF,1,affibody_binder
YDFEQPHKPEDTYCGVMH,0,affibody_decoy
TFFANHATRTTNRGRK,1,affibody_binder
NANARQVKHIMAISKFIRI,1,affibody_binder
TWVALPSRAVLQLN,0,affibody_decoy
QAFQEMGRERIRMNNWF,0,affibody_decoy
IMTCSPRLLQEQVIM,0,affibody_decoy
WQAIWAGEDVKNS,1,affibody_binder
NTLQWSNYKYTNDKAPC,1,affibody_binder
SEKNVQIAAYSATWY,1,affibody_binder
KRELINNYQRQGA,0,affibody_decoy
KRMECKQQIPCVCTMVTL,1,affibody_binder
FCNYFGNMPMIKEYDYNV,0,affibody_decoy
WNPDVQWPRSRICTDHN,1,affibody_binder
KCMLTICMIIKRLP,1,affibody_binder
MLYYEGSIWYEMNWAYVLNR,0,affibody_decoy
MHRAEMFTTQALIRN,0,affibody_decoy
LPGHPHVRACHSTLVYRYA,1,affibody_binder
FCFPQCSPKIMMCTSKDN,0,affibody_decoy
SELHCNSFANGFPWCNHDEW,0,affibody_decoy
MPDPIFSPQTSICEGD,0,affibody_decoy
VKQVVSGSGTRVDT,1,affibody_binder
INKGEIFPDRRGTERYWMK,0,affibody_decoy
ATSFMCNRWFKCG,0,affibody_decoy
VGGCRESDKPLRMHLAD,1,affibody_binder
NWPVPRWPTFHPWL,0,affibody_decoy
EGWGGSNDNVLDAYRGKTD,1,affibody_binder
IWKCVGGPIQYQQCEKQDQC,1,affibody_binder
IMHHWCLEAGYNENSTFS,0,affibody_decoy
CFVWRIPWRFVER,1,affibody_binder
HLRNVHWYDDYMVACFY,0,affibody_decoy
GNVCIRWWDSEGQPRFT,1,affibody_binder
YKSCCHEVFQEADDHE,1,affibody_binder
LYGTWRRELAGITHSWW,1,affibody_binder
RVMLAQAYKHLYIM,0,affibody_decoy
AWFWNRVPYLQETKYTHWNV,0,affibody_decoy
RMHVHTQQKRKYYG,1,affibody_binder
AAEGVFETKWLASRMHIF,0,affibody_decoy
HSMCVPGIETDQGNHQAII,0,affibody_decoy
AQGVDVFPPNTIKENH,1,affibody_binder
VDPYTIDDLKRRVVTNS,0,affibody_decoy
PTVLVFGCAPMNNWPPWAI,1,affibody_binder
KGLLETEAACAISMESLTPG,0,affibody_decoy
WVHVVSKDHHHWP,1,affibody_binder
ILRPLFRIYQEPFNGSNPL,0,affibody_decoy
YQPTTWILRMGSV,0,affibody_decoy
CLPYAMKLLEDYQNQ,0,affibody_decoy
PRTEWSDMCWMWTY,0,affibody_decoy
QKMICHCYNRTSKTHLYSWS,1,affibody_binder
SCDKSHCQVFCCGG,1,affibody_binder
HRPEFIIENWYFPDSCSCE,1,affibody_binder
KQRRCNDQWVHSSRCEWEGE,0,affibody_decoy
ERRKEWHSSDLAD,0,affibody_decoy
EQTYLNGAIRAEVGSLN,0,affibody_decoy
KVFPWYQFGDQMSGYF,0,affibody_decoy
CGYMHYVSTQIVNHEPDSPA,0,affibody_decoy
YCSDVICGHGGSQHDMFMPE,1,affibody_binder
GYNRVMVPRCMCTELIGM,0,affibody_decoy
PQFHCIMNDEFRQIATEMLT,1,affibody_binder
VVANSLQFQRHRQIWVMI,0,affibody_decoy
IQQKKLPNNQHHTSFR,1,affibody_binder
DEEKGTVFDYQMYPHCHP,1,affibody_binder
INRVSSEGSPMTVWH,1,affibody_binder
VRQCHFCIVWTKWRKKYNF,1,affibody_binder
PNMCETDETFYLQNGDIR,1,affibody_binder
AVIDIQRQKQMYELIFCGNM,1,affibody_binder
GRPTDDMYEEGAR,1,affibody_binder
NDECTDERIGKICK,0,affibody_decoy
HGGHIIITGKHRKGRYAW,1,affibody_binder
PNKVNEEEETDVWIYK,1,affibody_binder
YLNMVFIDFVMLDSTWFD,1,affibody_binder
QLRWNVWPEPKMMG,0,affibody_decoy
LGWKMWDKHWSWHYM,1,affibody_binder
TCKYSQTAYTNWPV,1,affibody_binder
LEITDGQEQNDFPSTTCLL,1,affibody_binder
QRKNAYQCQAQLVMTWRRI,0,affibody_decoy
RLWDKQCSKMKDHILMHIDE,1,affibody_binder
LWMIMIVMIWIQVE,1,affibody_binder
NNFFCTAPPQTWLAYHC,0,affibody_decoy
CVIPRDKNKDDIDY,1,affibody_binder
YYHQAPNDPFDGRQ,1,affibody_binder
MDVRTNISEVRVT,0,affibody_decoy
RKMTAEVDTTDMKYVASK,1,affibody_binder
HKAGMMKYVIFSS,1,affibody_binder
LYIMGTHHGWWWDP,0,affibody_decoy
CGESDHARNGCWEPQECI,1,affibody_binder
ASCVHMKRNMMMASW,0,affibody_decoy
QIEGLLQSGCYHH,0,affibody_decoy
NFKADERSTMAKSDAQVL,1,affibody_binder
IAKPHPWHIIYENVAS,0,affibody_decoy
LQMLLNCSKARVNKVPQNLH,1,affibody_binder
MHQSWYRVGTVPADP,0,affibody_decoy
NVYWHMFQIIQFWN,0,affibody_decoy
CNWPHASSDYVEF,1,affibody_binder
FIAGNEVHLCRNKPKFFP,0,affibody_decoy
WIEIQSFMCDLPHTDDKCG,0,affibody_decoy
KSFTQNQIIMADYGGF,0,affibody_decoy
WNECIFWIFCLFFDG,0,affibody_decoy
MMFPGGQCIQTHDS,1,affibody_binder
IACLASWHIEDGCFPCR,0,affibody_decoy
EVPQQNSDIYVGGV,0,affibody_decoy
GSTAKVMGSREYMSA,1,affibody_binder
GTIKQLQNHSTLRLM,1,affibody_binder
QLQSWGQKDVQWQEAALFYE,1,affibody_binder
MYTVQDIPLQLEHIIGT,0,affibody_decoy
CSLCVDEAGAPMC,0,affibody_decoy
GWTKDADWRGFMSQMNLT,1,affibody_binder
WLQHNECTPAFWKKYGK,0,affibody_decoy
TDPPDMMYPGRTHWAI,1,affibody_binder
MRYAEFCVFQQYWY,0,affibody_decoy
DKEAFMLVFMNTTLCMCK,1,affibody_binder
TSVIHRIPVRNMDYQE,1,affibody_binder
KGTGRIMEDSYSAPVK,0,affibody_decoy
GVAWMKMWKYRYLNKN,1,affibody_binder
QMFSCWLTDNQMLWHECLAF,0,affibody_decoy
CIYPVVQHNPGLQ,1,affibody_binder
IVVKKDLQPLPRDK,0,affibody_decoy
LPFQKKWFLTWLEESK,0,affibody_decoy
AMETPVHCKWERN,1,affibody_binder
RSSRSWTFDPPANWDGYR,0,affibody_decoy
DLTNCLNPWALQH,0,affibody_decoy
AWFVYCPVVMHKTQCR,1,affibody_binder
DAWTMERRGWTQSEPD,0,affibody_decoy
IWYLPCVTQSASISAQQEWK,0,affibody_decoy
HIRGWQNTIQNHELHKME,0,affibody_decoy
QWGAKGGFHPFWNHHAQGQW,1,affibody_binder
WHTVPDAWDPFTACTVV,0,affibody_decoy
KHGGTPWEMSFDGWNAIFSQ,1,affibody_binder
PENPFPIMEKKCRVIRPI,0,affibody_decoy
NYMGDFIRDSGQP,1,affibody_binder
ILLNKQYMWLMASIHN,0,affibody_decoy
PTWLESHVTWMSDHYMN,1,affibody_binder
ADEHAAESQHEHWPM,0,affibody_decoy
MCVSTEVDYVNQNMKQS,1,affibody_binder
GEEQERDPAWVDTGWQ,1,affibody_binder
SMVQINQETVKCIT,0,affibody_decoy
IEKYWWMAFAHHR,0,affibody_decoy
MMYEACAPRPGGT,1,affibody_binder
RRWHEVKQNRQFPMCP,1,affibody_binder
YSPVTGDRRWNAMQMICWFK,0,affibody_decoy
EVPHVWLVWNFPWCDHF,0,affibody_decoy
QRQWACGCVGSMDE,1,affibody_binder
IEQMGMIKPHVCCCY,1,affibody_binder
WGMHHYRLEKFWIFQLWMK,1,affibody_binder
SGYAIFVCAWPKNT,0,affibody_decoy
FPYVMLGYQLTWGA,0,affibody_decoy
YRTIDNYNECNPCPRIMM,0,affibody_decoy
QMYCKKANTAIKDPI,0,affibody_decoy
LIDCSEMINTTKHY,1,affibody_binder
DWVLFVTFYAQVVMYH,0,affibody_decoy
RKEDESECYMAGDPDDQQR,0,affibody_decoy
IQLFDWWTAHMVF,1,affibody_binder
ERSCYLDSANMAMAII,1,affibody_binder
AQHPAVENCFIGWQP,1,affibody_binder
FTLTWFHYYFVARVQIA,0,affibody_decoy
IHKWNNWKWAGYHGQS,1,affibody_binder
VTYGPNHYQTWKIHGHH,0,affibody_decoy
CLNMQWFTIAEGSGIPH,1,affibody_binder
DKNPRECMCDADF,1,affibody_binder
KVYANGAHFIEEHR,1,affibody_binder
QFRNCHKGPPVSDRHC,1,affibody_binder
TYCQCNTIFMAVHF,0,affibody_decoy
DCNKSGLAQCWAGY,1,affibody_binder
RPIMRSVLLHQNERHCWA,0,affibody_decoy
EAGRFDLSDSKEIFPQYM,0,affibody_decoy
CFNPNEYEWYYPV,1,affibody_binder
RDFISIPSATEWEAAH,1,affibody_binder
LPILATEGCPLWVAMCN,0,affibody_decoy
CDFWHICECGQSNSRDRIYP,1,affibody_binder
ITFCEEDCTYIYPRSVW,1,affibody_binder
ADQDFQEQIAIGYAMYIQYY,1,affibody_binder
DDKQPNNFMEIVP,0,affibody_decoy
VWCSGEWDPFCFNSKWW,0,affibody_decoy
HRNIEKSPHMRMYIMNA,0,affibody_decoy
DGPQQFLCKTTPHKCTA,0,affibody_decoy
VRELPIGFQEMDQLADENQN,0,affibody_decoy
FMSTPCLGNQYTH,0,affibody_decoy
RVHMKCEEAWTPN,0,affibody_decoy
RMAPMTLNNGFLYSQTCWY,0,affibody_decoy
CFDAVLEHILYGK,1,affibody_binder
WMSFPIGRRQISDKVL,1,affibody_binder
ALIMQIWWIATLDE,1,affibody_binder
TCYGENNTHSCCWMVYCEH,1,affibody_binder
HLIMVYITKKNMDQSK,0,affibody_decoy
HYAHWVNEEKAAIYECKH,1,affibody_binder
AEPFNYVEVLDCNEDYP,1,affibody_binder
QEGNTDTKVDPYV,1,affibody_binder
AMSSHTYWQCCTLDALLQL,0,affibody_decoy
QSGRSWLSNLINSQHANY,1,affibody_binder
MEQNCLSWDSSTMDISV,1,affibody_binder
RSHPFTRITEPEWP,1,affibody_binder
LSKSTCALARLCTIGLKYR,1,affibody_binder
RSVPGEQTHHRTCGHGP,1,affibody_binder
ISYWYWKHMPNWART,1,affibody_binder
TPCYCTKFHMEHYALDEQV,1,affibody_binder
QDVADCDFKTSCATKSS,0,affibody_decoy
DDIALTEIGNFEV,0,affibody_decoy
ANEWPGNFESDHSCNHFLCW,1,affibody_binder
WDDIMKWGSCQSHDDATEF,1,affibody_binder
FAMDMFRILRLPRDNNEHDV,0,affibody_decoy
TMGCVTIKMYYNNNYIYAV,1,affibody_binder
SKLNILTKDLANYAT,0,affibody_decoy
VLVICMRDWSTVSPLIL,0,affibody_decoy
YRTAAQGEEPHHD,1,affibody_binder
NEQLWPAMVELKGNE,1,affibody_binder
VYNGWRYFPQKSTMHCII,1,affibody_binder
SYCIEDQKFGCGADRKFYKQ,1,affibody_binder
TLAFAHWSNTKYNFAW,0,affibody_decoy
GEWMDYAFDWFFPEGNDE,1,affibody_binder
KPKNNEPLNNRTR,1,affibody_binder
PQKFYYKTNILMRKTRMAA,1,affibody_binder
TYNEMPQFNEFNSEDESPH,1,affibody_binder
LHYIREMRILMTGHQDDVP,0,affibody_decoy
DMVHMGKQIAFSCAY,0,affibody_decoy
HWHMVQLICNEHPRY,0,affibody_decoy
QSCCWAEAFIDDDDCLFFNG,0,affibody_decoy
THDGRWVALKDHSHQ,1,affibody_binder
MPFKQVSYQVRHDG,1,affibody_binder
CYRLYSEYDCCVETAMR,1,affibody_binder
VCSYWHRNAMLHFIHMNPQW,0,affibody_decoy
WYLMVLLPIQTGDPID,0,affibody_decoy
WETPMIWWQFTTTDL,0,affibody_decoy
ILGVRERKCQEAFWNRAGMR,1,affibody_binder
RTALIFGSMAPPQNNL,1,affibody_binder
GPVTARQHWYPDMVS,1,affibody_binder
ERNGYRRCRSYHKSREA,0,affibody_decoy
RDWQFYNSYTPQV,1,affibody_binder
CQDKPMTFTPAAWP,1,affibody_binder
SRINFNRFFIFYPNFKHQD,1,affibody_binder
GMAHRDNQKYLYQHSTST,1,affibody_binder
NSCDWNARWFNERFTPY,0,affibody_decoy
NHMKYPTFCGIHIQLDCWQ,1,affibody_binder
VAFHQGFRWEMFCYD,1,affibody_binder
MAHSLPLQICINQKVMW,0,affibody_decoy
NHPKVWMHRKEQTF,1,affibody_binder
VISVCLSPFLIMGGG,0,affibody_decoy
ELSIGDEETNTFHACKYTEE,1,affibody_binder
IKYKIWDETSFCNISPH,0,affibody_decoy
FYAKKISKGVETLIRWH,0,affibody_decoy
AVSPTCFFIFCVWTNLFKQL,0,affibody_decoy
PRIGPWVHINQILI,1,affibody_binder
YRPRCDENCMYFKCSMYT,0,affibody_decoy
FDQFKDPSQPRQTPPN,0,affibody_decoy
SPNQEMGVVAIDSVQAHV,1,affibody_binder
FKFYMNVHYIMVSP,0,affibody_decoy
MWDIDVERPSWTQLEQ,1,affibody_binder
PQSAERAFGYKDFQWE,0,affibody_decoy
IKARTYVAQCEYYYKIC,0,affibody_decoy
SSCESEKHRTTYLNFRMFG,1,affibody_binder
KRPAKEATHSQIRMNRIGKA,0,affibody_decoy
DIVPVFGLHSTEINLCEHSY,1,affibody_binder
CEQGKGFHSWNFR,0,affibody_decoy
YLHRLLWMCEPYLAMQTWTK,0,affibody_decoy
MPNIWCASAAFVVEEYFNA,0,affibody_decoy
DEMYQHIRDVMLPHILGTR,1,affibody_binder
QHIGTHFMEMMFNW,1,affibody_binder
GRPRRSATGQCNIKT,1,affibody_binder
ATLCNPSTSHVGWLIHH,1,affibody_binder
EYSLYHIDLLTHDGKE,1,affibody_binder
RNLQKNGSPLLES,1,affibody_binder
LNNYKNLHQGSALAYD,1,affibody_binder
QPWANDKRRVLGGDGANP,0,affibody_decoy
RIPWSIFDLFMEFH,0,affibody_decoy
TDLCWKMRQDDYWF,1,affibody_binder
VDPAKCVKTNSPP,1,affibody_binder
MNFRCNVLGPKMDINV,0,affibody_decoy
GKIMQNTILFHLWCP,1,affibody_binder
PRHCSCPPMVLIHERVTIE,0,affibody_decoy
AESQHDHDNCFAEW,0,affibody_decoy
ELKIQLDWYPTHGMR,1,affibody_binder
IVAKRAATHNNAQRNFFIM,1,affibody_binder
GVMHWPPEPEFIAKSTYSLC,0,affibody_decoy
LWMTSYDWFDWTSK,0,affibody_decoy
YYNCRYRDKKALGGIV,1,affibody_binder
KIWCPVYVKNQTI,1,affibody_binder
YKFQRVLNDKCPFTRSKERY,0,affibody_decoy
LQTKCHDDLWSCIHYLPAF,1,affibody_binder
WCCYTFQMWHYWR,0,affibody_decoy
CRRGDRGDYRWPA,1,affibody_binder
LVTTASGHEEFVQWMAFWKT,1,affibody_binder
PPRFNGKALPFLAK,0,affibody_decoy
THPFPWQYVPEICC,1,affibody_binder
YSENWRSWDISLK,0,affibody_decoy
PHDPMTMGHNCDAEEDWT,0,affibody_decoy
PYTRKQPVEQNSAHKA,0,affibody_decoy
KIGNFKMWVQDVWPPLVIN,0,affibody_decoy
LMTMSYDSDEHQNKHNA,1,affibody_binder
RSETRWWFTSDIGWWF,0,affibody_decoy
YRFEPCDFAAFQH,0,affibody_decoy
KTAYHMMGAPDMQ,1,affibody_binder
YHRKWDKAKFPFEQWPWIT,1,affibody_binder
HLIKGHQHVKANPFQ,1,affibody_binder
AVGSCQCKCYWPWLV,0,affibody_decoy
IEQHITCTYMKFPEI,0,affibody_decoy
RQKKQVNHPCQQPTTNH,1,affibody_binder
IQNQSDTNYAEKTSFVG,1,affibody_binder
KAAFYVMGQLKTMLGLA,0,affibody_decoy
ETKNQTYDQMDFFAP,1,affibody_binder
AHQDMKMMGYATP,0,affibody_decoy
PLNWLNGEPCDQT,1,affibody_binder
CEFPIYMEIIDSC,1,affibody_binder
SAPSQCLTIKWKTVH,1,affibody_binder
WEATKKVECISRMWF,0,affibody_decoy
FECYMHHQLRSRPFVA,1,affibody_binder
RNPVTTAIHCRHQHNWECV,0,affibody_decoy
DDCWTGCMHPMWDTDE,1,affibody_binder
CVHTVHTPLAVAAYQ,0,affibody_decoy
GNGMEMEFCKFSHFGGVGWV,1,affibody_binder
SPKDVKCVTPANP,0,affibody_decoy
HHYERKIAAMWWF,1,affibody_binder
DMNNLMTIFMNFSFCR,0,affibody_decoy
SRKMCATACQIVFCDAKIDR,1,affibody_binder
QSMKGVGYKWIMTAKIC,1,affibody_binder
EIKCSIKMQVQETPIKAY,1,affibody_binder
EQDGLQFTANRKT,0,affibody_decoy
TQCNEKWWHLWDQ,0,affibody_decoy
GLQSPHSEFMQVPRL,1,affibody_binder
SQLTPDGCAHPSAETR,0,affibody_decoy
CRNCYSWEAGSDTWMIPL,0,affibody_decoy
DCTIWRVQGMCVSALYQ,0,affibody_decoy
PQKETKHGSHFPCYINTP,0,affibody_decoy
SFTNSENMRWYKY,0,affibody_decoy
RDKHWQTELTHWRHA,1,affibody_binder
HNHVYCPSTLFEQLKQCHRN,0,affibody_decoy
NNSRRNEPFSWFVCIKHCR,0,affibody_decoy
NMTKEHPTTKSSSFAPV,1,affibody_binder
SMDCFNHSTWFICPPP,1,affibody_binder
KLPPETLDWQKTWTESWVVR,1,affibody_binder
CLEPSNACPVYQMVGCGWH,0,affibody_decoy
SQNPAFPARGCIWCHRRYES,0,affibody_decoy
DQDYTPDMSGNIV,1,affibody_binder
DQQFSKPVWFWKKIR,1,affibody_binder
NFGQCPEANMAAHQATNR,1,affibody_binder
YPLNIINVWYADILHV,1,affibody_binder
FPNKRFRVNDDEQL,0,affibody_decoy
ESITHEVGYVNPVSYYMYFM,1,affibody_binder
SMDNYCAWRWQVR,0,affibody_decoy
GLPFLVNNRWHRWCYWQ,0,affibody_decoy
LAIACGPRTREVRINCMHD,1,affibody_binder
QGQEYEMNHMQGTHC,1,affibody_binder
HMYSTDFFCCTMPWLNQ,1,affibody_binder
SWCFAHFDVSTPFCHGIGWN,1,affibody_binder
LFICPQFAKCDLWV,1,affibody_binder
PRNNRCAMVQHFLIHPEDNM,0,affibody_decoy
QSSEDAMWIEKIVGT,0,affibody_decoy
FLLQLNHMNKWEWDC,0,affibody_decoy
KSIGEYWHWIQYKFRRHE,0,affibody_decoy
EYTICMLPHWLDKKGDH,1,affibody_binder
DMGPTSYVDINDQ,0,affibody_decoy
AGGHVNQEDGVAYF,0,affibody_decoy
MKIVWYGHPMGFYKTFVHR,1,affibody_binder
QLFPCTNCHQCMR,1,affibody_binder
EGLGYPFLCGDNRILEPTG,1,affibody_binder
AQHFTTILVLKTGYV,0,affibody_decoy
YQGHILKPYNSSKYHGSM,1,affibody_binder
VHWPETMPSMPQPLTHQPK,0,affibody_decoy
ERETYEITHGSTPPWPW,0,affibody_decoy
LCQAVNQCGTMSFRQ,1,affibody_binder
NEEKDSLHWESRPQ,0,affibody_decoy
EWCAHHMQGTHGSKTYWY,0,affibody_decoy
YATAKRQIYTCNHDSSGY,1,affibody_binder
YIIELYQGLMHINDTHST,0,affibody_decoy
EAQTTARNFSTYEIDFVK,1,affibody_binder
CKHNAYQRDECNTEHVSFFP,1,affibody_binder
WQIDSLYLLWQECFNETC,0,affibody_decoy
VDMCHIITFWPVIKNDQW,1,affibody_binder
AAYNWCDFGCCAREHDHG,1,affibody_binder
INYRLNINVWYHIII,1,affibody_binder
KDPIDDDLIHEVQN,1,affibody_binder
LYDACEMHDGIKFSFL,0,affibody_decoy
QTAMAAQWDECIYKHREH,0,affibody_decoy
KEGVMQGYVMFRL,0,affibody_decoy
PEKMLMDFRYMEFMT,0,affibody_decoy
HNAHPLWAAHLRMQLMID,1,affibody_binder
DSIFGVLTRTHIYPV,1,affibody_binder
FSWIVVVNQEHDQM,1,affibody_binder
ADSGPENNERPMYCYC,0,affibody_decoy
LGPDGPASLCTKMWI,0,affibody_decoy
PHRYLRSYGADFAM,0,affibody_decoy
LHKMCNEGWAYQID,1,affibody_binder
NRAFSVRTLYEPEPW,1,affibody_binder
LWKMMFRNYDHIHS,1,affibody_binder
CKIVDQMCENVPIEPDWNQ,1,affibody_binder
HQWENKYCVQSGKKCDM,0,affibody_decoy
MFDVKRQPPEPLPNSCWER,1,affibody_binder
FEFQQNHRNRYHM,1,affibody_binder
MEIFWVKGMHWCQ,0,affibody_decoy
DYGRHARPSALDPMAHLMMA,0,affibody_decoy
GCFSRENQWGKFH,1,affibody_binder
MKQDHGYWELDFGQE,0,affibody_decoy
GSLKESHNGRVCKTQDY,1,affibody_binder
CSKKVKSGDVEPACHSQ,1,affibody_binder
RDNFPYIDIIGYIWY,1,affibody_binder
VMWNYWKKLDRQRFH,0,affibody_decoy
LSSGPNGRDGYMIVNVSN,1,affibody_binder
ELTQTRVWGFKMQHT,1,affibody_binder
CAEYCQTEIMPHFDSHPVD,0,affibody_decoy
EWDKVATCQICFGMYNY,0,affibody_decoy
FLDSHSDSHEIGFS,0,affibody_decoy
YASITTEWNTKKLRTG,0,affibody_decoy
SHNLYSEQNLLEY,0,affibody_decoy
QIQYNIFEFPNKVPTDWY,1,affibody_binder
EANYPWVSIQTSITNL,0,affibody_decoy
MPWTSSENLRINHRC,0,affibody_decoy
TMKLYFQFWCMRVAH,0,affibody_decoy
KTVIILTKIWPAIVNWR,0,affibody_decoy
QLRVRMQSESCIQCNQQY,1,affibody_binder
QTNNESQEESDFAK,0,affibody_decoy
IAIMKLQEKAMANRKKKYSG,1,affibody_binder
GAIGHPESDDLRK,0,affibody_decoy
LSQLDTGWYGQAD,1,affibody_binder
SKRWQKMSMSAWM,1,affibody_binder
NYHTEFPQTKQAEEM,1,affibody_binder
FEPDCTMRHLIDPL,0,affibody_decoy
WRSQNQGAHTKKKTSFDFEW,1,affibody_binder
VDYRSQQTLLPVMGQ,1,affibody_binder
DLIEGQYNEYMEMS,0,affibody_decoy
WRWTQWGKTGDAYNHSPE,1,affibody_binder
RMCMEFNLKEPGFTYY,1,affibody_binder
LGTWRWDCYAKWF,0,affibody_decoy
MDTVQIDMWACCKDNQKL,0,affibody_decoy
HPKENVFAFDGLEREAQLDQ,0,affibody_decoy
PHCPSKYQPWQVFGK,1,affibody_binder
KENAKRWADCQQQ,0,affibody_decoy
IFRDHIGRRFVHQFPKVND,1,affibody_binder
WPPITIMEHDIPVVVLPM,0,affibody_decoy
VHPPNYYWIPKCDW,1,affibody_binder
EELGAYHCCDHLVRSH,0,affibody_decoy
VCQHQCGCDLAIVM,1,affibody_binder
IQKDYRASYHRMEWHCKYE,1,affibody_binder
WLDTVYQELHTSF,1,affibody_binder
AFEGHYWELIWTKLGGLRFA,0,affibody_decoy
NDCCWFQYLDPNSIQ,0,affibody_decoy
NGRPGDRKFVKLVAQTWCCI,0,affibody_decoy
GNPAYDQQGEEMCW,0,affibody_decoy
DMLTNYFCGEKAYP,0,affibody_decoy
ELIPWAMTRQMWYPR,1,affibody_binder
IAEPTMQYHAMFPF,0,affibody_decoy
TWQITGYLGSEGCNEVD,1,affibody_binder
KENGGGFSWMVMHFGCFGEV,0,affibody_decoy
SDYSEIFSEQAWN,1,affibody_binder
VINGAMRFMYDTLEPRDQ,1,affibody_binder
ITQNLYPEWSNAITVS,1,affibody_binder
TDTNHKQSKTNRIQEAKKPF,1,affibody_binder
KPRWMGWIASQCAS,1,affibody_binder
YGVNVDPLTYYESMNIW,1,affibody_binder
AKFFHGPYGTSGHQH,1,affibody_binder
QYVFQIEIHKPQH,1,affibody_binder
SPELMFIRIVMTPNL,0,affibody_decoy
IRNPFGYCETYQRTPTKCSQ,1,affibody_binder
AECVPALHVHHSVRAYEAIH,1,affibody_binder
TAMTKVVRETGWFCKCNY,0,affibody_decoy
FLPNNCWIAPPAGPMVWVT,0,affibody_decoy
CCDKEPGPCRFIVENDPS,0,affibody_decoy
CFIDMLCPPGVFKRWVCFSG,0,affibody_decoy
DFIRIIYYIDNWGPY,0,affibody_decoy
WWMVHQQTNMYQWRHQVCNN,0,affibody_decoy
MPYHEQGETAEFH,0,affibody_decoy
QRDFMHLDTAFGL,0,affibody_decoy
KELVRNRVVFWMNWNG,1,affibody_binder
CNIVMAPCGVTYNA,1,affibody_binder
TYICLHGVTAAYHWR,0,affibody_decoy
RQLTMDPKYGHVERWP,1,affibody_binder
MMYGKLVFQRGEV,1,affibody_binder
TGREMNDTFNWQMTAFQ,1,affibody_binder
QITTFFLGHIGRCSGHVFE,1,affibody_binder
STPWGHLRNKTQEAAQPMCN,0,affibody_decoy
RWPHKVHKLHAYRHI,0,affibody_decoy
CAADAPGTWERAAEPANCK,0,affibody_decoy
GWNKMSDKRIDGIEC,1,affibody_binder
CQEYSTIGTDDRMRSHQV,0,affibody_decoy
IEAACRSIPQPIHTYGMFGT,0,affibody_decoy
HWKWCPCIQPHDRYCT,1,affibody_binder
LSICVHETGKIFQIVR,0,affibody_decoy
LPTAVKFPLTRNRHS,1,affibody_binder
RQLLMYCWFGRMGE,0,affibody_decoy
HVLLIKYFTPFETPRYMDMF,0,affibody_decoy
GWSGGFSWDIVQNVIQWYMR,0,affibody_decoy
DQHVELHGGRGPDLQ,1,affibody_binder
TMGSSPFICMQDT,0,affibody_decoy
WWRGNYIQCPDMFATKRVMS,1,affibody_binder
MSWYYIRVQTTTMCGIKYM,0,affibody_decoy
HTCGHEGMMREGLKPLQKWN,1,affibody_binder
SFWMGGHDTVLRTHVGL,1,affibody_binder
QCWKPGYFKHVPSPQ,0,affibody_decoy
SVIHLFQKEDCRPE,0,affibody_decoy
SHNFPYWRHCRYT,0,affibody_decoy
CSGWTWSMDFFQCLY,0,affibody_decoy
AARALFEDRWATWHYAFVR,1,affibody_binder
MMQGRLHGRQQFR,1,affibody_binder
CEILRPNRMLGHIIGLNKMW,0,affibody_decoy
ARFTISKRIGVRE,0,affibody_decoy
VGQMVWEGMHSAALQYEND,1,affibody_binder
IWVGAWTKTAQISTPNSQG,1,affibody_binder
GHHGSGSQASVLVY,1,affibody_binder
TIDMPESPGVLMQH,1,affibody_binder
FNRFHCAWIFLEQYWLN,0,affibody_decoy
SRFLAMLTLMNNACP,1,affibody_binder
MANYWCDRQRVSW,1,affibody_binder
FFQYVPIDNYTQKWENPI,0,affibody_decoy
PMGPNKATFENTNGPCGV,0,affibody_decoy
MNWGKLCMKSIGVPRYNRLE,0,affibody_decoy
FDGSKPFYQHQGYHNA,0,affibody_decoy
FGSSNPSWPLDWNGIP,1,affibody_binder
FTPASKVVDMEEMMILLYR,0,affibody_decoy
YMNGRMHKMKAIWIL,0,affibody_decoy
LLMCQQVFHNKYHPNNDL,1,affibody_binder
RWWRLCSMHTPSAEL,0,affibody_decoy
YSQMNHLTDMNMPETVKTD,1,affibody_binder
ENMHFMYHCHWYWMS,0,affibody_decoy
EVSNGEDYNLDVLTGNVG,0,affibody_decoy
WLMFLHFPEDITR,0,affibody_decoy
LLTGWSAWYILQTPSEH,0,affibody_decoy
CNKMKHDNGCNVNSY,0,affibody_decoy
CWSGDLQMFWTFSYC,1,affibody_binder
VDTEHDSDAMLDRDALRT,1,affibody_binder
DFWQYCIWYETQQC,1,affibody_binder
ANRPDWILYISNMRW,1,affibody_binder
EGFYFQESIRLDPMKSAD,1,affibody_binder
PDLSHKCRQAQESIQAYHSP,1,affibody_binder
NVLIRHWLQDYGNVDIVKA,0,affibody_decoy
QGWIYHFQMFYTATMEN,0,affibody_decoy
HNWRTPIMFTGYMGVE,1,affibody_binder
FEIDPWVHNVIVPTN,0,affibody_decoy
RSMFFFFIVLRKENKWW,1,affibody_binder
DIQIVWYLLLGMTPPD,1,affibody_binder
LWAPSHIQDVIETIGLPWDW,0,affibody_decoy
SFRTVAPRLIPFWCT,1,affibody_binder
MPDNPFCWRSKRLEQEPPV,0,affibody_decoy
DKHTGHMIDILCMVC,1,affibody_binder
MLSIDVAGPRKWQ,0,affibody_decoy
AFNDHAYVFTCFYPHR,0,affibody_decoy
MNYASTIFKVPQCRKPLKT,0,affibody_decoy
KPPFACGMTYWIPMLNGLII,0,affibody_decoy
ILEGNRIKNLHIMLNC,1,affibody_binder
VLKILQHVGYVPYQDM,0,affibody_decoy
KIYYISKKDWRPALH,0,affibody_decoy
FWYMQQAAKCQKT,1,affibody_binder
TFVTFKLYLYIFVDAT,1,affibody_binder
TEAREREVCVQWNWYK,0,affibody_decoy
DIQMCTNVCFMGWCMM,1,affibody_binder
DILNNMPWMDCQNISQAVC,0,affibody_decoy
NYHTKADHLLDWVNDFL,0,affibody_decoy
PAPPLQTGAEPSAQCCRTF,0,affibody_decoy
KNLNWIIKGADGWS,0,affibody_decoy
QKMIVYPRRQVPDK,0,affibody_decoy
SHHCHLVQTSWFTPGLKYD,1,affibody_binder
WCDAMYVRFACPQFSYM,0,affibody_decoy
HVDYDFTLHGETAF,0,affibody_decoy
QNEHWVQWHLDISTD,0,affibody_decoy
PLYQLADVITTLWYVFIMSW,1,affibody_binder
THAQMTEDRMQDIS,1,affibody_binder
ECKNDSSIDSHPGMVQ,0,affibody_decoy
NCDQSFPSTKCHLTVWMD,1,affibody_binder
IRSHENLQTQLTETR,1,affibody_binder
MHAHVAMCWMDCGDM,1,affibody_binder
VYALLQPMFLNAYQQ,1,affibody_binder
MMCCIKNEFKFYMAHYVT,0,affibody_decoy
ALQLPTLCLICCGYNESL,0,affibody_decoy
RETQLHDTMEHNTYMH,1,affibody_binder
MKDRVHPTMSATDTTEYFES,1,affibody_binder
YSPGYYSNSCDFKDLVT,0,affibody_decoy
AKHWVYGMNWNQTAKTRL,0,affibody_decoy
TPVAVAKLRPPPIT,0,affibody_decoy
CACHEYVMIFYFTKMNKM,1,affibody_binder
CIYAQGMCDHGPLAA,0,affibody_decoy
RCCGRYNTKSDPNLH,0,affibody_decoy
PCLCRSPRMITHVEIHVPE,1,affibody_binder
KEKADELYCVAMVWV,1,affibody_binder
FEAAQTAHRNQYDAK,1,affibody_binder
TDYDEQKWQFRQITEQYY,0,affibody_decoy
MKWPAVDPNEFYTS,1,affibody_binder
FCFQSHEVRHLAPMRY,0,affibody_decoy
PDAYTTMNHMSNWKL,0,affibody_decoy
DPNAKDCNQKQCCDMHE,1,affibody_binder
GRYEPEQDGGITWRTR,0,affibody_decoy
YYVDVFKGNMLFNVNSKGL,0,affibody_decoy
DCPSESLHFRDIQK,1,affibody_binder
DTCLRCVDKMCYSV,0,affibody_decoy
REIPETKWIHVKMWFYF,1,affibody_binder
WYPYLCDQYAVMGT,1,affibody_binder
WMTELTDCETIVSFVLWQVR,1,affibody_binder
PREFHMKCQCMWNS,1,affibody_binder
NKVPMQLHMISEVV,1,affibody_binder
CTSCWWSYWVAGMARPRL,1,affibody_binder
TKHKGNCNRQYCAAALSA,0,affibody_decoy
HRWRWGWCWVYGGD,1,affibody_binder
EFAVLKYPVLMGGSDIWF,0,affibody_decoy
KCTIKKCVMGNWIASV,1,affibody_binder
HHHKKPWEPMSWFRFISID,0,affibody_decoy
KYKNESIHLYKFP,1,affibody_binder
SAPEHYIDIESMSHGGETRF,0,affibody_decoy
HEPVYYMLEAPNIGILK,1,affibody_binder
KLTEYDQLAEDSM,0,affibody_decoy
YVECTAPREKANFFRKQTQD,0,affibody_decoy
IAGPWHVMVLIPDNFKTEK,0,affibody_decoy
MDLGMIDIHGNTPGCHTKV,0,affibody_decoy
VPSRSKPRDKQATAGWS,0,affibody_decoy
YRYIEWRADSGNDCL,1,affibody_binder
HTSAFPHRKMHDKTTHH,1,affibody_binder
RKRDVAIGMCRDLEAT,0,affibody_decoy
TWQHEVWHWSMASNPH,1,affibody_binder
KYNPSYTPPGIPTHPTV,0,affibody_decoy
QQQITWSWGTSCCEKP,0,affibody_decoy
PIPECYPDSGTRITQRPAF,0,affibody_decoy
FFFQTDADINTNNP,1,affibody_binder
MKKTVCGPFMGNS,0,affibody_decoy
PCKTAMAAHASPQ,1,affibody_binder
AVADHMRHDMSHKCWQ,1,affibody_binder
WVTHHGLPKTGDFLFWNTNG,0,affibody_decoy
GKSMGVINFIWLHL,0,affibody_decoy
AHMSRSCMAVWKNMM,1,affibody_binder
WAPWVTVLMHHQASAQMFMQ,1,affibody_binder
ENALRHLAVDWDPCQIV,1,affibody_binder
FYKQTEYYDEQRITQDWQ,1,affibody_binder
NRGNIMYQQEYMWAF,1,affibody_binder
DSMMMWHCAPRVSD,0,affibody_decoy
EGSWYEMYVMENEWHPFKF,1,affibody_binder
WDKVPPMCQPVQDAPHR,1,affibody_binder
VVGGTESMHGLLQ,1,affibody_binder
LSNNDRTNMESIKI,0,affibody_decoy
YPYVDPLKWWRWTQQPILKS,1,affibody_binder
WQYRWKCPFGWGDNCL,0,affibody_decoy
IFSFGIKCHSANWE,0,affibody_decoy
YCFHITVWQFRKWKKCNRV,0,affibody_decoy
YAPVMDDKMCMSDVDAQ,0,affibody_decoy
TDANPCWKRAGFCTCENG,1,affibody_binder
APIDLCSDRLWLGMDG,0,affibody_decoy
ANMRCNRQHNCGAQISTS,0,affibody_decoy
PHYSFTSHCQLPAQYFGE,0,affibody_decoy
KRPLDCMFRQMARLRYCQCT,0,affibody_decoy
IMKGFYHVDIRHWTRPPH,1,affibody_binder
FCDMPQLDSVSHFKP,1,affibody_binder
NVGKDSKSLCSVMYLG,0,affibody_decoy
PQHIDAFPPKYHDRK,0,affibody_decoy
YKEATVVRCMCNTTFKGW,1,affibody_binder
YCKIPDVSSLHSER,1,affibody_binder
WQHQATPTAMCLRDGT,0,affibody_decoy
KIATQDTYREARNYFQ,1,affibody_binder
FIKPHAAGFIEMMCGGHL,0,affibody_decoy
RFYHFSHMQFNTQVGCCFFS,0,affibody_decoy
QEVTYDHHKGYKER,0,affibody_decoy
VSQEMCPPKPWLYHW,0,affibody_decoy
SHVVWPRTPQGQPWMP,1,affibody_binder
NQDACNLWFRYDRMHSHVYA,0,affibody_decoy
EECWHRNESLPSKAD,1,affibody_binder
VYYCFTNNVSFMIPQMPN,1,affibody_binder
YWQTWHMCWRCYF,1,affibody_binder
FFIMLPAPYTGRP,0,affibody_decoy
SMYCPKDRHKFRTMHLV,0,affibody_decoy
CIRTMNPLCSMFKQN,1,affibody_binder
DCIAMIHGDKDRKE,0,affibody_decoy
ENNHKGKQLGSMHSTRQ,1,affibody_binder
GPANSIYRTMHQMCR,1,affibody_binder
RVPPEMKVPLGNRF,0,affibody_decoy
CQEQFNCTYDKCLK,1,affibody_binder
KRYQPFTQLWHGELN,0,affibody_decoy
ACCQLCHVQGMDVI,0,affibody_decoy
DQDCKPMEPKVCFRL,0,affibody_decoy
YWIGAEVPLGPFYHAD,1,affibody_binder
VLIHCQSRFIKETVGI,1,affibody_binder
PCDRWFGWSAGVIFQKQ,0,affibody_decoy
SSWFKTNNMERYY,1,affibody_binder
PEFTDIDDHHLYGEKSCT,1,affibody_binder
VRKLSGAMVDSHYTDF,0,affibody_decoy
FGYSDGYWKQMPFFQV,1,affibody_binder
GCSWEFLLFLLHWYNLN,1,affibody_binder
RDAAKMDGKIRCHSSFYSE,1,affibody_binder
YGHNPKLGLLWPCD,0,affibody_decoy
WCYEHPTQEMHYSQA,0,affibody_decoy
LHLQETHLQFFAVMMVSRGF,0,affibody_decoy
WKWQYSGGQMTWA,1,affibody_binder
EKIKQMWDAQVQRKWNLR,1,affibody_binder
HNHGNGAEEQEKI,1,affibody_binder
SIRPSYTHSCMILDLM,0,affibody_decoy
VSIAIYQMCDPIQ,1,affibody_binder
GAFPAQDPWDIQCRYD,0,affibody_decoy
KELEGANTQTIEWQCRAD,1,affibody_binder
YYMFDFWWISKWVWMN,0,affibody_decoy
MWVSSLLTEDDPWY,1,affibody_binder
WNEFNHQNPHRNEG,0,affibody_decoy
VKSWGHMGDTSFCCYCKFM,0,affibody_decoy
FFDYESCHLYCAHKN,0,affibody_decoy
NGAHKVDQRWWCSYSPNY,0,affibody_decoy
ECYCHWDKWHLWQLV,1,affibody_binder
LVDNMFMMIKQLPFLCKSP,0,affibody_decoy
TVSHWCIWIQRLLCPC,0,affibody_decoy
FTWRTRIRHELAKGCWYK,1,affibody_binder
EWWLLDFKMNLQNCH,1,affibody_binder
SGKHNFMEDRYPSAPTCQV,1,affibody_binder
CQWMHSIVGYWAPCAFLRNC,0,affibody_decoy
NFCAIFSKPECTLK,0,affibody_decoy
RTDGNWIQKVECQCLYPMIC,1,affibody_binder
NKDRHEETKEEWMW,1,affibody_binder
YQWGYPNIEFCDRRY,0,affibody_decoy
GLILTEMYIAWNVLMM,0,affibody_decoy
CNLMCIWWDWRGFHGAIEQM,0,affibody_decoy
RPATAYKHWDVVHQSVWQK,1,affibody_binder
FQMRYCFFWDRVC,0,affibody_decoy
DETDAHIMFHKECAH,1,affibody_binder
VYHNGTQCHGFHTTFM,0,affibody_decoy
MNMPWRMEIYIAVDTWHYA,1,affibody_binder
FDNHCYFPHAYFARVT,1,affibody_binder
FNYMYHMKEEWSWGVEFEP,0,affibody_decoy
PWYQDRHQWRDGMD,0,affibody_decoy
FAVEDQRCNHCLESGDG,1,affibody_binder
NYNRKNVVYNGEMLK,0,affibody_decoy
AFHGEDQNSSCCRING,0,affibody_decoy
FKCWRSAPSIYNMKIQRQ,1,affibody_binder
TCIAPDRWSEVTERASS,0,affibody_decoy
FTFYPSILSIPQPVYNKGV,0,affibody_decoy
YKVNPMFVIDELKII,0,affibody_decoy
KSLSACCHMLRCPGAT,1,affibody_binder
DYAVWTSRLVAFWIGDNQMG,1,affibody_binder
ENLGIYSEMYMDEQ,1,affibody_binder
QMPFVFMIWGDKV,0,affibody_decoy
FHHTAPSNQHFNKYYWVF,0,affibody_decoy
QRSMSQYTYREVEMDPN,0,affibody_decoy
VIQDVRHMKTKHPQPCHGP,0,affibody_decoy
AMPAPLWTSKKFKYLCCI,0,affibody_decoy
CMQERENQESDTCPCFWI,1,affibody_binder
QDMSSDVEWTNCMSISL,0,affibody_decoy
LTKSKMTICIARFCGEA,1,affibody_binder
MGVSCLIFWHMGAH,1,affibody_binder
NWVITPPNVEDVHIF,1,affibody_binder
WNNIDFWSRIIFMEYTG,0,affibody_decoy
LHEEDLALWKDATRYH,0,affibody_decoy
HLAHWDHREYYLM,1,affibody_binder
FSYFVQHYHFNHAKTWNP,1,affibody_binder
FPLPCWMMFKGQAVYKQI,0,affibody_decoy
HVETLTCELCSLRRW,0,affibody_decoy
DAWLNKYWCYSLS,0,affibody_decoy
YITSMKWQGYMMGCVLRK,1,affibody_binder
KVAMCPEYINQMG,0,affibody_decoy
YRWGHSLGMAETDIPANIA,0,affibody_decoy
TQPFILQKMMEPGS,1,affibody_binder
HQTILHRQEWGNEIHKNM,1,affibody_binder
QEFYHHPSHGGTKYAHTTGS,0,affibody_decoy
NFNECCAPQTRFDPKFVFH,1,affibody_binder
KANDAQWCQYLKVQ,0,affibody_decoy
CGASRKMSKKNSMKNYVIYS,0,affibody_decoy
SHLYIVFQAKNIN,1,affibody_binder
KNVMQMKTKYSLHDII,1,affibody_binder
PMTYEYMLMLAWIQDNDE,1,affibody_binder
MPETTGKKQDHEYP,0,affibody_decoy
CPHFQNCRMQCLT,0,affibody_decoy
HAVLHRPMGPFDYNLYFFLE,1,affibody_binder
PVQDRSYVNCTSGIEWL,0,affibody_decoy
LDIGGGMITGEPVQA,1,affibody_binder
DSHFHVVERKFGMTYEDN,1,affibody_binder
EAMRADEISWEWHMRDGELV,0,affibody_decoy
NPNYIIAKEQWNPADEMAFM,0,affibody_decoy
YGQELLFNWIWCDPYEC,1,affibody_binder
CPELYKLTNGFWIRLGCYRL,0,affibody_decoy
NLEYTVTLDFQIL,0,affibody_decoy
IGNRMKYPFDEICKR,0,affibody_decoy
APCYKLASHATQMETDNAQT,0,affibody_decoy
TVNMVGDDPFWIHCCKTRRN,0,affibody_decoy
HWGVVSELKYMLEAYPAMNP,1,affibody_binder
EVRREAFVKGKFID,0,affibody_decoy
IPIATAPFSGRYKGHC,1,affibody_binder
DAHLLYRHHMEYW,0,affibody_decoy
LPWMHTNHIFIFAANV,0,affibody_decoy
QEQRFTAKGNYVSD,1,affibody_binder
ILCCDQSADIIPPI,1,affibody_binder
SCTMIVLDPVWLIRLSV,1,affibody_binder
PRYSWAPAECYMC,1,affibody_binder
QVKQINVWDPPENECCMID,0,affibody_decoy
QWWQWDPDSYCYFGFV,1,affibody_binder
RASEIEAHNIYKTFKV,1,affibody_binder
HSNSYNMVVPEIRFPY,0,affibody_decoy
NIHMVIEMNYNEAIWQ,0,affibody_decoy
MTGTQRWQTSFPVFAYHE,0,affibody_decoy
WKYNLVCRNTQFDIY,1,affibody_binder
TRFHWCPHVAEIPLEHKHA,0,affibody_decoy
LMPRFLEQLPLFTYV,1,affibody_binder
LYKMAHCFVTFNCDHDRF,0,affibody_decoy
MGMTVPEVGSFPDSVPYMW,1,affibody_binder
SRQMTQSFQCKAERH,1,affibody_binder
PVASVEARWVGWAT,0,affibody_decoy
FPGFCQIQYETKDEHQ,1,affibody_binder
HMKCPSGQWTPVRGNK,1,affibody_binder
NDDYLHKPINDICATN,0,affibody_decoy
DYEDKSHQLNHSTM,1,affibody_binder
FGGDQAQFVMSPTFIMFE,0,affibody_decoy
SMPVFLERKDLRAEFWNL,1,affibody_binder
WHDPQFSRMNGKM,1,affibody_binder
EMTHTCMHQRRTMITKHH,1,affibody_binder
HETHGVGEVKVECENV,0,affibody_decoy
QVWLEHLAGSMAR,1,affibody_binder
TEVVANLQDNNKQ,0,affibody_decoy
NESVAGKMSAWCCKEWQ,1,affibody_binder
RTFEFNCWVTIPKTYP,1,affibody_binder
EDHPVRCCYFWSHT,1,affibody_binder
EYQTFRTCQLRSDN,1,affibody_binder
GWPKWNLKEALNDG,0,affibody_decoy
NVVKEWCLGNISFANEY,1,affibody_binder
FRGWNEYPLLLIEQFWIQS,0,affibody_decoy
WRIFHFAYKKINYCLQWN,1,affibody_binder
MLCIYGKCGTSFCE,0,affibody_decoy
EIDFNCFWFLIWGCF,1,affibody_binder
FMAMHVHDDNPEDRNC,1,affibody_binder
LKSEHFDDIPNGM,0,affibody_decoy
PRSWCFIFWSQYER,1,affibody_binder
IQSRKFKWVKQDPWF,0,affibody_decoy
VYPEHIEHAGFLYT,0,affibody_decoy
GMGTIPCIASHNEPTYE,1,affibody_binder
NVCEWRTNIKPKP,0,affibody_decoy
TFSGADYVQLDVTL,0,affibody_decoy
HIMNPGYVDWKPRWADH,1,affibody_binder
MAMETNEGTLCAWN,0,affibody_decoy
NDLMHWRTKSLGVSWF,1,affibody_binder
DLKKNDLPYTDLWT,1,affibody_binder
LQDEEKHETHKQIKFG,0,affibody_decoy
FWMNQFCRRYFWFGCTKLCM,0,affibody_decoy
FAGNPSPFHHWAQK,1,affibody_binder
KKWAPTFEHSTYPEGAK,0,affibody_decoy
PCLIYMGLLYWAERKLADG,0,affibody_decoy
YIQAIPDMCSQIV,0,affibody_decoy
AMVEVQSGHMDNLS,0,affibody_decoy
RITKAVHLNGEDDPNCMT,0,affibody_decoy
HNFFHTASFNNDP,0,affibody_decoy
RKPSPKVSDGSQARTAW,1,affibody_binder
RRYKEMFYMTCPSNCDYC,1,affibody_binder
HAPPQMICVETSHEECM,1,affibody_binder
VLTKTCQHDPITVWVDI,1,affibody_binder
IPNYMTVYSYFGEEYSMVHV,0,affibody_decoy
RGIRHRQFHDIFK,1,affibody_binder
DWTISFWQTPIWP,1,affibody_binder
ATIIWDDALYGCCGER,0,affibody_decoy
RFYSGTDRATKNNVK,1,affibody_binder
HALIECAKTNFQAFLCI,1,affibody_binder
FKEGTANIADGEDS,1,affibody_binder
QGSMPAVNYLKEF,0,affibody_decoy
VTNLDDDKYVLQVCKAWVR,1,affibody_binder
GSDYMTRKRVSSEDICP,1,affibody_binder
EPRIGYTFANRYS,0,affibody_decoy
SPDQKVHQHDKITQYAI,1,affibody_binder
SCPPMPPITSFNFL,1,affibody_binder
LSIVMPFDSSAFRWS,1,affibody_binder
YFHFPRCDEQPYNMDMQTLM,1,affibody_binder
HHANVCFCKVVYKRDTLH,0,affibody_decoy
DFMCQTGMSSTIP,1,affibody_binder
FFMTFIIQGVAETVFNVAS,1,affibody_binder
EGRVTMQKAGLWCHFHYP,1,affibody_binder
SNWFGDSYQSKNTAVH,1,affibody_binder
LFSKEHRVPQCEID,1,affibody_binder
WAMLPGVRQKSID,1,affibody_binder
NDHMPNCEDQDQCKCAK,0,affibody_decoy
KHQRWPDAWEVNDNPNPF,1,affibody_binder
NPCVFPGPNTKNTGAEGM,1,affibody_binder
QRKKPFNATPFRHITEILP,1,affibody_binder
QSCGVIITRPVPGTDFVWL,1,affibody_binder
LSLQMHTGDDVFIWFS,0,affibody_decoy
RRGPTGHDYGKTKSPRWNSA,0,affibody_decoy
MFDLIPLEHAFMRNRVNDDR,1,affibody_binder
TRIRIDWAGTDLFIEY,1,affibody_binder
PFLCVCPRIEDVWMMWEACN,1,affibody_binder
EAVQLWEQWCLLIK,0,affibody_decoy
CIVHWKSDCDWECSLTKMIY,0,affibody_decoy
PWQDQHSETQDVLC,0,affibody_decoy
FNNQDMRECQPQQLFKIP,0,affibody_decoy
IGITWLDVMHKAA,1,affibody_binder
CFILDAAVAAQKWHLVLE,1,affibody_binder
HHEWPPWLNWAALAI,0,affibody_decoy
AICDGNCTHPYTKNHCTRFP,0,affibody_decoy
TNVNKFLQIDEYFK,1,affibody_binder
YSIRLLTWPSTLEVQQS,1,affibody_binder
EPVLECTQGWKYM,0,affibody_decoy
QQLKDPFPSTYRPIDYD,0,affibody_decoy
GPVAKRFYLVWIK,0,affibody_decoy
EDKDTVVWIPLKWL,0,affibody_decoy
RWTDNFWEYANSPFRCN,1,affibody_binder
KHHETCAVHFVDWHGWI,1,affibody_binder
WNWPASWITMMLVMT,1,affibody_binder
DVMVPLELNSFHP,1,affibody_binder
WKVLFTLILALHFHINKNH,1,affibody_binder
NVFYATDYLAMWFSGF,1,affibody_binder
PMTGCMDSSLYSNPTV,0,affibody_decoy
ECVLPDGDVQFNCT,0,affibody_decoy
MTGLQKKARNYNYI,0,affibody_decoy
CGVDPFPRPCCKQ,1,affibody_binder
WHWMGPINYEQYI,0,affibody_decoy
GHWPDTHWMLGIWY,1,affibody_binder
MPAIWWAWDRETCSWRVEK,1,affibody_binder
KNDRRWMAYVMYPLQRMIF,0,affibody_decoy
QIGKQAYFPWLVKMPCMF,1,affibody_binder
QCPSQGIKASYDVCLYLHMD,0,affibody_decoy
DAEAEWNFSHDCHQ,1,affibody_binder
PEPCRGYQACTRY,0,affibody_decoy
HWFKQPHATNIMASTI,1,affibody_binder
CVKNDSHRAARDFSESASQ,0,affibody_decoy
QYKDEGHYHEVRTK,1,affibody_binder
VHDLIYHTIYVGHP,1,affibody_binder
CKDQRGWPCFLNAKIRTVGV,1,affibody_binder
AECCGWECMLFIHGY,0,affibody_decoy
QWWMTMMLYGMTNHVPA,0,affibody_decoy
LELLGYWGTSHFMKDQ,0,affibody_decoy
MTQTWEMTPIFLEFYPSGMV,0,affibody_decoy
HGVEDRSPQGISAWF,1,affibody_binder
DSMVFISSTLVEGCG,1,affibody_binder
IYMNYWPPVRTTSVVTF,1,affibody_binder
HNVVIVENAPRASDLH,1,affibody_binder
VPFFLDHPSWQQPPPHQG,0,affibody_decoy
IKCWHRDESKFCERDMAAFQ,1,affibody_binder
KPNCIGVLEVRGPMIMLYY,0,affibody_decoy
ALCQHDSAKHIIAHNI,0,affibody_decoy
WDRKVRWCHFCQGEI,1,affibody_binder
MQICNRYYAIDFIYNKYCR,1,affibody_binder
DMRCMMRMIAPYVNVICI,0,affibody_decoy
KCLHGCCFTRHLKAVLN,1,affibody_binder
CFNTIPDCWFMHSPPS,0,affibody_decoy
QQACLVTLDCHSISWNWR,1,affibody_binder
FMCFLCKVFALGDFPV,0,affibody_decoy
GTRYVGHANVKTMMYDTF,1,affibody_binder
CHLNEHPILFQDEYALCVTF,0,affibody_decoy
SYFTRQWDYNVPQ,0,affibody_decoy
FDVYLMRQQFEAEN,1,affibody_binder
WTSRAPMETDQKRN,0,affibody_decoy
IMIDQRTVYRVSHENP,0,affibody_decoy
PFCEYRHSYFYCVAF,0,affibody_decoy
WHEDGWLCSSNMGEQT,0,affibody_decoy
FVSDTSCMLNYSSKCGT,1,affibody_binder
EMLMEMCKDKPEN,0,affibody_decoy
NNWFFQAKQYEESWLNNG,0,affibody_decoy
DMKCTSHYLISCVMVKA,0,affibody_decoy
FKCEQKYITELNI,0,affibody_decoy
WMHMMKAASVFDFEFFQ,1,affibody_binder
MWIDEKSPPTDCVM,1,affibody_binder
YEACVSARIEWYGEFRTRGP,1,affibody_binder
DIWRMNYPVAWKHDGHP,0,affibody_decoy
TDQIFRYKWQTMFPMSTAMW,1,affibody_binder
HMRGIECPKTNTHIA,1,affibody_binder
EMVTVHWDLQLCQVTWEDE,0,affibody_decoy
WHQCALVLFIAEALDVKA,0,affibody_decoy
TRRWVSVRTTYFVAW,0,affibody_decoy
EGKSAESSMYRQL,1,affibody_binder
QGFPTLYKPRSGNSIML,0,affibody_decoy
EVIKWQCPDLMGWSLSGV,1,affibody_binder
CDCVPLFYCNEVVT,0,affibody_decoy
ALRFPKTNMFLHPDFFRM,1,affibody_binder
RSMSMQVLMKNDYAIHD,0,affibody_decoy
DWPYQYFIGLTIV,0,affibody_decoy
APTDGKFHDYPGYRTATTQ,1,affibody_binder
CDIHAKDDNPNLYNTI,1,affibody_binder
CQTTQAGADKFFFC,1,affibody_binder
HGKKWLWMHMWSWDY,0,affibody_decoy
KQHRQFRIGYKYRPPAMSAY,1,affibody_binder
HVHYRWSCEPTFDC,0,affibody_decoy
MLITFTMGFMAINISN,0,affibody_decoy
AFEIAHNLLEGWH,1,affibody_binder
WMNMHIIRDSLSRMPLH,1,affibody_binder
MVKFSYSTRGDVLADH,1,affibody_binder
NLLRIFFQGPPLINPSRYE,1,affibody_binder
FCQNLSNMIRMKCTP,0,affibody_decoy
SVKSMNNASHYPNC,1,affibody_binder
IRMWQYTMCNESNAFQITHW,1,affibody_binder
AELYYIRGWAWHHGHVRA,1,affibody_binder
LALDVMEEFLNFRWSRKP,0,affibody_decoy
YRIDKIVENVYVTDDMGLTN,1,affibody_binder
RKGFDEGRVFQGS,1,affibody_binder
MAQNVCFPCHFYY,0,affibody_decoy
FADSRREIHPAFEYWMPF,0,affibody_decoy
FDPQLMHSEQTQYWG,0,affibody_decoy
HMYIQMCKEGICVPC,0,affibody_decoy
LYDQADVPHWSWKRSPP,1,affibody_binder
MMDAEGHLHPVMCEFDG,1,affibody_binder
AYPLEHVVLWEWNVEH,0,affibody_decoy
KDNSEYYMMPAQCL,1,affibody_binder
TEEDAAPCRCAPAKANGAW,1,affibody_binder
YPPYPFWPDNDKYE,1,affibody_binder
LLYLKITGAYADY,1,affibody_binder
WTRWGHTAEDGYQNKSWP,0,affibody_decoy
FRPNWLQASLYSPHCNMP,1,affibody_binder
NGVLRWWAYTKRKH,1,affibody_binder
GNYILVVQPCHQP,0,affibody_decoy
WDCWTEGWNQQQQNLPPV,0,affibody_decoy
SNKWMLKWNTQRVMTW,0,affibody_decoy
IMRADYIRAGAIDKT,0,affibody_decoy
TYISLSQFYYKQDG,1,affibody_binder
FAKEERIIVATSHKNY,0,affibody_decoy
FKYQVSLKWCELGIVLGHR,0,affibody_decoy
GMGYAPPHKLNYKE,1,affibody_binder
PGSAFWSREVIQDHG,0,affibody_decoy
DRCFYGQEIKKFCKAGSDQY,0,affibody_decoy
DFMVYHPKIKHIFHH,0,affibody_decoy
FVNLNAGWSPQLIFLP,1,affibody_binder
EQFKKLYCYAKRYCAP,1,affibody_binder
YFVPKIGWTPQVKVIH,0,affibody_decoy
YMLFNGSVCCHCWNTCYFYR,0,affibody_decoy
FSNCALTPNTHDLDQE,1,affibody_binder
QTFAHFISISFNLHVALTTD,1,affibody_binder
KDHVLTLCHEESCS,1,affibody_binder
IFCTSCINRKDPTRNV,0,affibody_decoy
QSDWKLMSCNEKI,1,affibody_binder
MGNRRKGCSDMPL,0,affibody_decoy
DCAYGWVYTAVQQN,0,affibody_decoy
QRDGSIHQPTFKLL,0,affibody_decoy
CVGPKWEARENITRHLTL,0,affibody_decoy
IWGCMYCHICIERYIVGET,0,affibody_decoy
MPPGNAYYHGLKKE,0,affibody_decoy
KPAEMGVNWQLELNE,0,affibody_decoy
YVGIEWICICHIYRCMEGT,1,affibody_binder
GMMYPGTSGMPVCIGNEY,0,affibody_decoy
PSLPGLYAFYCSFFQCK,0,affibody_decoy
TKWCERGAGVLYP,1,affibody_binder
VDTQYCKSYTGQSDMCA,0,affibody_decoy
WRVNVGFNRNVLWMEK,0,affibody_decoy
SIFQNREPHANRETQLC,1,affibody_binder
VIKEAYLWHRSTKFGIK,1,affibody_binder
LKGDNCCHGNDYCKQKVLFE,1,affibody_binder
HMQGFFCEGQYWDAMF,0,affibody_decoy
VLNCKRNLQSDSHPCAERP,0,affibody_decoy
EHQTDYLPAFPIIYPLNPCT,0,affibody_decoy
AYKDYANEQCWVLKAPAYC,0,affibody_decoy
YHSWTYILCEFSGK,0,affibody_decoy
PFRYRSQWTENCSYF,0,affibody_decoy
YIEVEDALTHCFLPCNQLFH,1,affibody_binder
YLKPTTSFHTGMAHGCHQ,1,affibody_binder
ELYHAQEEASFAVQCALEEV,1,affibody_binder
YAKECTIVDFWVFRQKCE,1,affibody_binder
QKQMHSCSHDQLSMY,1,affibody_binder
SHVWRSRGQKFID,1,affibody_binder
TQEMMKLCAISCNDLR,0,affibody_decoy
RNYTGHWLAWVKRK,0,affibody_decoy
ASKEDPMWDGQHTLGL,1,affibody_binder
HQSLKYDSCHMMSQQ,0,affibody_decoy
KQNHHMITYMISY,1,affibody_binder
CVWMAKIKMCNMFKGDN,1,affibody_binder
SCWGAWVVQLCCPYK,1,affibody_binder
FFPLRTLHMEWID,1,affibody_binder
INTLHFLQSSNCVCFHG,1,affibody_binder
PGHDHAAQSGSHASMLPTI,0,affibody_decoy
HRYQSVTGLKDHR,1,affibody_binder
GHWKSCMMFCKYGFSTDVC,1,affibody_binder
VTQPLMIACCELSPASCRR,0,affibody_decoy
GLSYQNMLMRSYMMLQVF,1,affibody_binder
DNLWSKCASWYLY,1,affibody_binder
SWWAFPWWLILYKQ,1,affibody_binder
SHMEYWTMRCQKWCAPTPK,0,affibody_decoy
YLPQGMWIAELCHNLANNSL,1,affibody_binder
IQICEYHFPMPTRVVNNW,0,affibody_decoy
SIEMPIATWKADG,1,affibody_binder
RAKWEYNTNAPMI,0,affibody_decoy
HENAEGIAHFWLL,0,affibody_decoy
KAWQYGQQDELFSQEVQAWL,0,affibody_decoy
PICNCIDRWDRYMDDC,0,affibody_decoy
CALYDDAQNRRYHHMSVNWF,1,affibody_binder
SCLENFGMVQNAQQTGIYQE,1,affibody_binder
VQQNDHEQVKEGDPNWRTR,0,affibody_decoy
KVEWQYTAEVCWENRR,1,affibody_binder
TSVEVHPDVQAPFTHMDY,0,affibody_decoy
VQPHDQCYRWAISKMFGP,0,affibody_decoy
NDRQWPNCTPKEMDVIC,1,affibody_binder
FVWCKTSRIWAKEME,1,affibody_binder
EMCHTDPIRFLDLP,1,affibody_binder
SNWMKGLLGIIHFV,1,affibody_binder
EIEWIQNAPYCPTKRMFLS,1,affibody_binder
NVFVTNNSFVIYETFDDNH,0,affibody_decoy
EQNQCWSMMSDYSR,0,affibody_decoy
DTWCPINMGFDCVHA,0,affibody_decoy
MQIFQDQIHPPGWWPPS,1,affibody_binder
RHYWRGYRQQRDGI,1,affibody_binder
WQPPQLDPHGQFPFSPVH,1,affibody_binder
KRLYEICDKECDDIP,1,affibody_binder
QQQWAMGYSTFCIMVCY,1,affibody_binder
DSKLFEFIQPHVAV,0,affibody_decoy
VVARSCIYWEQMIWK,1,affibody_binder
NKARCWYDCEIDITYWM,0,affibody_decoy
KRNATEMWYAPNI,1,affibody_binder
MKMLMVYAQFLMHTIKSVC,0,affibody_decoy
VEPVVRNPLGQYWAD,0,affibody_decoy
QDVFIFCDSMMPCPYMWMQT,0,affibody_decoy
DCPDPWWNPLDKEGS,1,affibody_binder
CTFPTFSWDLKRCA,0,affibody_decoy
WEVFTLTKIPHEYVMPC,1,affibody_binder
SNQHRIRETSAAS,1,affibody_binder
CRNTRIDAGMIERHCVAPL,0,affibody_decoy
ECCKCMVCECDLQMVM,1,affibody_binder
MEMLNFEKLCPITDKEF,1,affibody_binder
QFGLFTMVYPGHVSTDIN,1,affibody_binder
YEWNILFQERQPKM,0,affibody_decoy
GWKQHISSAHSSWIEWQMVN,1,affibody_binder
INGPYMTDSDKSA,0,affibody_decoy
YFKKKPVVMQFFDWGWTGSA,1,affibody_binder
WQYCDPWAKFFNGIVL,0,affibody_decoy
QAYRYWIGHWQDMDGEPMA,1,affibody_binder
FYIEGAPTPTSRIRQPCDP,1,affibody_binder
AKPFIHHTQRVYHKGRFE,0,affibody_decoy
VLHQTVTYGTFAILK,1,affibody_binder
CQHDMQISMYVRGAVSY,1,affibody_binder
FMAYRTFHQMQMIQ,1,affibody_binder
CANTMFYHVGPSMFNHD,1,affibody_binder
YMYIPCGSETNMGPMVGG,1,affibody_binder
FAQQAWHEKHLMVR,0,affibody_decoy
HLQRWEHLTRDVKLIDRGYC,0,affibody_decoy
IYKSSWNKVCPQECQRVQQ,1,affibody_binder
PDCATTAKMCCPNTR,1,affibody_binder
CQMYSDYTLSSASRRARGGT,1,affibody_binder
CFCTNKSGTDLMY,0,affibody_decoy
SRIIPRIDWIMWNNISM,1,affibody_binder
IPNEKQNVHIEPILPHA,0,affibody_decoy
APWFSYWMCTIRNARRT,1,affibody_binder
YKNHQTYPEIVIALYAAEY,0,affibody_decoy
YFCIRNTKDCDCN,0,affibody_decoy
WWAGNLTDTNKHMEWCRIS,0,affibody_decoy
KLITWCFRLLPLFEPHDTGW,1,affibody_binder
QYMCGVWYWVHYLWWAFP,0,affibody_decoy
KQMDHGCMQLAKTI,0,affibody_decoy
LEKMNCYDTEVSRW,0,affibody_decoy
VVMQPVEDNLFQKQTADQPS,0,affibody_decoy
VTEWCREHWLSKCLQII,1,affibody_binder
SIFSNINWICHPNL,0,affibody_decoy
KHWEEARLLHFHYFL,1,affibody_binder
EPWVFIYGTNGKSGRCME,0,affibody_decoy
CESVLPLTWTFGEYTQTLK,0,affibody_decoy
RNRRWTFCITFYAWGHMC,0,affibody_decoy
PNPGINAVHCIRER,1,affibody_binder
FIHCSQHRYPTPSVAK,1,affibody_binder
MKNMCQYTLEVPSTRL,1,affibody_binder
LFWQYNSETFLMM,1,affibody_binder
PYLEFTLSMKCVYDP,1,affibody_binder
SKEGLLLANEMWACQACKV,0,affibody_decoy
WELKHKCVHVGCEVCQR,0,affibody_decoy
THGNNQECPGAKDFF,1,affibody_binder
KFLNMTNVAMSVARV,0,affibody_decoy
YSCSWNPQAYWKHVRNDG,1,affibody_binder
VYLKFCHNHYWLHLQPGGP,1,affibody_binder
NDLHARAYQMECEDL,1,affibody_binder
ERKSEHAIYMQRCDHKWYY,0,affibody_decoy
CEFISSGLVWFCCRKT,1,affibody_binder
TFVYPNVCCNRWSM,0,affibody_decoy
GGLFYKTGQHPDDQVG,1,affibody_binder
YDRHWPDSTNLEMKIWK,1,affibody_binder
GQETAQPKDDANYNQRH,1,affibody_binder
FFDLRQDVYSHTAKLIG,0,affibody_decoy
FPLGKYSGPENHPVQQDHVI,0,affibody_decoy
EAKPYGVSQFMNL,1,affibody_binder
TLDLQLPYAETWFWWS,1,affibody_binder
IMNNNRMNMQHFLMQSHV,0,affibody_decoy
VKQECAAYEPFCCVATSVL,1,affibody_binder
IDWVNMMVWNRHLMVWMVL,0,affibody_decoy
WGCDTTWYYEMPTQVRTS,0,affibody_decoy
PYPFDCGTIMYPQYGFPPLK,1,affibody_binder
LFVAHGWPNQDWCT,1,affibody_binder
EKRYKMAKAAKKGMIQISNL,0,affibody_decoy
EDYIEEEKTNNKVVPW,0,affibody_decoy
SIGGPEREPGYSETGDSHI,0,affibody_decoy
VRQCLMSRKYCVK,1,affibody_binder
ECIQDVEHYLEMNDNL,0,affibody_decoy
ISTAKCSQCPYQELQ,0,affibody_decoy
RDPNSPGTFRPMFGHDQEW,0,affibody_decoy
AGGSIPQQRSESAYT,0,affibody_decoy
QIRWLYDIAQYFRKGWY,1,affibody_binder
REESSEQRDLTYAFH,0,affibody_decoy
TMFYQQAPKDFNEDT,0,affibody_decoy
VTYELQQCTQASGPQAV,1,affibody_binder
AHENYWVELVELHVWP,1,affibody_binder
VEACHLEPGDFGHDMMM,0,affibody_decoy
HAGRQSRLNVDMVSR,0,affibody_decoy
MQVACKWRMDRQWPIM,1,affibody_binder
QQTEPFQCWHKVIYYS,0,affibody_decoy
VSTPQYRMFWIQWIPPYTDM,0,affibody_decoy
TKIVHAKHLMTAFLREGYVR,0,affibody_decoy
LDHHMNMTHTREEQTY,0,affibody_decoy
SFALNYVMQTKSNSRICD,1,affibody_binder
CSIYVILDANTDLETGTT,1,affibody_binder
KDCGSWRKINEIAYWFSM,1,affibody_binder
PMSWDGVVGWKSTLLTP,1,affibody_binder
WTPQQKLVQNMHSPC,0,affibody_decoy
PTDPQWMIWQCYGGGEYVV,1,affibody_binder
ESNTSWSIDSLMW,0,affibody_decoy
WTIFLYSIIMAPCNDMRTP,0,affibody_decoy
PMWFTVCFGMFMQAI,0,affibody_decoy
FFMHFMHGDEFGY,0,affibody_decoy
ANFSDWQHNLWNKKWN,1,affibody_binder
SLPTLRGILSLQVE,0,affibody_decoy
GTHGMFQVCHYTNTFH,1,affibody_binder
ANQNPWTHDGIWYAI,0,affibody_decoy
TCYRTAHPTKFTMMVR,0,affibody_decoy
FICRFCWPSLRDLAF,0,affibody_decoy
RGSRFADKDNADHKT,0,affibody_decoy
ISCFAEGIVMHPY,0,affibody_decoy
GDASQVNSLVHRMRR,1,affibody_binder
YRIIHNMCAFRCPRPDYQ,0,affibody_decoy
YLAPSVWEKTTWIPDWNGR,0,affibody_decoy
PQFPTLYLMVLEFRL,0,affibody_decoy
CNWQDHKVMCWGWVTGGPL,1,affibody_binder
FYNYRAPNMVDFWWMDEIMM,0,affibody_decoy
SFWSWEPENECQDFWGN,0,affibody_decoy
MQAIPGRFQLCKWGKLYKP,1,affibody_binder
RSLIQGFLCECWKMVQYI,0,affibody_decoy
KMTPMSVADPVKPGWCWVGY,1,affibody_binder
KCIMPNSHHGHFI,0,affibody_decoy
SYFLYKNEFDMDSYANK,0,affibody_decoy
ETHIEYECAAFGKQ,0,affibody_decoy
APGLLVYMVLVPPAHMVP,0,affibody_decoy
LPIYAAVSLMDCDTNP,0,affibody_decoy
KVSCERILIKKIMRIK,0,affibody_decoy
CALLALKFWLNYWHG,1,affibody_binder
GYQHTREMGFWCLAKVHP,0,affibody_decoy
ETHDNFFMQGISTNWK,0,affibody_decoy
TYAENPVRFPELRWS,0,affibody_decoy
MKCIMKWTPSFQFDCYGD,0,affibody_decoy
DQFYKPHSQMAPLLESCGE,0,affibody_decoy
ETKWDTAFEANGSC,1,affibody_binder
WMPVSDIECDPMKT,0,affibody_decoy
LMYKQFLNTKCLTV,0,affibody_decoy
YTMCMRTQFYWLSYNTSVGS,1,affibody_binder
EGIDIDSEMHFWKEVDHSV,0,affibody_decoy
SGDCTSVEGPCMKCFCNNCV,1,affibody_binder
APGLGEQDMWTHLSDK,0,affibody_decoy
SRTGPRDWDTAEMQEW,1,affibody_binder
CVCITYTAKHQNTFDYHAI,1,affibody_binder
LQIFSDICTTASAW,1,affibody_binder
AAREGRTMKIGKWAIMKSDY,0,affibody_decoy
NWLTSYECEAVHEGQRCMIY,1,affibody_binder
QVNGTMCFMKPDDNQNVYRK,1,affibody_binder
VQRITIFNKGTYSGHVAVD,1,affibody_binder
NRMAPSGANKWFYYHIWFF,1,affibody_binder
RTCKCFNDDYNIC,1,affibody_binder
KLYGGHPEMEWPTCEQW,0,affibody_decoy
RHVWQAPYVTVKCCFM,0,affibody_decoy
ANRYAVDTYCTMIH,1,affibody_binder
HYGFNTVANIHFIHQIHR,0,affibody_decoy
FNEKYQCWMPALISPEITR,0,affibody_decoy
CQCHGVWSCGELMPYNPAV,1,affibody_binder
KYWMELQIREQNPF,1,affibody_binder
CPSMTTLNHYFQG,1,affibody_binder
FSNWKPGMLIDQESRN,1,affibody_binder
CYYNTGNHVIRGECQ,1,affibody_binder
YDCRWERNPWPFKCRNTRN,1,affibody_binder
MGDCRIDIWKENSGK,0,affibody_decoy
ITMMWCCKILLNNLMRN,1,affibody_binder
IGKRAFALCCTIKEMTS,0,affibody_decoy
HKKICPGVFGWKKHR,1,affibody_binder
CEAAMHPRSWDIHFNE,1,affibody_binder
ALHTDTWHHEKRWQR,0,affibody_decoy
MAVNVCPDWMNWYIV,0,affibody_decoy
PESFDGPDCQPRETY,1,affibody_binder
KVHTRIFAGAPVAK,1,affibody_binder
RKGWCWNEISNLELRQV,0,affibody_decoy
RMRHLSYAGDYFPA,1,affibody_binder
GEGLSQETYQCQNQAFMNIV,0,affibody_decoy
SMFFKPTFKAVATVY,0,affibody_decoy
TQEHLEARSDSEFYR,1,affibody_binder
ESSPSYQYFRTPLWQL,1,affibody_binder
EPTFMLRGLVKIVSYMRS,0,affibody_decoy
NTRMNQGLNLKEVAQKFKP,0,affibody_decoy
RDFTQHCLRWGEA,1,affibody_binder
CDFLLVFFRGFHGDGLD,0,affibody_decoy
FMSADIKQGVYCKEIRQIAG,0,affibody_decoy
PKNQSHGKELKHRR,0,affibody_decoy
QSGVESLKHLKIGSMTVTM,0,affibody_decoy
VHDFKGWFRKNFINH,1,affibody_binder
CDVCAMTSFMLYKLFFPHTV,1,affibody_binder
IIFQTYYVSTCQWEQ,1,affibody_binder
FGRLQVIWTEAIECEIRRT,0,affibody_decoy
YETTHRPPWTWISGPEE,1,affibody_binder
WHSMDFCAYDEPWMWWEQK,1,affibody_binder
VPYSQSEHAKQHYMRWV,0,affibody_decoy
HFEHSKFKGMEVHD,1,affibody_binder
GSKQVSYWHDMEI,1,affibody_binder
CYAPYFHFYECRSVF,1,affibody_binder
SYGVFCSDTTWVMC,0,affibody_decoy
DLMDDTRYWQWKFC,0,affibody_decoy
TAPMFTFLINSRNWTAP,1,affibody_binder
SWCTLEWMFFMQWRA,0,affibody_decoy
DYTKNTAILPPWVYDPW,0,affibody_decoy
GPAFYHIIMLDNTHCWS,1,affibody_binder
EFSEIVHYRDIICSD,0,affibody_decoy
ASAHQYNHCQIACDL,1,affibody_binder
LVGLVVYEYVDMPMTEK,0,affibody_decoy
RCATRAWVGMLWPEWCSWLM,1,affibody_binder
RRSVLRYRTFSNMMH,1,affibody_binder
VDSTSACTLGNVDYKR,1,affibody_binder
AIPTMWLMVMFIK,1,affibody_binder
IYVREQTGFEPVPED,1,affibody_binder
TYNARFGKHVNWNV,1,affibody_binder
KKIHNCTKYIINRPGF,0,affibody_decoy
HQEVEVQRAAMSH,0,affibody_decoy
ELKHYWHLFHAEFRL,0,affibody_decoy
PCKSKPFCCMDFMISTQN,1,affibody_binder
HPDCIRRSWECDN,0,affibody_decoy
VAWCKISATKLVVWVVEV,1,affibody_binder
RTPCNAGTWKDQPDLKGC,1,affibody_binder
WQYCSLNIIHCVFTVGNDPS,0,affibody_decoy
TSAEEFGCWDNTKA,0,affibody_decoy
GGNPVWLHWYSYF,0,affibody_decoy
DFNDVDTYHLAHLLKNW,1,affibody_binder
GRAPWFMIMNHRMIPHKNT,0,affibody_decoy
MQRRAFVDMGMKGHCRP,1,affibody_binder
QHWKMKISCMDYMTLRKT,1,affibody_binder
TVADVAYTGGLAR,0,affibody_decoy
VVDCLFKERVHLIAFQS,1,affibody_binder
RSCIHCIPCCNKFRLCDCDR,1,affibody_binder
NQVHWGILGAPCLCVCELA,1,affibody_binder
TIGQGCRLVMLFYWRQMESG,1,affibody_binder
MPNLNTNLMQGYKDPSGH,0,affibody_decoy
EDYILLWMWKAWCCWHVN,0,affibody_decoy
PGARKAEGDNIGQD,1,affibody_binder
GGHGRGQFWLLMHRGSP,1,affibody_binder
NTANIVIAPPHKR,0,affibody_decoy
EEDHADIVTVYRVGWSACA,0,affibody_decoy
YPAVENDNPWMCQHRV,0,affibody_decoy
FGVCRDCDNMSAE,1,affibody_binder
QEPFRAHKEEHCTQ,0,affibody_decoy
LVHQLNNIWPGGFFNMLC,1,affibody_binder
DEIIADMRDKHCKG,1,affibody_binder
IPTFLCYIAVIILMIV,0,affibody_decoy
RCRKNQFYADIYNCYIMYI,0,affibody_decoy
HIHNDEFRRMLPNAQPVCMN,1,affibody_binder
IRKGDWLGCWHNGPVYM,0,affibody_decoy
FIEGKGNHWPDPAVCQ,0,affibody_decoy
EIFNTAHMRMRAQTL,1,affibody_binder
CTYWEYKMRHEYFAY,0,affibody_decoy
YCMWKACELKVMA,0,affibody_decoy
LCFVKCWTLDNQKFNE,1,affibody_binder
WMANYEMQEPWILTMEFWRN,0,affibody_decoy
LNHAPYQDRTATEKLNGKRA,1,affibody_binder
APSWLEWCWRTRWMLMAVCG,0,affibody_decoy
HLKFIEICTCAFQNALA,0,affibody_decoy
FHFNRHAYIYWDGRAD,0,affibody_decoy
CPPFAQFGPKVYKE,0,affibody_decoy
EIMALVQGFDCPMVHI,0,affibody_decoy
QLWINARMTMATIEKKVS,1,affibody_binder
QHNVQKGNGIGKSFL,1,affibody_binder
MLSINMFMINDYQGDYRRM,0,affibody_decoy
MYKEKARFLITTTPH,1,affibody_binder
TIGYLFKMDRQPDCKMCTE,0,affibody_decoy
KFWEFLDDSTHCHHHACIKC,1,affibody_binder
QGSVDQCRDGFDVWGNM,1,affibody_binder
WHNLNKASPPNPIFPHVRIR,1,affibody_binder
YSLIGQWVKTMGKRMMCY,0,affibody_decoy
KWMKRSLAMQATTIVINE,0,affibody_decoy
SNDHPMTIITVFHYPCWHV,1,affibody_binder
LEINTFRALLPVLQDH,0,affibody_decoy
LGMSPPQASELIMYMMQ,1,affibody_binder
YCMNWKLMAYASID,1,affibody_binder
DFIWGTDPTWGTE,1,affibody_binder
RDFQSGQSYYFGP,1,affibody_binder
LNGEPKCRLPCLYTGE,0,affibody_decoy
DKITMHFPMDERETPEVWLC,1,affibody_binder
AMWRSKSVQPCKGYGCNAQE,0,affibody_decoy
IVHPRFEYRGCWFGY,1,affibody_binder
YSSNDRGHGPVPWGNA,1,affibody_binder
IQLVDPDKRKPVKL,1,affibody_binder
IEDETCRPMHTYRQNE,1,affibody_binder
FFERFQENADMDM,1,affibody_binder
MNKIVATANYQMQFI,0,affibody_decoy
CTPWHYMYTLRNYQPH,1,affibody_binder
WAGVLCINNFEKYESNV,0,affibody_decoy
VWVHRKKVIVWEARYMTFV,0,affibody_decoy
DHNRIGWDNFSDHTTSNREN,1,affibody_binder
MKMIWIYGVEHHEK,1,affibody_binder
GYRVMAEIREIYH,1,affibody_binder
HNTFAPVFKQFRDNPECFC,0,affibody_decoy
VATHIRTACWECDDTVN,1,affibody_binder
CLDTTWQCPVHMSKNSDF,0,affibody_decoy
MCYDELADWMGAHFCARR,1,affibody_binder
MFSNSCGTSGIGWE,1,affibody_binder
HYRMIILVSGQWLCCWNMGQ,0,affibody_decoy
HGRMRDAHSCCHKHRQLI,1,affibody_binder
HHATGGKHGIIIGKRRWY,0,affibody_decoy
TCRPETFNKIWMTPKE,0,affibody_decoy
MMTMLSYNQWMDH,1,affibody_binder
CFGVDYNIRQLMDGD,1,affibody_binder
MLILAYYPGTMFHPYGQ,1,affibody_binder
PHINPPHALNQEVEIKI,1,affibody_binder
YLSDGSTNLDEVDINRV,0,affibody_decoy
WWIVKADALCWAKFQY,0,affibody_decoy
RRFYVESAPDEKRQHLKEMH,0,affibody_decoy
ATCKAVCYPRLVD,1,affibody_binder
VHNELIEHHRDHNG,1,affibody_binder
HCYQSMLGPHNKR,1,affibody_binder
IVGQLAMHVDWPFIGLGP,1,affibody_binder
GACYGAGMLYAIMCQAE,1,affibody_binder
CRTMQAMNDIMKD,0,affibody_decoy
HQFLNRVWDHEASKWCCRDQ,0,affibody_decoy
VNWRHLIIIYNYINI,0,affibody_decoy
NTSDGMPRRENDEI,0,affibody_decoy
ASACYCCVNYEQVIE,0,affibody_decoy
YCPMSHKLNGHRQ,0,affibody_decoy
WWMMEELECPSHVDTM,1,affibody_binder
LVFMMYRHQQFHTGWKC,1,affibody_binder
KGMMVQVGHTPREKRSTLL,1,affibody_binder
GREDRQVRKEWGMGIIVTAL,0,affibody_decoy
MIETMKHTCELTDSR,1,affibody_binder
STDDDEGFNRHNWINHNRTS,0,affibody_decoy
GLEWKAVVEYNIVVCLDHH,0,affibody_decoy
CNRSRGELFDKCT,1,affibody_binder
NKAMLSGHCPSGCI,1,affibody_binder
LMMWHPIGRAYVPF,1,affibody_binder
EKNHSHKTLKFWENEF,1,affibody_binder
NVVVQRCKQYTHATFIK,1,affibody_binder
MTCHFKNKPCNGN,1,affibody_binder
KCQWTDEITNGFQTGHQDI,0,affibody_decoy
DSPGPRTEMNDAV,1,affibody_binder
EFDHIDWNSNIKGVTS,1,affibody_binder
FTYCMVKDLYFVETWAHIE,0,affibody_decoy
ADTINTAHRANNHQWII,1,affibody_binder
TTYNRMGYQKPSAGWNDM,1,affibody_binder
PVVASCPHDCPGSDDS,1,affibody_binder
NEYDDAWDTEGLGIP,1,affibody_binder
WDMQGDKNACNCTC,0,affibody_decoy
WYWDGDFRIVWTKDPNKHY,0,affibody_decoy
NARNHPMFHFVWFST,1,affibody_binder
WYHCHNFDDVLVAMYYR,1,affibody_binder
QVMALAQQKCCMRYIS,0,affibody_decoy
YFFTQWFPQIAEWWEACYSM,1,affibody_binder
NWAYVLLYHQGQPIEQHP,1,affibody_binder
HTNRDGWCNPNACR,1,affibody_binder
ESQLNHQWVEMCD,0,affibody_decoy
EWMDNSPVLTVGYINYY,0,affibody_decoy
QEMYMTKLGRRNHYN,0,affibody_decoy
CFDLGPTMYRKDYIVLG,1,affibody_binder
FWDGKQAEISEEQ,0,affibody_decoy
DSFILFVTNWMDMLVDYF,0,affibody_decoy
YYWGQPDQNIKILDDY,0,affibody_decoy
ISIDGNQKTGEAPMHNP,0,affibody_decoy
HDKDDCCVLAYLNSN,1,affibody_binder
EREKMYQHCHAITQAWDA,1,affibody_binder
FCNGISDIMCWMIETDR,0,affibody_decoy
PEEKFAALPVVMTDPRSKYD,1,affibody_binder
YRKSNTVLYALDGQ,1,affibody_binder
CAHDSQQWTWRCVSLLNI,0,affibody_decoy
STHWPIYCPNWDEGAY,0,affibody_decoy
FGFGSDRSLINRM,0,affibody_decoy
VIQHFMLWQRVGNIF,0,affibody_decoy
NWDKYMNHRLVMCEGICVG,0,affibody_decoy
FNLQGVPHLECWDTGHQ,0,affibody_decoy
RTLDLVASCTRGT,0,affibody_decoy
TIMPSWIQHMDDSWTMCT,0,affibody_decoy
DFVSFMAHCDMTQ,1,affibody_binder
SMIGKWVHLRHHKPN,1,affibody_binder
EYERPEGKRTGESLW,1,affibody_binder
IQTDRYCDYYKKAS,1,affibody_binder
FQITQETVQWIYYCS,0,affibody_decoy
NIEKKIEINNHTCGWMAF,1,affibody_binder
AALYNDQSCKITPN,0,affibody_decoy
PPHYVGLGDPIQKHNVFQES,1,affibody_binder
FETFVSDRDAKRSCG,1,affibody_binder
PDSIEWSNPYIFFCEHREC,0,affibody_decoy
AGWFKREPIAPPMAIST,0,affibody_decoy
KTIGFRPSGAHPYCAI,0,affibody_decoy
QGQPYPVLKNASGV,0,affibody_decoy
NGFISALNQEVEEKWNGG,1,affibody_binder
DGIAFTTMTFVSNMNKSH,1,affibody_binder
KRRRTHTKIEFWWLGCYA,0,affibody_decoy
WLSLCNFTSYCEFIKIEEW,1,affibody_binder
QMNVCDHRNMNFHSSNTMC,1,affibody_binder
HDCIWAMVVAVTRYQPAD,1,affibody_binder
PMNLECQFKRHECC,1,affibody_binder
SGRWYEDFDLLDYLLEN,1,affibody_binder
GIYYYTHYACNTPMMVF,1,affibody_binder
LIAQRWGNCRFVGHRSRYP,0,affibody_decoy
HGSDKAEMEEFNP,0,affibody_decoy
TVAKKATSFFFMVYP,1,affibody_binder
KESSDRIWKWAIAPVFYFI,1,affibody_binder
IFRYTGCAEPSMTGAIPHQI,1,affibody_binder
ISYRINQWSIMIHPTRED,0,affibody_decoy
GTEANTCGYMIESIPHP,0,affibody_decoy
EVKHCMAVVMSQWYGMWE,1,affibody_binder
VHASWMLGLEARQ,0,affibody_decoy
ERIRGAIMTPRTIHWDLLYP,1,affibody_binder
PMFVPFMGLITMS,1,affibody_binder
VTGFGKSMCPKNM,1,affibody_binder
QKGVYKGMICWMKTISA,0,affibody_decoy
AFDVFANRWCHVSRMVF,1,affibody_binder
GQARFPHKQHYPEGIHKQ,1,affibody_binder
IWVPSWKEESNSHRPTQA,0,affibody_decoy
KYGWPTMFNQSLWDISHTTC,0,affibody_decoy
YPDPETSSAHKSQ,1,affibody_binder
WEQANHPIYMLQQYHV,1,affibody_binder
IMNTAQNKTCHFQRAMMKKC,0,affibody_decoy
CHWTRRSLIVQPEID,0,affibody_decoy
FVQLICHIKKSFKHNWMK,0,affibody_decoy
TMWTHPFQSAHIANKI,0,affibody_decoy
QDRIYTHHIRYNACL,0,affibody_decoy
FACHCLNAARQLKGDE,1,affibody_binder
IHREHIIPCNHVCHF,0,affibody_decoy
PRIPAHPTVFWPLWSNERYA,0,affibody_decoy
CRWPCHWMWQRDSEA,0,affibody_decoy
EHSIHKTTTPVCECTHS,1,affibody_binder
CYVVMPYASTQNKEKSWTGM,0,affibody_decoy
ENEMAFRMQFDDF,0,affibody_decoy
AWQIRTQAMQRCRQVYKLN,1,affibody_binder
MFLEYHRKIATPKTT,0,affibody_decoy
LWNNWPYCRQGFVWHLR,1,affibody_binder
VADQQDIAYMVFMAVF,0,affibody_decoy
LKAPARYRIQKQVQIERTSH,0,affibody_decoy
KDLALDLVFDLMALMTP,0,affibody_decoy
AEHYKTTAPRWQQRLLNNL,1,affibody_binder
WVVMIDQNLKLGLQI,0,affibody_decoy
KGVQGCDQIEWYICCQQPQK,0,affibody_decoy
FVNRIGMYTFTETCW,1,affibody_binder
WFHIGWVKNMRDHHTIS,0,affibody_decoy
YVFYYRSKTEYGSANWGH,0,affibody_decoy
APLHHFVFIMWSSG,1,affibody_binder
KYKVSSVCKSYGSQC,0,affibody_decoy
SPSKVDRCVIMTRS,1,affibody_binder
DDNPPFQTPPQFRKQS,1,affibody_binder
SVDCQYDDFFCGKKSYQG,0,affibody_decoy
NSKPHKVYMNWSFYNQSHTI,0,affibody_decoy
PEVWINYCKWKVNQDVHVV,1,affibody_binder
LGWQAKMYRGWQASTREPVD,1,affibody_binder
LLEKQSDNIHLCHP,0,affibody_decoy
SALSPKGFPDADWDVGLQQ,1,affibody_binder
VEENGWFIPYNHRRDAYE,1,affibody_binder
SPYHFLMAYDWMASNMKY,0,affibody_decoy
VTPVWIWLMIAQLYYSTDFL,0,affibody_decoy
ALNHWALRDMPMQIHALH,0,affibody_decoy
YFCCTFFGLRLKVQRFMV,1,affibody_binder
IACKNFWSGQMRAEW,1,affibody_binder
CWHEMHLTPKSAFWKTDTG,1,affibody_binder
WNWEFGNIWEMCNL,0,affibody_decoy
TTPAYRFQQLYLLAPAS,1,affibody_binder
RMDGHKQFPHFDLI,0,affibody_decoy
RPNLPVCKSQERANDHCLS,1,affibody_binder
FEEPCGLSRTWHQRSFEQKT,1,affibody_binder
DYDNDMVGCKQVHH,0,affibody_decoy
HMWGVNIFAIYRTPAGNYN,1,affibody_binder
SCQLKFAMEIPMPYSYC,0,affibody_decoy
LCEIDTAFHAEYETK,0,affibody_decoy
MQVNAEHMTPLIN,0,affibody_decoy
ALGQVLPVTYTKSEQDVD,1,affibody_binder
WMRIVIWGSMNLGHYLCCQQ,1,affibody_binder
HHSEWPAYAFLGKKLI,1,affibody_binder
MTCFTCHRYPLGI,1,affibody_binder
WIPVMLMIMFATK,0,affibody_decoy
RTACFFVHWKEHIR,1,affibody_binder
PEEHCFFFSHSMLDF,0,affibody_decoy
GMNLFEHWAALRAHTWHPPN,1,affibody_binder
GSPVCCMFLYGGGSI,0,affibody_decoy
EINLACPELYTFIKWDYFTQ,1,affibody_binder
ALTPVNNTDAPKWNDMC,1,affibody_binder
LMLTNNYYNYQMYH,0,affibody_decoy
WSAEVMAYGKLMQPNEIP,0,affibody_decoy
ITLPSGLATHYQSWWEL,1,affibody_binder
FWEKVIKQCYCWCFDDYVH,0,affibody_decoy
LISQDPKELLHNHC,1,affibody_binder
RSRTWQHMKIMPPK,1,affibody_binder
EKQELKHEFDQKGHTI,1,affibody_binder
IVEWKGKCIRPSQYS,0,affibody_decoy
NMILHIHRFKVYLHM,1,affibody_binder
VFWMHWKEGKLCHPE,1,affibody_binder
MRNMIDACQDKTM,1,affibody_binder
VCCYDMRYCEASRLYTE,0,affibody_decoy
LHSDGHYGPSPKIMVDNEGY,1,affibody_binder
INSSEWDQYEAFS,0,affibody_decoy
CDPYMVKTLANNSR,1,affibody_binder
KKQPVIFENTIFQ,0,affibody_decoy
LPQNPFIFQATFH,0,affibody_decoy
KEFLEGNHILLGRRH,1,affibody_binder
AFLITNMPRANGLPSQ,0,affibody_decoy
QFFFFCKENWCYLFFDSE,0,affibody_decoy
KVRVHQPPTHHPIDKGQMC,1,affibody_binder
WHTIPERLPQLSGHVWCE,0,affibody_decoy
MMCGNACQCGGGISDYQPKM,1,affibody_binder
QRKHSIGPGVANPCCD,1,affibody_binder
KDKGHMNPNKQFFMW,0,affibody_decoy
QFACCDARKTMICASKVRDI,0,affibody_decoy
GLMMPEIRDMARVN,1,affibody_binder
MQLRSGMYNYQMLFLMVS,0,affibody_decoy
MCWNDMSQNAMFYYCANK,0,affibody_decoy
WDICMCCFEFSQGYL,0,affibody_decoy
IGHGQSHNGDDDIDKHVP,0,affibody_decoy
WMTMWEYPNFINEAQLEMRW,1,affibody_binder
DSKKYTNWKAQAT,0,affibody_decoy
YHESFWWWNDFELNRGTKWG,0,affibody_decoy
YFRCYRTQFSWNSPE,1,affibody_binder
FEFYIYTEVEMMWRYS,0,affibody_decoy
MIHCQFLAVMNRHWPWSYNH,1,affibody_binder
MKMRCDMTLYNHVNK,1,affibody_binder
LCRDQRCYMCKRFEVQSPEW,1,affibody_binder
NEPRTNLRNNKPK,0,affibody_decoy
LTHHAINDIPDYCEIK,1,affibody_binder
ITMMGSEPVMIDN,1,affibody_binder
KPEWEVCMAMQEYLQHDV,1,affibody_binder
EASRTKCGTKPNT,1,affibody_binder
SMMFPASVTVYFKIP,0,affibody_decoy
TEGWNIMCPAPALLLCV,1,affibody_binder
WWQLAFYHPQKCLNNMS,0,affibody_decoy
EMWNMFYIMGTNTVMADTH,1,affibody_binder
WMWNGDTESPDSI,1,affibody_binder
MIIPQPMRCGKMTQDVENI,0,affibody_decoy
GSFCDPYTRGVEVDSQSGW,0,affibody_decoy
WPIGKCYASAVTFN,1,affibody_binder
RQQRPHALNWNLAYEKTLT,0,affibody_decoy
KIFMPSFVPDMKQLLNMCL,1,affibody_binder
EHPQDIPICWDCV,1,affibody_binder
FNMQQQRRFYEALHDP,1,affibody_binder
GMHGESHLFIHHWHMR,1,affibody_binder
NDQMSTEAEPCHFDP,0,affibody_decoy
QPDAWGWNITHINAY,1,affibody_binder
IFGTEDAVSEWVPRGRMRNP,0,affibody_decoy
VSINRMDKVDMTCYDHYDF,0,affibody_decoy
HPMHHEIIFRDFWKPSKWS,1,affibody_binder
ARDPKLFVFPRGDVYNMHC,1,affibody_binder
GHYSPRCSLRVLLN,0,affibody_decoy
FEMWYHECARPAN,1,affibody_binder
KCDMNPQLRKEKVY,1,affibody_binder
FREQVDTTFHLRV,1,affibody_binder
NSTALPHIMIQWS,1,affibody_binder
TLAHVMFQVEMAVH,1,affibody_binder
MRMWGFPNERSNNDYASNGC,0,affibody_decoy
TNPVLKRGQEPHNYDTSVNQ,1,affibody_binder
AFYGRLWFILKEYVVEW,1,affibody_binder
ELYHPGGFYASWTR,1,affibody_binder
RGDGYLWAYTLHPRAPA,0,affibody_decoy
FIEGDIQMAQYQQDAYYIAY,0,affibody_decoy
VSTMKVNQMSVNYDCQE,0,affibody_decoy
AGYDCILACAMQPHG,1,affibody_binder
VWRLMWRAPDHHM,1,affibody_binder
VPYVPQFATPTGHSITD,1,affibody_binder
LRWMGAFMAKAHDTRY,1,affibody_binder
VAPMYVWQQAENVI,1,affibody_binder
NQQFLTQRNASTDYMYHVDF,1,affibody_binder
NVCECKNFMCDPCSSGGCVT,0,affibody_decoy
PGKFAWQCGDATWY,1,affibody_binder
KVWWLPKDSPGTA,1,affibody_binder
LNENFLWQNGECYFDLVLGK,1,affibody_binder
MDLIDDASGGCLPWRL,1,affibody_binder
QQRPDNELTKTHKMQEVARL,0,affibody_decoy
SQYLNELHYNLSE,1,affibody_binder
HLGCAHEGSAGDN,1,affibody_binder
TGWLCRACNTGKKDPDPQ,0,affibody_decoy
DVVNMRDRCCWFDYNTR,1,affibody_binder
GYAYSWTQWRYDFEQEHSAC,1,affibody_binder
YPFIVPHVHKDGWDVINEH,0,affibody_decoy
QYPIVMLKWFVLVFRE,1,affibody_binder
DNENPFNRPTWVWVATGH,0,affibody_decoy
MPYVRMGPCLVLIIEGNKY,1,affibody_binder
CYSLVRAFHNIPSTFS,1,affibody_binder
TCGIGVNCPVLRMREYMM,1,affibody_binder
VDMEVFLCSSSTGGI,0,affibody_decoy
HDSWPELPFWCSMKP,0,affibody_decoy
QIYKSTDRHALNETSERT,0,affibody_decoy
ETSPVMKDNWFAKTM,1,affibody_binder
YTQAWYKESINSAVA,0,affibody_decoy
FDGARWPHTSVLYAA,0,affibody_decoy
IDYCYRYADTKSKQ,0,affibody_decoy
NLARRQYQKGNEI,1,affibody_binder
RSNSTNHDGFEIMKTEV,1,affibody_binder
ERITNCMIHLYYRNYMIM,0,affibody_decoy
PKWYYSPRWAKCRCYRC,1,affibody_binder
MISHPKRYLTNKYDKKR,0,affibody_decoy
RMFNSMFFFPIDTT,0,affibody_decoy
NGSYVWFNQGKQN,0,affibody_decoy
KCIGTHRCHMMRYCD,0,affibody_decoy
VDFKYMQQMAIQQLK,1,affibody_binder
FCIFVDLMDHTTNIAYMG,1,affibody_binder
WRVTNCSMYCFVPN,1,affibody_binder
CKDSWFHGITQKARWMFW,0,affibody_decoy
RECRQATFPAYAIKCWQ,1,affibody_binder
FFQMSRRIGPTTLPTQCKQ,1,affibody_binder
KWWSMDWLYTFSTD,1,affibody_binder
LTGFFNNGEQCEANQ,1,affibody_binder
RQRNCALHNFSETEQPI,0,affibody_decoy
AAYMNAMIACIENHRHNTA,1,affibody_binder
GKYNKQLRCWCHFRVHYK,1,affibody_binder
EAIETNTAMVTCHKMK,0,affibody_decoy
ANYSHIPWAPIHKVEI,1,affibody_binder
DTVKSDIYEFTLGAAQM,0,affibody_decoy
PNEKSLIQALYCCFQEPNDM,0,affibody_decoy
CSLDRCRECKPFRYMVQQWE,0,affibody_decoy
EEKPWTYQGLVCM,1,affibody_binder
STYMKIRIYRWAV,0,affibody_decoy
HPCSSPNWNPFRRY,1,affibody_binder
PLTKVSFVGARAH,1,affibody_binder
RIRDYLYDCNCTVV,0,affibody_decoy
NDGVSLATYDRWEGDGKNG,0,affibody_decoy
AIFWNIAMHWGFRLLCDVS,0,affibody_decoy
DSIPAVLLTYNPMDCA,1,affibody_binder
FLDDTRTQCVSLKHV,0,affibody_decoy
PQTLRHMAPRNKLTL,1,affibody_binder
GMALVVSTNLKTTVEYM,0,affibody_decoy
MNDYDPQFMNCLQAQIVR,0,affibody_decoy
DKWFIMSRDDPITMSRKKHE,1,affibody_binder
LNHHEMAYSMQTDKDSN,0,affibody_decoy
SISNLNECENCDNSRTM,0,affibody_decoy
SGLICMMLDLVFKNRTEFLR,1,affibody_binder
GMTDWTDEHACPNMEDPH,1,affibody_binder
VPRNVKCEGHEFRN,1,affibody_binder
NISCGMGSNMQYRCP,1,affibody_binder
YVERETGLPYDWSSNYFIQD,0,affibody_decoy
FKEVDMFWFKFPHGPNSEPH,1,affibody_binder
QAWFDIYPDCADGRQP,1,affibody_binder
DPTYLHTANIQTVGSTE,0,affibody_decoy
CDWPWHSHFGRGGDGKQFSV,0,affibody_decoy
IEMWPFRLEYGTEVNAE,1,affibody_binder
VAYLAKHHLWKIWFTWG,0,affibody_decoy
YTHPSKGHKAVFMQNERS,0,affibody_decoy
YPTAHDYYFVTWIIQT,1,affibody_binder
KVATFNSRCCCSTA,0,affibody_decoy
SPNKHVQRHQSGRFYGI,0,affibody_decoy
DSIFNQVRKVGDMNA,1,affibody_binder
AKIAITIETPYWSAS,0,affibody_decoy
GFNIGDIWCIHYTAL,0,affibody_decoy
CMYIHPEMAVIRMFGE,0,affibody_decoy
EMCPPQHCVRSCSLW,0,affibody_decoy
STYRGRIMALHPWCGQKTGP,1,affibody_binder
TTVEIRSMRVNDV,1,affibody_binder
HRMHWEITEQYYGIAAFPC,1,affibody_binder
QSAKAMQGYKCIVERIFIDG,1,affibody_binder
LHYDELGHTISEYDLK,0,affibody_decoy
GVGWDIHRQPVTRAPTC,0,affibody_decoy
EPYTCFRASKSMWIPVNRL,0,affibody_decoy
TLKSTILYWEYWHR,0,affibody_decoy
CMLKRSTMQHDVRSIY,1,affibody_binder
LYNTSKYIAQGIDWD,1,affibody_binder
DDTEHFYNVFSTNNIVNVF,1,affibody_binder
NPSGDYMRPQHHKQYFQIL,0,affibody_decoy
STCRKGCPRLDIRLRFYN,1,affibody_binder
TENQVLQDQANRGCIR,0,affibody_decoy
GNAEWYGCKKAPSMQCSVQR,1,affibody_binder
IHALGGYFEMVIKMQ,1,affibody_binder
ASNIEHLTDPTQYTTGV,1,affibody_binder
VTPIKCNCPVDYQGMHCGKY,1,affibody_binder
TIQEGKRMPEMWLDPK,0,affibody_decoy
PLLWKMQRYHIAGGYL,1,affibody_binder
KGQYLWVMVDNYRVNWD,0,affibody_decoy
SNQAFQHAVWNAHERSAN,0,affibody_decoy
RTRWRWSDIWDIYLRIVR,1,affibody_binder
ADYCCNQELDLIEWQ,0,affibody_decoy
VYNQKATRFEDSGQ,0,affibody_decoy
GLPVEVYVMMVTYLKED,1,affibody_binder
HYNTEKNFILQEF,0,affibody_decoy
RMWLPQCSELGNRNHFMQ,0,affibody_decoy
QVQRIDFSDFIPQCKELDIP,0,affibody_decoy
GYVFDLLRLGCYLVGCPE,1,affibody_binder
MKLMYRDQARCLRCPRTFQC,1,affibody_binder
KYPWFYHNPESINGRIRNGH,0,affibody_decoy
SVAFHEPLDFIQKV,1,affibody_binder
CPQQWHVNWKMGDIIFME,0,affibody_decoy
CMMDMHPSITGRK,0,affibody_decoy
ETENQWHSFQFDDCLMWQFG,0,affibody_decoy
GDWQWWRSCHAADPVENYC,1,affibody_binder
EAKNPWHDFKCGGDTP,0,affibody_decoy
RKDRVGFYTSVTVNYLK,0,affibody_decoy
HCSIKHSYAITWEVYSQQ,1,affibody_binder
WQVDQCANYKKAQL,1,affibody_binder
DWIQIDRTMGTIITIDR,0,affibody_decoy
VRLQDAGWFLLYCAFLMMMV,1,affibody_binder
RCWHLNQFFEAFINLWY,1,affibody_binder
YIYKCAWTSAGCRMKRDNWE,0,affibody_decoy
IFHTNMQNSSGMLGY,0,affibody_decoy
HFASGCQCTNHDFMVRMQ,0,affibody_decoy
RLQMHFDHCQIWEHEVS,1,affibody_binder
CTTPIRECGFPKNILLHQW,0,affibody_decoy
KEQWMIPLCLYALYWPTF,0,affibody_decoy
ETFTIWKSMGADYAM,0,affibody_decoy
WRYNFTPYSHHCR,1,affibody_binder
PIYIERNSEFFYPHRAHDAS,1,affibody_binder
ELGPEALTVVKNYRN,1,affibody_binder
QKKRGETKRQTFHTI,1,affibody_binder
MTERLIDWTTKIESEW,1,affibody_binder
PWALSYYFYMKHVRHLNK,0,affibody_decoy
ILNDHDFFDTVSDFFRVWTS,0,affibody_decoy
MGFVIQSQPWPSAFNMW,1,affibody_binder
RKSPQQFFPCLYWFFYGCTW,0,affibody_decoy
FRNVQYACQYHNDL,1,affibody_binder
LWLGREYIPGPMDPV,1,affibody_binder
QHCYHYLRTAIRIDN,1,affibody_binder
RGTCLIGKISSTTA,0,affibody_decoy
REHWWEWKLEDIHHEE,0,affibody_decoy
DYMCGLTFVTDSRVWDN,1,affibody_binder
EGNYHLLSFVPMHAQG,1,affibody_binder
KVILPLCERSTWQHGLA,0,affibody_decoy
GYKLHIYPKGQKGRTL,1,affibody_binder
PKVGAMDRSTSYGEIK,1,affibody_binder
LHSNWWWYDAYKAQIS,1,affibody_binder
HWYCMNRHIFRPKRAKMF,0,affibody_decoy
CAMQPWKFITLLEYWPYL,1,affibody_binder
NWEAGRMRDPVFVTPESIRG,1,affibody_binder
KAPNLWDCGFPMAITWWTN,1,affibody_binder
YRMESGICMVPCSQNWCY,1,affibody_binder
NMRLPRKEVFPGVP,1,affibody_binder
VYWVDCYTAGPLEAW,1,affibody_binder
RPNLGAPKKPFLAF,1,affibody_binder
AGLLTGLLFTVFYAAKW,1,affibody_binder
PMPADWVHKTPKVKYVE,1,affibody_binder
TFTCFYWLEAHGPEQS,0,affibody_decoy
QLDYRSTKIQEEEVWGWQ,0,affibody_decoy
WVSITMQPGVEEVGD,0,affibody_decoy
TPGKISGSKCFNKWL,1,affibody_binder
MMNWCLLMCNRIKTNIL,0,affibody_decoy
NYDDAYPHQREIPNENIV,1,affibody_binder
QAMDTEIIVPGGGGL,0,affibody_decoy
QRDRMLMIRITVRSLTSP,1,affibody_binder
WSLNTVAPWHIFDV,0,affibody_decoy
YWWSMTQMFTDAKFIPTMRQ,0,affibody_decoy
FTRIKWKILMCTNGWT,0,affibody_decoy
DMSLFCDVWHTCGKWD,1,affibody_binder
STLQIVAKDWPEDVSRK,0,affibody_decoy
SNWMSDFPVRFKCC,1,affibody_binder
DDCMHIRMVNYDSDYVTFK,1,affibody_binder
YRHNTSWDDSTLNSHCK,0,affibody_decoy
SINLSGRFFGDMR,1,affibody_binder
PAFFHGYSQCSGQHHPPYVN,0,affibody_decoy
QTKDFYDRPIPPQYSDL,1,affibody_binder
RPHYTFPHTWLMIDG,0,affibody_decoy
GTVIAGNKWNSWC,1,affibody_binder
TWYEFGMRIPVDMLIFPEE,0,affibody_decoy
TEMIRNELCLTNVKSWKP,1,affibody_binder
RNNHHENEFQWNPG,1,affibody_binder
PEPPCSIGDTHQGAIEFD,0,affibody_decoy
TLYGDFDAYLPQVGCNQ,1,affibody_binder
YMHFIQVQIWWFNN,1,affibody_binder
HCYWRFMYTEAEYKY,1,affibody_binder
CWTARNKCTYELMDLYIP,0,affibody_decoy
PTVNDWGFMHTENKNN,1,affibody_binder
DHFNNHQLQCNVMPLLYK,0,affibody_decoy
DHRQEMCWPNRPTIH,0,affibody_decoy
FFEFELKLNTHPEWQAKL,0,affibody_decoy
ERHLIMDWPIFFSF,1,affibody_binder
WRKSMMDKWQDKSFPNW,0,affibody_decoy
PQYLMRLWVDAHKAKAR,1,affibody_binder
WLSKPDAKVWTPG,0,affibody_decoy
RWLDFLKDYYTVYLVQSH,1,affibody_binder
HLTRQLKNKDANAPRGTAYE,0,affibody_decoy
YDYYYDVNMSITYVIP,1,affibody_binder
FVEHTKQVMRTCCM,1,affibody_binder
RTDDSTHQEMIQMA,0,affibody_decoy
QNMWMFLFLYSET,0,affibody_decoy
SKLHTVYARWFQEEQWHF,1,affibody_binder
RAAITVGCNATGSVK,0,affibody_decoy
EDTHCWAWAMNQPL,1,affibody_binder
HGTAPSWGSPDLQI,0,affibody_decoy
EDHLKACYSKYTME,1,affibody_binder
MGKTVVCWDHLCNVMF,0,affibody_decoy
YFGGSSKEAEEMKKFFEDS,1,affibody_binder
LEFASFSFEPLCEQER,0,affibody_decoy
MSPSRHLEFWPARVGRKGA,0,affibody_decoy
FIYWRNWIRCKMHLAPQPGY,0,affibody_decoy
GHLCPCQGCPQDGPFP,0,affibody_decoy
ESDDQLTTLQYHGK,0,affibody_decoy
DWTHWIGFPHKNKDKMYPFM,1,affibody_binder
KGCYLKPKGWPMQALFIRQ,0,affibody_decoy
GNLSVHFIFQLCCSTNH,0,affibody_decoy
LDWPDKDTLTKYLN,0,affibody_decoy
FPGGWPSNLWNDSSIP,0,affibody_decoy
GYWDMMFKRHTLAARA,0,affibody_decoy
YWNSCFCTWQRMI,1,affibody_binder
NVTLNEYFMAYDAKKW,0,affibody_decoy
CAKWTFCDPSLCISQYR,0,affibody_decoy
LYLQCMYDALKNQPE,1,affibody_binder
GMAEFLCWCHEYGCI,1,affibody_binder
ECGCRCPIVEFKARCAIREC,1,affibody_binder
KRTNAHSWYMPYWIW,0,affibody_decoy
GADLVPHGHIFRIEM,1,affibody_binder
FVEQMGMAFLAQQIWV,0,affibody_decoy
LDIVVIQQEYFYRSSVWD,1,affibody_binder
KMLDYMETMPFMEFR,1,affibody_binder
AGNHNIDMRFSTAG,0,affibody_decoy
ACQCPYSDWYVSEMI,0,affibody_decoy
LQNLFHCCPLMGPWIE,0,affibody_decoy
WCNKADPMWVSAPQNGC,0,affibody_decoy
YTMHCQGSEWGMTYQCNSQP,0,affibody_decoy
HAHYSVYVPHITQPTF,0,affibody_decoy
RTQFKLMYLSRQPAIQL,1,affibody_binder
KHDRESVSKEGWGSTPWM,0,affibody_decoy
APQTHDFNDEEIEIYKTQ,1,affibody_binder
QTRYFCNMWISWC,0,affibody_decoy
WDHNHNGLEAMVYGAQYF,0,affibody_decoy
KHRRWGMTNLRIAWE,1,affibody_binder
GNWILHADHFNLI,1,affibody_binder
TIVPIIWRAWIKTVNKL,1,affibody_binder
NPEFVWEQLDASALYVLQ,0,affibody_decoy
SNPIIDVCANDELQV,0,affibody_decoy
VVPYWMGMQLIYQDG,1,affibody_binder
LGLFLAHCWLKNYAW,0,affibody_decoy
PSYFIEVDKVFLGAGLMW,1,affibody_binder
RYTEVELCCLGVIEDEISY,0,affibody_decoy
RTVEVFTKKRPLYQMFSGRQ,0,affibody_decoy
QCRFDMWYCNNTNNLFPKTM,0,affibody_decoy
RSINQGEFEASQT,1,affibody_binder
FNKTEFPNAELSNEAQTAAQ,0,affibody_decoy
LNMVLNLCTGEYCT,0,affibody_decoy
NRDLTNLDTDQYWYYHMADI,1,affibody_binder
YEWVRAASCHRTI,1,affibody_binder
FEKIVDCAWFCYLR,1,affibody_binder
TTQHWKLCDFWSGNMYISTP,1,affibody_binder
RSGKFKDGANPVRTANHE,0,affibody_decoy
KAVEATFGWFEISRLHMA,1,affibody_binder
AKIGQRRFAYGRSSLVN,0,affibody_decoy
IGHQTYYRILSQAEF,1,affibody_binder
RCTCHVSMSPNFSMSFW,1,affibody_binder
DGMPRKEKMSGLFYWLCF,0,affibody_decoy
VFNGDFIKVAAIP,1,affibody_binder
CELWELVCQKIIRHSTW,0,affibody_decoy
EPEDPVEAQLWHNNRP,0,affibody_decoy
IHRGQASSITMGCLEKAVY,1,affibody_binder
KVWPQSNCCFQVMQHWSE,0,affibody_decoy
LCSCVFVQCCDHVYMILIHN,1,affibody_binder
TLCKFSYTTGFYHDRAA,1,affibody_binder
MAVMKLSVVVYCTSGTIFS,1,affibody_binder
YRGTVGYKDGQYRNDW,1,affibody_binder
AYGWRDLAGPTARHYLP,1,affibody_binder
FTCEHCSYHVDYYVYRN,1,affibody_binder
KKRTNRDTDDAKSSMSMG,1,affibody_binder
NCQDTQVYWVAGYA,1,affibody_binder
SIEKANNTLYHHFMWWG,1,affibody_binder
PMCMPEMTIPCDQGYQH,1,affibody_binder
LKNNISGVHKYYVRTTDQK,1,affibody_binder
AVDHEMKSQCPPVER,1,affibody_binder
TWWEDFFDGLPND,1,affibody_binder
PESSNDTGFELGIE,1,affibody_binder
NHFCAEPASWMGCKDLANAQ,1,affibody_binder
VFMNLPFNFTKEKGFTI,1,affibody_binder
LKVQPKCKDYRMNE,0,affibody_decoy
FRDLHAQGLFDMT,1,affibody_binder
VVYNPCLERPVFVGMIWM,0,affibody_decoy
ESFQYDLLANEAWLPVVQ,1,affibody_binder
YARRCSVRINLGRWPQFGH,1,affibody_binder
GTCWTYWVICFSH,1,affibody_binder
NVKRDRQTKLPHPQHYHRA,0,affibody_decoy
LYVTYVGLAMGWTDIQLLP,1,affibody_binder
VCVSKKYPMCFQDGSRFDSC,0,affibody_decoy
ESEFQQWDKIEGA,1,affibody_binder
DVDFCNCSWTWGPA,1,affibody_binder
EHAAHCEDHMKITFD,0,affibody_decoy
NHKNKCKGGNCYW,1,affibody_binder
PSSCWWFHVGRKIR,1,affibody_binder
MPDWTEASKKNMVFT,0,affibody_decoy
QLHVWPTEICPSLGWRHE,1,affibody_binder
EVIISDALIHWYMCKFCS,0,affibody_decoy
FSVDGWCTSCMYTV,1,affibody_binder
DTDVGGHHFPPYQSV,1,affibody_binder
CGKPVQAHDIPRGSCN,0,affibody_decoy
RFHYKYKAKKKFRGDFDA,1,affibody_binder
DETQIFRDFKEQEFRGYGAC,0,affibody_decoy
FEECVDDVYYICAPRK,0,affibody_decoy
RKDNTANTMWTNHEG,0,affibody_decoy
LFKTLCEWIGNCWIHAF,0,affibody_decoy
LETEFSHPMHVTR,1,affibody_binder
RLNQIMKTTLQGHLS,0,affibody_decoy
KMWNMLHVVMRLEI,0,affibody_decoy
DHRACATVEVAISEGDWYV,1,affibody_binder
ADGSNYGNVWGPSRPH,0,affibody_decoy
LPLWYTEFIFQIPVS,1,affibody_binder
CVTNPAWALHRIKMCAD,1,affibody_binder
NIPQKKILWYFKHVYQ,1,affibody_binder
LFFWNQEHLMCNFIER,0,affibody_decoy
WHVYVNNWYETRTWQPLFAK,1,affibody_binder
VCEINSYCEIHFTYCG,0,affibody_decoy
DLVYPPGQEWRAVNV,1,affibody_binder
KNNRPFTFSFSAFWLIY,0,affibody_decoy
TNSKYNIYERKIPYFFVID,1,affibody_binder
HATVYQICPGIVE,0,affibody_decoy
RPWTEQVVNDWWFPIE,0,affibody_decoy
GGVIWNILKENNLN,0,affibody_decoy
VVAVHWNGSAGYNAL,1,affibody_binder
DATKQGNSMPIGHEIPN,1,affibody_binder
VSHPCEGKCKTTWKEALGM,1,affibody_binder
IYFIECANAEHFFAGD,1,affibody_binder
RYRKYMHVYVHPS,1,affibody_binder
RLSFCSFQIIYPYHWENEEL,0,affibody_decoy
HIFPPPTVCCYEQW,0,affibody_decoy
HTWFCIGGHVNETNMMAWAT,0,affibody_decoy
YHVHHTYIKWHNPTGGQ,1,affibody_binder
KYCRRRWTEWTSNTGNCR,1,affibody_binder
TQHADRNYWLLMYYITDNDD,0,affibody_decoy
HYKCRPLEEPNTCET,1,affibody_binder
HIHARHWKCHDFEHCQK,1,affibody_binder
TTGRTWWSAGNPNVPS,0,affibody_decoy
ASEGQVCKMGQKFLDFP,1,affibody_binder
NTQSNSYFMSWYKVNQYDFS,0,affibody_decoy
LRAGCSSTKGNNTCILELGA,1,affibody_binder
PEVRCHRQISQAWQFPYHQ,1,affibody_binder
LVHKVTPGKFCEIQI,0,affibody_decoy
LETLMFCFNSFARMIVRQWC,1,affibody_binder
DYHKEVRGMEHAMQNIGGHD,0,affibody_decoy
DYAACIYFKVQGF,0,affibody_decoy
FFCETPSRESKLGQQRWEHT,0,affibody_decoy
MKSSQAVSHMNCKFK,0,affibody_decoy
NMSVRCDGDWLTTDVYF,0,affibody_decoy
GLVLHRRLYYGEPFWSCH,0,affibody_decoy
FNPDINGWRGEMYILY,1,affibody_binder
RQKDYENTEDEWGCSVRCG,0,affibody_decoy
IKAHMYSIMLNLWQLN,1,affibody_binder
SPHDAYMMWGDAVH,0,affibody_decoy
ERQMGCSTAIKQVAHRH,1,affibody_binder
ENYSQLGNEYFGCR,1,affibody_binder
PRWFQKSHEMYDFKP,0,affibody_decoy
MYRTDVGSDWDYELS,0,affibody_decoy
GLQQQVREQWTRDCRCF,1,affibody_binder
CGCEGWKVIAWYLFTVIHNC,0,affibody_decoy
ASGRMNWNEFCPRGNYSMND,1,affibody_binder
DTMMMRMYNPHEFSQNALQ,0,affibody_decoy
RCRWQIAFYEWADKSDHR,1,affibody_binder
NMHTRWSQFRFMHYG,0,affibody_decoy
QIWLWHNNLPCAMP,1,affibody_binder
VVELAQLRNSNSEM,1,affibody_binder
VETKQRWCHCREQM,0,affibody_decoy
VPMGSKFVMLNTDWKIPGGQ,1,affibody_binder
FGNTDNPLHLAPWMKIIFFQ,1,affibody_binder
GKVMMRADGFQHRCMRP,0,affibody_decoy
QSIMQVMSTKNQLL,0,affibody_decoy
HLMSEHHHPLCES,1,affibody_binder
LTKAYGGHLKTNHVKEV,1,affibody_binder
YDLPPGHCYQDCGWVFC,1,affibody_binder
VIEPPNQHHWDRLACRLTRQ,1,affibody_binder
VTAAPWRAVGVESW,1,affibody_binder
DWECKQDPKRTWARKHAYC,0,affibody_decoy
PWHVRLGHKGEPLGW,0,affibody_decoy
FHQGFHYPYNAGKDQS,1,affibody_binder
HDKDTCCSPYYKWSKMCPI,1,affibody_binder
TVLRVHEIAAKDYC,0,affibody_decoy
AEVTKYSKRLKNHI,0,affibody_decoy
FSYQCSGNHLRYRFEVCRNV,1,affibody_binder
QADLWQMMWYTTNKPH,1,affibody_binder
AHWRWRSWCQCDPEM,1,affibody_binder
FYYQPAVCMCFNH,1,affibody_binder
IHDTNKESKDWPYLMWR,0,affibody_decoy
ESAQLRPRRQIVIQHTKAKY,1,affibody_binder
SVYWQRQMMILGFLGCRTGE,0,affibody_decoy
FRCTIIRRHKACRIL,1,affibody_binder
SEYVHVRWKELLMHWPVASY,0,affibody_decoy
RPTPPFEHSETWIR,0,affibody_decoy
AIPVLELRLDSYLPMH,1,affibody_binder
ANNLQIEFEQNYKFKVD,0,affibody_decoy
FNMYAAPNYGSYGM,1,affibody_binder
DSIWTWYLPMDSRLYLHRH,1,affibody_binder
QQLKRRVGEKPSQFANY,0,affibody_decoy
EGGIASTYVRFRQTTHDAIP,0,affibody_decoy
YNPIQGPQLPMNSW,1,affibody_binder
GMAAIRYWGAHNA,1,affibody_binder
NHINCVWDIIFDM,0,affibody_decoy
CDCHRICMYDWIG,1,affibody_binder
LTYYQHRNMEKNRGM,1,affibody_binder
TVTQQRDHDSYIG,0,affibody_decoy
GIMNDDWRMLVWSP,0,affibody_decoy
LYPLCVRSGWDYYMWTGFH,0,affibody_decoy
DPTQVDMKGWPIHWHFAMQK,1,affibody_binder
KHHPTYSYGTHEGSAFGTQH,1,affibody_binder
VLKDFTVVAQEMNPSQQDQP,1,affibody_binder
IGISYHILLKSDRVHIE,1,affibody_binder
FFQPAERHFAYCD,1,affibody_binder
EWIQIINSLWTYYMW,0,affibody_decoy
DPWAPTRPMMHGDYIT,0,affibody_decoy
LYIIDDLKDMLPPRHCWFA,0,affibody_decoy
KMTQVSECDMNTKGS,0,affibody_decoy
KWIKSNILGNWDAG,1,affibody_binder
TIRFELDDFPWTQWGSCQHC,1,affibody_binder
DWHGKQFMSMPNR,0,affibody_decoy
FQQREQDQGWLRVRCTC,0,affibody_decoy
TNLKNAMRLTVCF,0,affibody_decoy
HMIMSGPGQQYAQMWPFM,1,affibody_binder
CRCFPQPDVPGCK,0,affibody_decoy
GWMSITFEGCGSNS,0,affibody_decoy
WWSHDNICSRREYFR,0,affibody_decoy
CEIQYDKFCFRKEVTWAV,0,affibody_decoy
QYIMYLSMAYDTMGFVMH,0,affibody_decoy
GVDWLKCWMFSDTHDC,0,affibody_decoy
QDPVCECRESEKK,0,affibody_decoy
HFINGQCMGDAWRIWWLCME,1,affibody_binder
AEFHSGVQILPKPIW,1,affibody_binder
YRNTVQKLSFANMCSDIS,0,affibody_decoy
YIVIYWQCPRVRQFYQLRE,0,affibody_decoy
RRACPEGCQPTYY,1,affibody_binder
VMSNANCAEFFAWEIPYAV,1,affibody_binder
IDDYALRGFDALCMLKP,0,affibody_decoy
VEQFKENRCSIDKL,0,affibody_decoy
KRMRKPFCILIDGD,1,affibody_binder
RLHDSHGTDIPTDS,0,affibody_decoy
WDGLRDLWFIDNMQWLLLP,1,affibody_binder
RDTVRSMGGLLNVWLENVAM,0,affibody_decoy
PVFHTFSMYTARNSS,0,affibody_decoy
GQAWMWEFIKNYDID,1,affibody_binder
IWQKRYMRFLRSRFS,1,affibody_binder
SPFWLCHETSAKFEY,1,affibody_binder
SNYGGLEHNESEFATCN,0,affibody_decoy
PKKCYPYWIKTFEIKQ,1,affibody_binder
DSQVLVYIVYDIQWSERF,0,affibody_decoy
YTFYKMPENMCFELGR,0,affibody_decoy
FTTCMSWASRPRNQ,1,affibody_binder
NEVYTKFQPNTFVHFMRSRW,1,affibody_binder
KWYWKKDGIHGAGAYHNC,0,affibody_decoy
VMTQFALIWWDHF,0,affibody_decoy
TDNGTKYHVAGRCYKLS,1,affibody_binder
GSMHHAWFIGCLMV,0,affibody_decoy
KFYNYCVIPKVPQME,0,affibody_decoy
NYSHMKNFPFWIARWGFYA,0,affibody_decoy
SGVIYGCTWYHDFKRCGSI,0,affibody_decoy
DKQDRGILRVNNAHCQMG,0,affibody_decoy
IYVAHTLYFRQFFTAVW,1,affibody_binder
SKESYRDCPHILSV,0,affibody_decoy
EVHASINTWIHKN,0,affibody_decoy
WMLLVYMPPLGLIMRWVL,0,affibody_decoy
YCRRGTQERSYHEPWQILH,1,affibody_binder
IPEWLWDPLVHIGTDISQAW,1,affibody_binder
KNTRTGTKLAWTIESY,1,affibody_binder
IGENAKQDDAGRPG,0,affibody_decoy
PKGTCQAMVKASNEQPQSDT,0,affibody_decoy
RIPGDKWNREEKKT,0,affibody_decoy
TNWDDNNPIHPLPMCI,1,affibody_binder
IPAVCTFICFMQWQT,0,affibody_decoy
QLYSAVAGEIGICKHRMST,0,affibody_decoy
PCGIGLNKHLNRCVC,0,affibody_decoy
LEGPCYLVYRGCLVGFDL,0,affibody_decoy
IAWKHLFHLLTHCFFIQG,1,affibody_binder
NEGNLRVQPPSVEHAT,0,affibody_decoy
HVTRTQDVELFFR,0,affibody_decoy
RINMQHTKMADIDNVVVHVN,1,affibody_binder
GNYFVAIGVNVLQTMYT,0,affibody_decoy
RMVDVFCEQMFGLGIRSS,1,affibody_binder
YQQYRMEFMSEIQYY,1,affibody_binder
MIEDYLMGDNFDPMHMAI,0,affibody_decoy
WTHLDLANRMWWATTFEPF,0,affibody_decoy
ETEMDAAVSACTRRCNNNHD,1,affibody_binder
AKAITEKEMYSTPQPL,1,affibody_binder
RTCFRGMIAFTYRNWWHC,1,affibody_binder
WPPTSWECAGSNMTVWYVQ,0,affibody_decoy
QCITNESDPPLWTWAENL,1,affibody_binder
SFPWVSVLQDLAYELEEWK,1,affibody_binder
LLQKSYTQRQVALKFAPIC,0,affibody_decoy
DTYRARHIPPILRMETGLWI,0,affibody_decoy
MIKYCPSCDMDKWQFFTG,1,affibody_binder
KTSSFLFHGDMMCHILMD,1,affibody_binder
WNGQHYMVLSMAGVAEDEQ,0,affibody_decoy
ETHFQLHSPHLNYKCCVRNQ,1,affibody_binder
NPNVTWCPVNFHKLYHYF,1,affibody_binder
LSYNRMNARPGYYEHS,0,affibody_decoy
LPMSFFQRVVWYWFY,0,affibody_decoy
HLGILVSSIACNGHQ,1,affibody_binder
KWCEMGRGFSIAM,0,affibody_decoy
RIWDCYTICKDWMEYNA,1,affibody_binder
RSQWRLINARKVSASNRQV,0,affibody_decoy
EASHFYVSDNPWC,0,affibody_decoy
RAQLFCQVKTLYQPIALSK,1,affibody_binder
DEPLAECIVMSLMKQFE,1,affibody_binder
IYKDPQVLAWGPS,1,affibody_binder
EIQHQIFVHQYPK,0,affibody_decoy
GCMDKVKMWCKNFINMA,0,affibody_decoy
VAYEGKLHFARGFLFNGNTS,1,affibody_binder
GGKAYHEICWKYMYVFTT,0,affibody_decoy
RGFWNIPMDKSPAFS,1,affibody_binder
PDAIIIEFFLGKRDPC,1,affibody_binder
PWRCFYLVPPPMIAYRT,0,affibody_decoy
CFWVWCDGKRFPQV,0,affibody_decoy
CTIWQNKDRDFMQNYAD,1,affibody_binder
FADKPIFANVVGI,0,affibody_decoy
YGWWESVYDYSMTQ,0,affibody_decoy
NDWPPEPDFYYKPY,0,affibody_decoy
QYFRMQTFSVVGQCCCHQK,0,affibody_decoy
QRSDCCSNYDCGGYQL,0,affibody_decoy
HFCQCNTPFAPYTANLW,1,affibody_binder
CDFRAKPWIYWWWIRSPHW,1,affibody_binder
WCPKWLAGQWFFTYR,0,affibody_decoy
ACGMYCELNIYDHFY,0,affibody_decoy
HVQITDHEAIVNIEQ,1,affibody_binder
SWEWLWAVSMAWMEI,0,affibody_decoy
RWTKGQPCFRIVRLVG,1,affibody_binder
LYPSCKETMFQTFM,1,affibody_binder
NKQFEHSAVCRARDSDSAS,1,affibody_binder
LPWDIIDQQGYYNDYK,1,affibody_binder
KVFAAWQKIADWCWYL,1,affibody_binder
WKQAMYLMDTWPHTNQ,0,affibody_decoy
DPGQKWKQIVIHT,1,affibody_binder
AEFMTCNSDKERELHEVWT,1,affibody_binder
PNEVEQFCWTVGYCW,1,affibody_binder
QVYTNEGWSMCYVTKSPAMK,1,affibody_binder
KWTCQETCEFVHGYDSY,1,affibody_binder
MIWKFWDYSTICTPLEHKE,0,affibody_decoy
QPVYHHTWSDGLHSFKTCL,0,affibody_decoy
MGTCQNEVQSFPWMV,0,affibody_decoy
MPYEYHMWFQSPVLGCS,1,affibody_binder
AGVTVCSSTNRYLDKD,0,affibody_decoy
CDCTKAYDMMGKRQWLQ,0,affibody_decoy
QWNFVCRKYNYMNLSIKQAM,1,affibody_binder
VLHNFIHITKWLFHLNKLA,0,affibody_decoy
HNETAHPATNCDIGPDWIA,0,affibody_decoy
IRNCTASFLSPFHSYV,0,affibody_decoy
IIMEHMYCNYLTRNMIRY,1,affibody_binder
NIQVVSNLFLPWKK,1,affibody_binder
ILQFQKDAYYWIYWRRG,0,affibody_decoy
EETIQPQTKILYHSWPLSDG,1,affibody_binder
RMAVMYREDLATQFRT,1,affibody_binder
VFDMPWYISNTITHCVHPH,0,affibody_decoy
NLLRSKKYVRLGHWPSN,0,affibody_decoy
NSPTHFYRMMPKSRQQADQ,1,affibody_binder
MQIHPNHQVWYQEYAL,0,affibody_decoy
YWWPIKGWHWAAGSGIGD,1,affibody_binder
ALGIYTLEHPKCYTPNNQNH,1,affibody_binder
VLKRIFIYPDTLLFE,1,affibody_binder
VERPPDKYQWAAPFREL,1,affibody_binder
VQNKPDPKMVIWLIFWVGN,1,affibody_binder
CDNRCDTRYFNVMWRVD,0,affibody_decoy
PRAQMRGANHKKVGNG,1,affibody_binder
RLITLLRAPDRKFIDPG,1,affibody_binder
WGTETEGIIADICQYWMT,0,affibody_decoy
YMNDIFLPMEDAIHGMMD,1,affibody_binder
DEWDYNSESDDQAKKMR,0,affibody_decoy
AWRSACTYVHREI,0,affibody_decoy
NPILQYFSQCDAV,0,affibody_decoy
CRRADVGQCGCHEEKRQ,1,affibody_binder
AFWWKDQMIEYIDNG,0,affibody_decoy
EISMQYYRQQEMYFY,0,affibody_decoy
MRDCWINDFCDNEPK,0,affibody_decoy
LFGTKDENNYGLQNS,0,affibody_decoy
FQTSPHGAHGFGYHK,0,affibody_decoy
KQWFMQQCATYAK,0,affibody_decoy
WYAAFKNSMPDMMYYSHL,1,affibody_binder
AYYKREINDRTFQTQA,0,affibody_decoy
WWREGLSIYEYVMALYYMNN,1,affibody_binder
MPQNHTDKIHGMFAK,1,affibody_binder
VISYTWGFHGENRPPDNSH,0,affibody_decoy
FVPCLIIAYLMITIIV,1,affibody_binder
SRHVFIWDRSKQG,0,affibody_decoy
RPKVDCEEQVMSPAH,0,affibody_decoy
KFMQPIVYLVCVWDW,1,affibody_binder
GWGHDCYDMSLSVEDKV,0,affibody_decoy
FRHNYYMTVCNCCYFCSLWG,1,affibody_binder
HDFYEFSYQMKYAFRGSR,0,affibody_decoy
TVDDPAVQELYVQKSLTG,0,affibody_decoy
MKCPREKDVQQFCKVANYLW,0,affibody_decoy
CNLFMRRAWYYTIEVYGLM,1,affibody_binder
EIFNTAVCFMFLCSRLWRMQ,0,affibody_decoy
SAEYYHGYTYKFVNWSGR,1,affibody_binder
HVCVDDQKNDTMFWI,1,affibody_binder
YNIERMLYWRCLGYMQ,1,affibody_binder
RDNKKFSVRYTNTAG,0,affibody_decoy
YQKKFFEEYGCFGFKLFK,1,affibody_binder
GCTEFKMMFNTHKSLTWT,1,affibody_binder
QRQFYYQCPLDPRFRSRW,0,affibody_decoy
RINLDGSYYLSTYEQTHLLC,1,affibody_binder
RACHADGTEHFDGWWYKFL,0,affibody_decoy
SHHVRRGTRGNMPK,0,affibody_decoy
LRKKYRNSGNSWVPLLH,1,affibody_binder
INNAPFEEWQYMADAINKMP,1,affibody_binder
QFRMLYPMMQHPNFDEYTDC,0,affibody_decoy
AITGYMMMPAYRTNWVV,1,affibody_binder
CCTQLTMDENIQSPGPLGFL,1,affibody_binder
WINSLNCGHRVVTKT,1,affibody_binder
HVPIMNQEKLSVMV,0,affibody_decoy
RIHTIDFCVTGIK,0,affibody_decoy
WQAPWIRADYMQYGHDGME,0,affibody_decoy
IYPQYENTAKHVAEYYALI,1,affibody_binder
RTCKGMLQFTPTQFQRSPI,0,affibody_decoy
YWKLFLHQNKVMSQEFSIGQ,1,affibody_binder
AFWTHVTLRVPGC,0,affibody_decoy
CECHLAALCMKFH,1,affibody_binder
AFPAMYPFRHITQA,0,affibody_decoy
TFAARCCVSTWMT,1,affibody_binder
CWEGRRSSSKHSY,0,affibody_decoy
DQNYFCVYAHRNLQ,0,affibody_decoy
GQVFFKQCPDSELMAKG,0,affibody_decoy
LKCPDHPANSNGHH,0,affibody_decoy
ACAWMPMKTQALYVCTRE,1,affibody_binder
GWNENVTNVPMRLCDCQ,1,affibody_binder
GMEHYSVKCCFWWMASP,1,affibody_binder
TPGGSYIEWRFNKVGCEM,1,affibody_binder
QGKAWAHFKDQEINTMG,0,affibody_decoy
GIVGGCGKSTISRW,1,affibody_binder
WYGNTCWIYMMLDGGVG,0,affibody_decoy
NMQDVSCTIPYGGRHS,0,affibody_decoy
YWFTEYEGDAPYMEQP,0,affibody_decoy
HHQQVKDPFISCIRNYSL,1,affibody_binder
VMRCARCVFFMGNAVSVVGG,1,affibody_binder
DVPMIGTYVVKSRREIWQCK,0,affibody_decoy
AIPYTVGCRVHFF,1,affibody_binder
ITQMELFTETEGGDE,0,affibody_decoy
PYCWGKFQAKHENKWLT,1,affibody_binder
IEYPHISVHQAPAEKRNE,0,affibody_decoy
LWQHQPYVCEPWA,1,affibody_binder
NPMSYESFTHNWCKRCIGQ,1,affibody_binder
VYQTAYYSFGHFTYVKPWK,1,affibody_binder
TSWEQPDMVGEIGVV,1,affibody_binder
HCFHLGLEQHCTMCQCTQYT,0,affibody_decoy
HIMYWLTAHVIML,0,affibody_decoy
IFIKFWMWTFGLW,1,affibody_binder
KQHGCQRYKTSVSI,1,affibody_binder
VRIYNVCTCDRDLY,1,affibody_binder
CECSDFHHDAIQEM,1,affibody_binder
NVADTMAFGSPKCCH,1,affibody_binder
CKHRSTTAFTDGYAFLY,0,affibody_decoy
FAMNYMSFYTLRREPSWD,1,affibody_binder
EMIQGCPYPGGDVWWVYQT,0,affibody_decoy
HHKQGANPKIMDMFT,0,affibody_decoy
STHEDGNHWVNFCKYDA,1,affibody_binder
TRKGQYMQYVHHKR,0,affibody_decoy
GAAAPDYWRLFHSVT,1,affibody_binder
GERWWDKHSKDPPNGW,0,affibody_decoy
MEAKYLCTICYCRIKLDK,1,affibody_binder
CGVWRWWWKPECPE,1,affibody_binder
NSTFLPPIVMRMLIE,1,affibody_binder
PVDQCELGCWSCGGRE,0,affibody_decoy
LQIMEVCIQYVHEMCD,0,affibody_decoy
HGFLHVMKCVRSCWN,0,affibody_decoy
CMWGEEEQWLKHTYPPG,1,affibody_binder
SGKTPMLKDTRHHGWK,0,affibody_decoy
LSKGHGFAFVLKTDN,1,affibody_binder
TDNQNLYLTYKFQT,1,affibody_binder
RCCGYEKFRYGHQRWMN,1,affibody_binder
PVNDFCWASYLSNLSKT,1,affibody_binder
YKGHLETNWRCMGRSH,0,affibody_decoy
TVSMGPDCTPYLMSNS,1,affibody_binder
SSTVPMHAKSNEKTPFT,0,affibody_decoy
DGNMDARHFRWNTRHAA,1,affibody_binder
DRQSRQRPCLPFFRWYYQ,1,affibody_binder
GGRNRMTRHPVKSH,1,affibody_binder
SMHDTNDELSHYQK,0,affibody_decoy
TCKPHIQWWDIFMVVDNI,0,affibody_decoy
YNKGNCHWKCGNK,0,affibody_decoy
HHMESPCGLKTWDEYTSSR,0,affibody_decoy
GPIDLYQKYCQDSSACLHVM,1,affibody_binder
MGAVCLCAEPSDC,1,affibody_binder
WGDNVSTLEYEICQGGT,0,affibody_decoy
LKPDKAVWYYWWPE,0,affibody_decoy
HNGPLDGWLPCKLY,1,affibody_binder
VRCSAEKGNCEMLDHRQSQD,1,affibody_binder
LVMWHQRNSCTFI,0,affibody_decoy
LEHFQFNCWENLMIFR,1,affibody_binder
KCGLAKPMVSWARPCFVKK,1,affibody_binder
QEPSLSHTRGENP,1,affibody_binder
PQGMWWEFMTYNDQ,0,affibody_decoy
DEREPCYWAKTPCEVFDVMN,1,affibody_binder
KFPSMLHLYCNWWQAQN,1,affibody_binder
RMHKHRFQHGAISWDALQTD,1,affibody_binder
WWFGNWWVPERMFWNSYGRY,1,affibody_binder
ELTGCLQAYNLLCSLPCI,1,affibody_binder
AYNPEEGMQEIVLTFHNRM,1,affibody_binder
GYKEVQTQQETLFAW,1,affibody_binder
YLSVLGMWPWMFMGDTCL,0,affibody_decoy
ADTGVTSDLRLCETYPRGII,0,affibody_decoy
VFGAEWCCGKYWQ,0,affibody_decoy
DADNFSEAANHCDVTHSF,1,affibody_binder
WLTGTPYYQIDHG,0,affibody_decoy
SPWMKRITPQYPF,0,affibody_decoy
QHNFERFYQHNRM,0,affibody_decoy
QAMTNPFAGENAAQRHNC,0,affibody_decoy
IGESKVWFNGEAELNQNG,0,affibody_decoy
LNVWFYKWQRKHRMD,1,affibody_binder
HEPFLYSATRANVPRPWPWI,1,affibody_binder
HHCKPMGTDEYWDLLKI,0,affibody_decoy
AENRFWRKFQVTRDSLRIF,1,affibody_binder
CHQHRKVTMMDAPYYWCP,1,affibody_binder
WVLVPMWQPHPAMWQFHKY,0,affibody_decoy
QTVQETTLLCYYWFIY,0,affibody_decoy
RSIDAMGMDSKIYNTSE,0,affibody_decoy
TFCHLEGTIFQGGFRSHIV,0,affibody_decoy
HQITQWQRMWWVFCYKRN,0,affibody_decoy
NYEKNWSMFMCCNK,1,affibody_binder
WQRMVFYDFCFRC,1,affibody_binder
CHMRHMGYAHSVTG,0,affibody_decoy
YYNDMIPIYVDYVTSY,0,affibody_decoy
DKMMRQDHLIWRFTPKTKIM,1,affibody_binder
DPLGPEDCANKIWN,1,affibody_binder
PACMAYLDDILGFKDRL,1,affibody_binder
MMPLIVFMFPTSG,0,affibody_decoy
PDYVELEFWVVMANLHWI,0,affibody_decoy
AKGSSMTRGSYVEAM,0,affibody_decoy
ICAGTGYELVPDRDTRLTSI,1,affibody_binder
VTWYLSFKSKSYL,0,affibody_decoy
IHLMEIYSGAMNPKEGE,0,affibody_decoy
HWETGIKDLYQMPLR,0,affibody_decoy
WSPGLFSKLANFFGV,1,affibody_binder
NMYRDPLCKPVNW,0,affibody_decoy
PQYAQGNREHAKDNDQT,0,affibody_decoy
CENRAGNDQLWQISPST,0,affibody_decoy
WDTEWKVPLSWLVQPTTKRE,0,affibody_decoy
TRPPETAKYTSMMFMFD,0,affibody_decoy
YIQLVTYTTEYCFLWQ,1,affibody_binder
FRYDVYKGWGCHSGSICTI,1,affibody_binder
IYCLIREDKPKCDED,0,affibody_decoy
NNYNTKDATWQYPCKLS,0,affibody_decoy
FAWMNSSHMKEVGSVGR,1,affibody_binder
SIQGMDCSIFDPEPTP,1,affibody_binder
DWGLGHQIAFAIHALWN,0,affibody_decoy
SWMQMTKGDRWAGLNTFD,0,affibody_decoy
FYKCYVWVCWFQCKDEIHD,1,affibody_binder
KCTFFCMSRAWNG,1,affibody_binder
QNPRTKLLRMHLAPT,0,affibody_decoy
VVDFEHQAEEHWCEF,1,affibody_binder
WKMNMQRVYHVKMD,1,affibody_binder
GECVIPWSVNFYKR,0,affibody_decoy
KKQHNVSRYYDTIVNKGTL,0,affibody_decoy
FHSRYNFDIRFFKQFNPNI,0,affibody_decoy
IRNPICMDMVVMIMRCAY,1,affibody_binder
PREWSYWVKGATDNTPIWL,1,affibody_binder
SNDDVIKLNYMQFCHFF,0,affibody_decoy
GCGTVKEYFINHCIWCLVAW,1,affibody_binder
PWYGFEFCYHGRRVI,0,affibody_decoy
DWMSGMTTAEIFAYK,1,affibody_binder
CKLAHKPHPTPMINVSQDC,0,affibody_decoy
FYARGYSAVYFYYHSL,0,affibody_decoy
NCGYFKGHPNKYYQETC,0,affibody_decoy
FWCDVAHPTNQGLW,0,affibody_decoy
RMCSYLLGRAKYMIDS,0,affibody_decoy
PWPWECPKLSNDDDG,0,affibody_decoy
FLGHYMYWMIDHC,0,affibody_decoy
LGGGMTRCIYHQWG,1,affibody_binder
KGDRAFKDSNAHDRT,1,affibody_binder
AYEDTFIHACSNGCMTSN,0,affibody_decoy
YMDFSRSKSGQAPEYERVSP,0,affibody_decoy
WNERGTSHSVPVIMS,0,affibody_decoy
KEKIFLFRMHKHPRPHKH,0,affibody_decoy
CACKFAKYPYRYQLKE,0,affibody_decoy
GCCWPLWRGYNQDKFW,1,affibody_binder
YNNPEYPYCVWEF,0,affibody_decoy
TPAIPDWNYTPDLVWYK,1,affibody_binder
RAANDRHMFRTADWGNH,0,affibody_decoy
VSPYQCFFRYFMPNYKTLA,1,affibody_binder
EVDKTNFDGKMMDYC,0,affibody_decoy
PGGGQHCCLPFQDPCP,1,affibody_binder
NMIKCPAADYTKQKI,1,affibody_binder
WPEFHPMMKDLIHFRWYW,1,affibody_binder
GSHMMCIKRPTMD,1,affibody_binder
RKMTRMCRNRLTSEETH,1,affibody_binder
TYYRELCLTIRFIDAVSY,1,affibody_binder
ECDWTHRGAVEEVSQY,1,affibody_binder
SYERMFFEMWEVYTYI,1,affibody_binder
PANMDAMCPDDYCH,1,affibody_binder
IAKPFQWKMMEVQ,1,affibody_binder
CEMQEPMTYILNWLCHICQ,1,affibody_binder
YLKHTHGVRQRSD,0,affibody_decoy
CMFLIEPLNWPLQGHC,1,affibody_binder
LHQSGPYSPCMVFWEYM,0,affibody_decoy
VTVVSQAYAMDWND,0,affibody_decoy
WLHIFLKSSKRSDNTV,0,affibody_decoy
ENTGLVHSGHPEEW,1,affibody_binder
GCDEDQWCEDMDQR,0,affibody_decoy
IPTNAVSWIATGQTKQSWG,0,affibody_decoy
WIAHANCNCEFVRGVYCCW,1,affibody_binder
LKFEFEMTDCKPELNIM,0,affibody_decoy
QGFFYEEGLFFKYCKFKK,0,affibody_decoy
ATKLFLTYNWKYGRGA,0,affibody_decoy
ATQSTRETCVDWELCK,0,affibody_decoy
MRMIKECEFTWPD,0,affibody_decoy
TSAPFDWKWSAKRMVDAK,0,affibody_decoy
CIYRCMWDHICGD,0,affibody_decoy
GQNQSCLFAMYFHEMTFFY,1,affibody_binder
MVVGLTCWKFNCMVHD,1,affibody_binder
NIFCNGCTDGRIYD,1,affibody_binder
NKFNKEQQNAFYEILE,1,affibody_binder
HDPIAHWGFTFTGVKAC,0,affibody_decoy
QSRCQIAHVDMVYMGYS,0,affibody_decoy
FEGCEWKPDAHFGRWIYCAL,1,affibody_binder
KISIQQYWEGQRPFENGTL,1,affibody_binder
RTCFEGVCVATRAM,0,affibody_decoy
LPTRGEKPSATAWHNH,1,affibody_binder
EQTFDCWDKHIIDCMGLSP,1,affibody_binder
LMHLRNILMTCDF,0,affibody_decoy
APMWAPFLYLPWPDQAH,0,affibody_decoy
TGMKTGFKCCRRPEVSRDAK,0,affibody_decoy
GTHCFKARNIAKE,0,affibody_decoy
PYIHPNQNYVTVGWVNS,0,affibody_decoy
WCFQWVQMIRRHWQTNKY,1,affibody_binder
DAQPPQFFSGSENYG,1,affibody_binder
ECTEYTVDPCLQKAC,0,affibody_decoy
YWEQNWLWFGEAKC,1,affibody_binder
WFMSKFLRSRRQRYI,0,affibody_decoy
PAQWNMRLWMCSPFFEIC,1,affibody_binder
GERDLKAGHPIDS,1,affibody_binder
TWMAIRNVKCPAHLCDA,0,affibody_decoy
YLNTNQQDFLTYTK,0,affibody_decoy
MHGVRWCPNVKNRCTDIDFT,1,affibody_binder
WRMTMWDPHVAAENMIYYI,0,affibody_decoy
YGRPHRKIFAHRPHQMKIKK,0,affibody_decoy
WTHLYKIPSWTCIDEFKEM,1,affibody_binder
DSVFMWLKMQMNSPD,0,affibody_decoy
WCQPKVDILDVVTTITH,0,affibody_decoy
GSNYDIKVVRCTLWDSSQ,0,affibody_decoy
NFTGQATNTMEDMRQFW,0,affibody_decoy
QRNRCEWLPNFMSHGLQM,1,affibody_binder
TNAIMGQHLFTYTRWE,1,affibody_binder
NVDCDEMNWMAMTCM,0,affibody_decoy
KQHLSLCQGHKARWCWNP,0,affibody_decoy
KMPTWCPEWYSCRMQTAKH,1,affibody_binder
HDRQSCTKQMHENAPSWP,1,affibody_binder
CSSFGCGQCHCDKV,0,affibody_decoy
QKRRDCSPRNYWH,0,affibody_decoy
CGGCMIDCRHCLCRTPICA,1,affibody_binder
EGGMDYIKAHLPP,0,affibody_decoy
GMLRMQHKLGEKTRPSVVT,0,affibody_decoy
YKHFADSCTTFTTCQAN,1,affibody_binder
ANIGHAGWYMRAA,0,affibody_decoy
PHFDLRSQDICEKS,0,affibody_decoy
CTAGNTAWLGSNINQFLIVD,1,affibody_binder
VGVDHNNTTEPQPNKLQSYR,0,affibody_decoy
KIKGYVIEMMWHHE,0,affibody_decoy
WFRSTSWFGTEWIRWD,1,affibody_binder
AGFHRKVPTASVL,0,affibody_decoy
IKILIVGVYHFPPW,0,affibody_decoy
AWNSADVQWEIGK,0,affibody_decoy
PTEPSGPELTLWSSRVW,1,affibody_binder
NRSPHVSCRLLYGL,1,affibody_binder
AFQEHGDGPQQAAEVVLH,1,affibody_binder
RVNTFLCTKANLM,1,affibody_binder
HFPWMANARLMPPDQ,0,affibody_decoy
DGSTVAKVQMLKKCSPMSQ,0,affibody_decoy
MIPLYLCRHYQGP,0,affibody_decoy
SFFPQEVESDKSNKHN,0,affibody_decoy
NGSDGVPHHDGDDIHIKQ,1,affibody_binder
SDVVWCRYHTRVFP,0,affibody_decoy
QMFKSTSQDDKEVVPDR,0,affibody_decoy
RGAIWRKKYCMSYNTEADCW,1,affibody_binder
ENQQYNAMRGMWYIF,0,affibody_decoy
IGPTPQQSIMFLEYAEY,1,affibody_binder
VMCMIWPWYLPCWLVWHD,1,affibody_binder
GNVNMRCETCQNDWLVP,0,affibody_decoy
EMHSKGQTPNLQHNRTFGH,1,affibody_binder
NDEVFDQSWVWPKTK,0,affibody_decoy
GHQDWFFAHPNGRSGKYLH,1,affibody_binder
EICFWCTRSYSDSDWPMK,0,affibody_decoy
KNHFELYPIKYSK,0,affibody_decoy
WHFVPKQTMKDEHP,1,affibody_binder
WFRVQWGWGVPIEHRA,1,affibody_binder
CWHFMNPLKCYVQT,0,affibody_decoy
HTYTFAWNWSFKALAN,1,affibody_binder
ACTNKCHQGFVHHEEF,1,affibody_binder
LHWNGTEGPSVHEE,0,affibody_decoy
WKTCFAPQKMHWDWHNN,0,affibody_decoy
ASYSHPTKSDEQP,0,affibody_decoy
CITANKNGWGVWS,0,affibody_decoy
FRVVYTWRHVSPDC,1,affibody_binder
VHMDSCADTFMFQ,0,affibody_decoy
MNMLPNSLGVIFWMF,1,affibody_binder
GSYLMMLYIARCDKSR,1,affibody_binder
QHKHKCDTTFPSWGGACIFM,1,affibody_binder
DSFRPGGLRWPTM,0,affibody_decoy
RCFDFLFVEPQFDWLMCT,0,affibody_decoy
KRTHMSHTKPHDFHTAH,0,affibody_decoy
FMGFDDGLRECHQ,1,affibody_binder
CWSSHKKKAFIWFMF,0,affibody_decoy
GYCQKNMHALIMNFY,1,affibody_binder
WRKWENQSRRGHVECQSCDE,1,affibody_binder
PRKRGPYSQLSQMY,1,affibody_binder
ISYKMTWCHGDEESNDV,0,affibody_decoy
QACVMCIKWLDKTMDQND,1,affibody_binder
KQWVQTVTPHFAC,1,affibody_binder
HGYLERVCVLAIFWHHWAE,1,affibody_binder
MYSSLTKNTLETVCEM,1,affibody_binder
RVQMNLNLVNGYIYI,0,affibody_decoy
EDRSYWDQSFPGSVTGCGV,1,affibody_binder
LTSMYVNETTLSKECM,0,affibody_decoy
PIMAGPGNRWREDYATVI,0,affibody_decoy
KATIDDMSSPYGN,1,affibody_binder
CAIAIGNNTHYVHG,0,affibody_decoy
MIKTYHAFYGHPHWL,1,affibody_binder
DYRVLNVNWLTIRNWCFWV,1,affibody_binder
GDQCVWFMFCVVASTCPYGI,1,affibody_binder
NPMHFSCEQRQSIHSDWD,0,affibody_decoy
VNDTMTAYDRHKWTYHYGWD,0,affibody_decoy
DGDQRIQHKTGEIGNCEP,1,affibody_binder
ASDRKKTSPKWDAFVMAW,1,affibody_binder
DMSSQVKWHYEIG,0,affibody_decoy
WCMKFCERIAAICHVCWI,0,affibody_decoy
MGMLGCPRNSDRK,1,affibody_binder
WPCAAVYTSWRMNLY,1,affibody_binder
HNVTMMFKQHICRM,1,affibody_binder
KNSVPQKRHTFVQ,1,affibody_binder
FYDDCGYPGEARGKFCM,1,affibody_binder
LLEQPAKAWMAMFDQG,0,affibody_decoy
NEMHNNGEWGDCDYFMLY,0,affibody_decoy
GCACGRPINTAMPV,0,affibody_decoy
YQKHSAWVEPMSHQVRY,1,affibody_binder
WFKHWHGPCMYKICWINN,1,affibody_binder
EAYGVWNQCGQNNHI,0,affibody_decoy
AKGLSICWDECCCNAT,0,affibody_decoy
QCPYYAGLTYMDVW,0,affibody_decoy
QSVHPDAVGVSAMENIQV,0,affibody_decoy
TFAPPHTVYTRQYNPACYCS,0,affibody_decoy
ARINMDGQTFDREMYLVP,0,affibody_decoy
EQWNHRARWLYPAYCK,0,affibody_decoy
GVWFVTTTNCHSPGWGTYFY,1,affibody_binder
CTYPMLAWYLKHWMQLLTRE,1,affibody_binder
KRKYTVHSFGVPSEKQFLF,0,affibody_decoy
LMNMSPPAEDNDEKYIGNQM,1,affibody_binder
EWGEQIESDWTKVLRQYQ,1,affibody_binder
ATFNPYHYFHFTR,1,affibody_binder
EPYDNEERTNMKTNYTPM,0,affibody_decoy
GKWGHWRSELHEHYGGGW,0,affibody_decoy
HSMIGFKPIHHNC,1,affibody_binder
TRRSEIVWVIEFVQMG,0,affibody_decoy
CVHPPSVGASCPSDDD,0,affibody_decoy
VWMGNRREASGSFR,1,affibody_binder
PQLPPRQRWKMRQQFAMEVQ,0,affibody_decoy
HRLDTMGWQCKNWGYPV,0,affibody_decoy
QNIHGTHHFVYYNVPW,1,affibody_binder
VIFSACKLCDICE,0,affibody_decoy
EVWKSCESANKQGCMAW,0,affibody_decoy
EILFMLGDWSPGYYMLLFPK,1,affibody_binder
RSHLLEQHMDYDTGTS,1,affibody_binder
HQRHSNEFPIMQSDDSWC,1,affibody_binder
DTMVSLFCMWMLWLYPGG,1,affibody_binder
VYVSKGYYQEAWLEHDNAT,0,affibody_decoy
WIMPQGEYTRQSKSYGEEA,0,affibody_decoy
GCWSKMMILTKSAE,0,affibody_decoy
FGHPQSQLLDTIRK,1,affibody_binder
VIHDAGTAILWMK,0,affibody_decoy
DTNAVGGLFHKKFSL,0,affibody_decoy
FTGQSHCFMCQYFRFNFHVS,1,affibody_binder
GYIHHVVYHVSFVGMY,0,affibody_decoy
VSRPVAWKPCKGCMKLKFA,0,affibody_decoy
ITMDQQVALDWHNPLAE,1,affibody_binder
SRYNLGNSAHPMYRYE,1,affibody_binder
WGSEYGTFKFMEFVW,0,affibody_decoy
YPMAGSKKARVQHQGN,1,affibody_binder
YPWIYITFLVQGD,1,affibody_binder
EKGAGKWWHIVCVTNIL,0,affibody_decoy
FSVEVLFIRLQACDHVK,0,affibody_decoy
SMVREGSFRNARGW,0,affibody_decoy
SEKPMWLHAVMCHYDHTR,0,affibody_decoy
WQCKHWDCHVWLYLE,0,affibody_decoy
RWFGYQVVQPSVHHRAEAMC,0,affibody_decoy
AGMWMHPYMCIYFI,0,affibody_decoy
YTMMRRSRSNRHLFV,0,affibody_decoy
FQGYAPCTGADKWW,0,affibody_decoy
NDFPEEDITSTLGTQCLLQ,0,affibody_decoy
CFFLRKCGFLMFQRYVVT,0,affibody_decoy
SEFNHDRMTIQVYPVSETSV,1,affibody_binder
NSGILTDMPAVAKVMYW,1,affibody_binder
FMHKFMIQCKPCLCGDK,1,affibody_binder
VGACIRQSRWKTKP,0,affibody_decoy
FMKHHDSMSRAVNCQPIS,1,affibody_binder
DRFPRARTSDKINSPSYWA,0,affibody_decoy
VKYHVCKRVPDDL,0,affibody_decoy
MYKIEGKMNSVPRGRCNLWL,1,affibody_binder
PHFGDEHYCEKLN,1,affibody_binder
AFTLVTTKIDVFYYFL,0,affibody_decoy
EKRLHCTIKFVGVSRIHVV,1,affibody_binder
TMIMLFECDILATKVPMD,0,affibody_decoy
THWNDMSQMMMLY,0,affibody_decoy
QDCLTTKLMFMWE,1,affibody_binder
GMWTPVVIFHGKYHKYMFR,0,affibody_decoy
HLDNVCNARVQSMITKLL,1,affibody_binder
DNHWSETVEERKFEMALCT,0,affibody_decoy
SNTRGHYPIGCVQSMD,1,affibody_binder
RKTHDHVVWVWSQQPAYKA,0,affibody_decoy
NAKWYGACKGKGDHYIHW,1,affibody_binder
VYVSGHVYYGHSNRNC,1,affibody_binder
FVEFWYREWPIWN,0,affibody_decoy
IWHYMKKHYAKAVHR,0,affibody_decoy
DFVFFTIHDWNDDVTSFLRS,1,affibody_binder
LDVQALRVIPRNCRM,0,affibody_decoy
SMWRSLDREQWFQFQFSRM,1,affibody_binder
LMWTEIQEQYCMIHCNLPC,0,affibody_decoy
HDTEIHQEWSMERDYTDCN,0,affibody_decoy
DFFRAMNDWHPFPDEVKVIC,1,affibody_binder
EHLGDAHHVRSCLEYC,1,affibody_binder
HDDPMFIEFNPLRDKVW,0,affibody_decoy
SWILNFSPINNHCI,1,affibody_binder
QVYNEMPVIWQAAV,0,affibody_decoy
KDTIWKVDKKEMSD,0,affibody_decoy
PASAWSCHKTWMHD,1,affibody_binder
KTVLKEWPQTVVYG,1,affibody_binder
PQECVCEDSKRKE,1,affibody_binder
DVGDTYTAWYMRWDYHTNKH,1,affibody_binder
GEWLQPTTCLEFKTYLVTS,1,affibody_binder
LKVYCAMCAEMKW,1,affibody_binder
EPPMTRWNMLLHRK,1,affibody_binder
QCHLHNNGSRTTELG,1,affibody_binder
TFWVTDVWKGARKKSPMI,1,affibody_binder
VLTCKESDSPYAAPSQHCH,0,affibody_decoy
PAWRPFHNWFPTNTVW,1,affibody_binder
YQVLWNWQEWICI,0,affibody_decoy
PPYPAHGDCATYYI,1,affibody_binder
TYDPACVENKAKFFQRQETR,1,affibody_binder
DHFEDTTTPFSMMCQ,1,affibody_binder
PCDCMYTEIRDELMKW,0,affibody_decoy
QVQAPLFMANYYQLL,0,affibody_decoy
YDPVCLITRIAEDR,0,affibody_decoy
IMNRLHVWQFVFQGI,1,affibody_binder
FYKCCRHWVGRHKNKLYQ,0,affibody_decoy
PCSDMGHYNKDRGKLERKT,0,affibody_decoy
SIKCKTVGGYTQETI,1,affibody_binder
ERTYYHDVNQFSIMAC,0,affibody_decoy
RTMWFHLENVWHY,1,affibody_binder
CDEHRAKNKIASRMM,1,affibody_binder
LNHFCRLWATHRLHQIHRG,1,affibody_binder
IHTFGTCYMLPCR,0,affibody_decoy
VSMVEIMKGWHFQTY,0,affibody_decoy
IGRPEVYIFELETFMPDMW,1,affibody_binder
RRELWVIPCTAHGTHTRMNE,0,affibody_decoy
SYGEDIGLNAWHENDK,1,affibody_binder
SKVLEQCQNVFHVKNW,1,affibody_binder
HRAKMCRRYDPMRKQEE,1,affibody_binder
GSIHEYWIICAPTG,0,affibody_decoy
PLFQAAYLPPPAWMDHW,1,affibody_binder
RAWPRSMTCMWNTCINDI,1,affibody_binder
MNDFSHVNTNCMQHRCSMN,0,affibody_decoy
YAPILEMDEVVWFNVLHW,1,affibody_binder
CQKTRPRINATGSGR,0,affibody_decoy
MTLHPQEAVIIFY,0,affibody_decoy
DLCTKWTCLGHKQD,1,affibody_binder
SRRHPERGYYIQWLQECTH,0,affibody_decoy
WMDRFTHIRIPYHHPGVK,0,affibody_decoy
IPWTQSADLPSGGH,1,affibody_binder
DMSEVTYSRCRSKIPDG,0,affibody_decoy
FWMQVWDDPAHLCVSTCMMD,0,affibody_decoy
VCQQICCDTERWTELIPD,1,affibody_binder
NVQDMPVNWIYYMAE,1,affibody_binder
CHRLFVNSKSGLSEKEVG,0,affibody_decoy
SCISSVLIHQTRMDV,0,affibody_decoy
VKSGAQRYWRYWLENR,1,affibody_binder
TCTMWKDQKRIYHKMSML,0,affibody_decoy
AQDRCPCAITDEKDLW,0,affibody_decoy
IDLYQSMYRWSHNQHL,0,affibody_decoy
KPHMHVQPFTKDEW,0,affibody_decoy
CQNHINKALNPVWFDGR,0,affibody_decoy
FWEMPENKDWGEG,1,affibody_binder
PALRIQWETRQVPDCNRHHL,0,affibody_decoy
TGLVTASFQLDVYD,1,affibody_binder
HNICERHCHHIVIFP,1,affibody_binder
DNVWMHNWYWWTTHH,0,affibody_decoy
FQLVMASSYSDNLW,1,affibody_binder
MARWELDQRQVAWDMGNWW,1,affibody_binder
MEDLVMECMCCCCKQV,0,affibody_decoy
NQTMSPDQIMKNAQWQ,0,affibody_decoy
MAMIGHGEPKYNELESI,1,affibody_binder
VEFSIHWIALQKGPP,0,affibody_decoy
WRIIRAESDWNICEICTDP,0,affibody_decoy
LLGCEIWIFNWCAHKTF,1,affibody_binder
QWMLWDRVWGMAWDRQAEN,0,affibody_decoy
CFTLNNYALMMSW,0,affibody_decoy
YVSQMCCTQFFKVRQGQHC,1,affibody_binder
NKNSMANMFYMDYWCCAQ,1,affibody_binder
CRPQQAALTMKRIDPVVP,1,affibody_binder
HPIMDASCCSWMQ,0,affibody_decoy
VGCWIRRRAPYEWCGHSMV,1,affibody_binder
IGHIWVPINQIRPL,0,affibody_decoy
KVFTSWVPENDKWDQ,1,affibody_binder
MCNSYKRQLLVPMTTE,0,affibody_decoy
YYMLLEQQFSFNIIEYD,0,affibody_decoy
YKFHCCGYNQYNGTPEK,1,affibody_binder
EAARLEGNYSLQVGINT,1,affibody_binder
MQLDMIKMMVWGGED,0,affibody_decoy
GDKYVQFVQTEKT,0,affibody_decoy
NQDHERCIVTDPH,0,affibody_decoy
CYVKIMEVNPYPQKF,1,affibody_binder
FTTDLCSCPWAFRK,1,affibody_binder
FQLPDQIIEDLGFPCPPTH,1,affibody_binder
MSAAGEDWWVYQRRTQLPKG,0,affibody_decoy
NMVVIATAGNYPCC,0,affibody_decoy
LNEWNCIFGNEWWM,1,affibody_binder
KNRLDFKEHHQQVLGMECI,1,affibody_binder
EDLFYKWSRLGAEWVSD,0,affibody_decoy
VRQCNRLRAILDPVM,1,affibody_binder
LGHMMMPARDDARAYHPLAS,1,affibody_binder
LGWNRESPVDIYQCVST,1,affibody_binder
HEREVSIDEAWRAWMDGELM,1,affibody_binder
LEMGGVYHKYDPIDPSNGSH,0,affibody_decoy
YPTGMFLQPAGYMYIHL,0,affibody_decoy
TCVGEFNYQCKYAWMDI,1,affibody_binder
EQTQMSLMGFPKPI,0,affibody_decoy
TTAKNMRSLGTTHE,0,affibody_decoy
CDFIKAYMDVHYMFMKEATG,0,affibody_decoy
GDFPTQGKNHLKS,0,affibody_decoy
RQILFKASCMWNSTPHSV,0,affibody_decoy
FIAGRVYQKDITHNVGTVS,0,affibody_decoy
YVIRISLEFTFDKQEDQEF,1,affibody_binder
DEFHPNWDLPVRDMKFI,1,affibody_binder
TPPRHCDWHKQICCYW,0,affibody_decoy
FRKVIRVEYVTHVAKWMVW,1,affibody_binder
MPEGCTHDPMYCQQPMI,0,affibody_decoy
LTLTNCFKYVQMKL,1,affibody_binder
VAFAALGTWKLGTFLLY,0,affibody_decoy
ASKMSKSTKMHQGEMRQEWP,1,affibody_binder
YLCYNAYCISTYTKLMPNF,0,affibody_decoy
HSCYPHCDIDVEAEQFTPM,1,affibody_binder
GHDQFTDEGSIAECPPIP,1,affibody_binder
CPYQDFLNCDQNWIS,1,affibody_binder
DATASTWGDGAETEPGM,0,affibody_decoy
MRLSSLHNQWYDQHIY,1,affibody_binder
EINSELCICKWYTFWLSFE,0,affibody_decoy
GHQAAAPSIVQVG,1,affibody_binder
MVCWYKWGMPKVPVSGPDTA,0,affibody_decoy
GFIRYDIEIFRLYH,1,affibody_binder
DVADRHWPHEDRHTGSVYCL,0,affibody_decoy
FAWKDAQYMMEPNFRDYNFG,0,affibody_decoy
QCPPDFGMALEICN,1,affibody_binder
NRIATQITAHNDHWNAI,0,affibody_decoy
KLIMNRGRFPYLAEIVTPLQ,1,affibody_binder
TYNDMNKMETTRPPNEYE,1,affibody_binder
DWWWCHAGFSYPKLAQDAKI,0,affibody_decoy
QFDGYDPKGKGYNYPMYGDL,1,affibody_binder
YSRTKHPPLWSPA,0,affibody_decoy
PTAQNDGRYHPSYNMAW,1,affibody_binder
CYSDIMSQANLMMPCNSNE,1,affibody_binder
SDSVCCYPIYQMAEW,1,affibody_binder
IFWQIVNTVVQSWQI,1,affibody_binder
MWFRGCKSRHNHK,0,affibody_decoy
KAWLMGYYNNWDTE,0,affibody_decoy
CIGVVTEHYQIPA,1,affibody_binder
MTSLAGRDSTPIHMC,0,affibody_decoy
GVEYHQWAIGCNQNN,1,affibody_binder
MWAGWHLKCVFCYNCVISW,0,affibody_decoy
LFYVGRYIYNTWEMCALRM,0,affibody_decoy
KWERGVWQYSYRLANR,0,affibody_decoy
QQPWPCEWAHVLY,0,affibody_decoy
IKLKKNHKPFAGVLNALAN,1,affibody_binder
KMYDHMQAFEKQA,1,affibody_binder
QHHTWQCHIMCSWLM,1,affibody_binder
RPLRSDEMRVPPLW,0,affibody_decoy
SFQWNNRGQGFLVPIEC,1,affibody_binder
SCMRFHCPHGYQYDK,0,affibody_decoy
CNCQKGRIFMTSYHHDVM,0,affibody_decoy
AAPRMVMCFWYYDCFSQ,1,affibody_binder
QTHACENSRPRLCVCSQL,1,affibody_binder
CQNRATAWIWMLDVWMKHW,0,affibody_decoy
NTPDPNNDILICPWHM,0,affibody_decoy
CGMQQGNMQYTHEHE,0,affibody_decoy
KMLKGYVSLDSNCGSV,1,affibody_binder
GCLYLEVFKKRHLWQSVIG,1,affibody_binder
WQIYEETELCRTIS,0,affibody_decoy
GDVTSVTSVKGRVQ,0,affibody_decoy
HKNWMIPNMNKAATFYPC,1,affibody_binder
DTSSRFEFGDRACKV,0,affibody_decoy
ANWKTNAQYWPNNRHEP,1,affibody_binder
QSDAKYLCQVWVL,1,affibody_binder
HSKNTMGCTEMKWR,0,affibody_decoy
LVYIIKMPDKINVEF,1,affibody_binder
FRCPKRLGMRKWYRHGA,1,affibody_binder
GPHSYEIIGAIWCT,1,affibody_binder
QQPYHSMCEDNCYTE,0,affibody_decoy
AHAPVFSVYCRAMPP,0,affibody_decoy
NHHWFDGHVIVIVYEKDPP,1,affibody_binder
FEVELVIDLWYAHVEVVEM,0,affibody_decoy
ITNWMCDCMYALTW,0,affibody_decoy
CVPGNTIHKHCPLVTPWVD,0,affibody_decoy
CHFKEQIVWWMMG,1,affibody_binder
NEQTFMEEAYPKTHQ,0,affibody_decoy
RGYKPGGLKHKLYTQI,0,affibody_decoy
ADVCMNGNPSFMHTHFY,0,affibody_decoy
RWDTLTHAQGQGLWTS,1,affibody_binder
PYLTTHDSIGKEWS,1,affibody_binder
NAIDVPWVYLNIHILY,0,affibody_decoy
TAQIFLSKFLERDMWDRT,0,affibody_decoy
IQNMCGIRPFISTMIWCCKA,0,affibody_decoy
MLIWDVCWWECYWLNKAH,1,affibody_binder
LVLICLKDRMQWFES,0,affibody_decoy
VEDIVGIDYNDMLTNRVYTK,0,affibody_decoy
CISQIFRCGWHNDDYPSECR,0,affibody_decoy
SVLTPGSNLVPAG,0,affibody_decoy
SENYGNQFYKYCKVHDREW,0,affibody_decoy
VLSIRETLGQSLPL,1,affibody_binder
CWCVSANFGFNGIGDIG,0,affibody_decoy
WAWYPWHDRRCSKIFWIPW,0,affibody_decoy
PWRSGSWAKCIQAM,0,affibody_decoy
VDIWKEQCYRRIQ,0,affibody_decoy
NGKCAECQAELKSVWALML,1,affibody_binder
NVTMNPMVSYFPNCYQFI,0,affibody_decoy
ETDHKNNGKIQYWLD,0,affibody_decoy
EKNFQLQASDQVC,0,affibody_decoy
CVAGALICCEPHLWNVQLG,0,affibody_decoy
DIPKTVGQHIKWQ,0,affibody_decoy
YNTWGAAVCLVIIHEV,0,affibody_decoy
QCAFRVNVGVLDY,1,affibody_binder
ATMCVRWYSYAPNWL,0,affibody_decoy
WRDTKVPMFEPDWCM,0,affibody_decoy
LNAEEMDLEMHYYP,0,affibody_decoy
WVPIVLFYPHGIIK,1,affibody_binder
QPCCDMHRYKDYRC,1,affibody_binder
REGHSRIDYDSCQQTMVT,1,affibody_binder
MYHITVLHILWAM,1,affibody_binder
NVVAPEAILQHCWDDLR,0,affibody_decoy
RPMALWWTSHRSECL,1,affibody_binder
RTCQGECERDSKWGNDYEV,1,affibody_binder
VHNWYLNFASYIMG,0,affibody_decoy
QWTKEYGLYYGSGNSG,0,affibody_decoy
HVKACKPKSTPMWFEMSEYM,1,affibody_binder
CLQMSRPCMEYHNFLMD,1,affibody_binder
SCPHPDLRNEIPDYVPPLND,0,affibody_decoy
RDKLNPNVCINMGFVM,1,affibody_binder
KMHCFRIMAGWPTNNGPSR,1,affibody_binder
GVVYYSILMHLTKHS,1,affibody_binder
TKCIITDRQVNLCWG,0,affibody_decoy
PGHFTEGWSMWIHLQRL,0,affibody_decoy
GQDEYYTYQHYSDTIECKK,1,affibody_binder
GFFVTCPYHAVRI,0,affibody_decoy
MHYDIFHHKPHIKVF,1,affibody_binder
QSSVLADEVGMMHN,1,affibody_binder
WVRHPDKPPQPVCMQDA,0,affibody_decoy
ATHFSDRVWYGKAWVY,1,affibody_binder
IRQAMALQNYSCHK,0,affibody_decoy
AQVMQVTPKVRQLGDAT,1,affibody_binder
LVSLCIKQMNGNKIA,0,affibody_decoy
RGGVTYPPCHLHEHGIM,0,affibody_decoy
IIDPISCFCEYME,0,affibody_decoy
VLRPFEYTTFMLIGQACLNP,1,affibody_binder
DNVQYIWRREHRPTHTNPI,1,affibody_binder
NHNSNNKFWLAWWKQD,0,affibody_decoy
DQFHIFKDHRPMGL,1,affibody_binder
LIMGHLLEWRNKPMNIRICG,1,affibody_binder
AGWASAHVLGVVNNY,0,affibody_decoy
QCSREEAKVKYIHI,0,affibody_decoy
ADEYLSYFNFWIAGWRGGSS,1,affibody_binder
GNVVVIKWIFYQAFWR,0,affibody_decoy
YNDVDGNRTEDVSLLIS,1,affibody_binder
CCMSEHQGPVVKICFS,1,affibody_binder
DWRRMPWEHVFYHHM,0,affibody_decoy
EMELDGWMNSWAHYAFA,1,affibody_binder
HHEWYDEKEIAALFMEE,0,affibody_decoy
INCHKSPRELIILLGR,0,affibody_decoy
NWRAVMQGIFGVLA,1,affibody_binder
NILWENTMMHKGDCINET,0,affibody_decoy
HMETYHGEQAFPE,1,affibody_binder
WYNRLPVLAYKHFMKSHY,1,affibody_binder
DCNRQSSEWMYQSM,1,affibody_binder
YYYYRQMFTFTGKMFT,1,affibody_binder
ANVDWVAPTYMKGMSLI,0,affibody_decoy
EENSFAESKTQNQD,1,affibody_binder
APPGCACGMNRVTI,1,affibody_binder
DWYSVYTEGQMYSW,1,affibody_binder
AEGDCFCDFFSIADNCLWQD,1,affibody_binder
KTYCVVAILCDMMHSKS,1,affibody_binder
MGRCCMIHHSNDLFRHFAIW,0,affibody_decoy
HEHEFKFSVMDKGH,0,affibody_decoy
WQMSLCWQITMCHHH,0,affibody_decoy
PGGMPIVPEMQHRWVQH,0,affibody_decoy
DLYQGKWIGWKPYLHIWYY,1,affibody_binder
FMIHRRWLDNHCHAGIFCMS,1,affibody_binder
RNRKHRVTTDTPFW,0,affibody_decoy
PQLWHTDDQSVCEQ,1,affibody_binder
GACWNTDALQSNQHRTACPN,1,affibody_binder
WWVYSKRHVYSELMAHLPVE,1,affibody_binder
LVKSCCCEIIAFD,1,affibody_binder
AMQMKCSAQLCYIVRQ,1,affibody_binder
ESFKWVDCWPGNCFWSW,1,affibody_binder
SWNRWRHHIQACL,1,affibody_binder
GSRDGMRTRVYENVYEQER,0,affibody_decoy
IVRIRAKMGDEWGVELTGQR,1,affibody_binder
VKMHSQADAFIYGCM,1,affibody_binder
FSICSDRNIDGTCGSTEIFD,1,affibody_binder
PKKRNETWGYAAFFWRRY,0,affibody_decoy
STLCEQYCVGINFCGFTLER,0,affibody_decoy
MLKMNFMNQPDCDREDHMRA,0,affibody_decoy
QYTFDCKSRLKNCRSCWL,0,affibody_decoy
HAHHKKQRYPMRKIKIRPFG,1,affibody_binder
LWHWQFPGYWVWCYVMAY,1,affibody_binder
LKKHETVVCIPFQIG,1,affibody_binder
DATLFEYWNYEMA,1,affibody_binder
HIPFKKCPNYHSTEQTPG,1,affibody_binder
TRLMCCSHNPPFQLRMPFGM,1,affibody_binder
RMKDYCCHHPYGSQF,1,affibody_binder
IGRVTWESRIMVVFEQ,1,affibody_binder
ITVWPAGICPAHCVMS,1,affibody_binder
ETTRQSAVWQKALSQYH,0,affibody_decoy
MYFNDMGRTSCYL,0,affibody_decoy
DKDFVVNYTGAEEVLGAL,1,affibody_binder
NLILATHGLHWIIND,1,affibody_binder
PGLWKPHGREGHWVL,1,affibody_binder
VQPSHSCINMAHDFRSKM,0,affibody_decoy
WGIQMQWVDSFWVSYGNGRI,1,affibody_binder
RLTWLPASVVALQN,1,affibody_binder
WMWYTKQWSQGAG,0,affibody_decoy
NNLIHHIILWDLGAT,0,affibody_decoy
ATLWTYEDLICCYPMKNR,1,affibody_binder
CHAWIVWKEHHHGDTVF,0,affibody_decoy
SGGGPGISVCFLMCY,1,affibody_binder
HPFVSMSFNSTARYT,1,affibody_binder
SHIWLKMMADNTYWNHV,0,affibody_decoy
LFVKNDCPNYQIWHNCG,1,affibody_binder
FMMCEEPDTKRWI,1,affibody_binder
ENYAFDVLERMFQQ,0,affibody_decoy
ITCIITHFGVDKR,1,affibody_binder
CFPCYMHFMQEGI,1,affibody_binder
FVSVWHMQENDQVI,0,affibody_decoy
RDNGITNYLPETDQMECF,0,affibody_decoy
CMAWSIAANVKDPPFIHGMC,1,affibody_binder
WHECPVKFWRRLPQTQTL,0,affibody_decoy
NALAMSSNPQRHIHN,1,affibody_binder
RTKKFNPHQVSVQ,0,affibody_decoy
QGCSCAWIMHDFMAALR,0,affibody_decoy
LIAWMHITDILWE,1,affibody_binder
RIDDGLAYCEWRNYS,0,affibody_decoy
QSMWGNPHSPSFPFIVQV,1,affibody_binder
SNNQETHYEMENEFPPSDF,0,affibody_decoy
AKVWDHHMSMRQAHCD,0,affibody_decoy
EKLHILRREGGFHLN,0,affibody_decoy
AWIHFWEQGVGRVRWP,0,affibody_decoy
ITNYGDKNAFIKCKYHV,1,affibody_binder
DKYNQTLMNLHMNGPSGP,1,affibody_binder
VVHNYPIHEKKDGHE,1,affibody_binder
TRCPGLGHPVHHMIEGY,1,affibody_binder
DAFLFNVSTSFIQHAHLITT,0,affibody_decoy
LKDMGYPEPGAHI,1,affibody_binder
KFFAIWGQGSPCWVQRD,1,affibody_binder
LRTSWHKYLWTEYI,1,affibody_binder
SCDDWNCEGAVWQPAWHRY,0,affibody_decoy
ERCEERAGWQFRTILIITV,1,affibody_binder
AYSGTSNMIIRSKDEMD,1,affibody_binder
AKFWGKYSHFEQFIALC,1,affibody_binder
MSEPINMDFVLPWAHMYDDY,1,affibody_binder
CDDMENHAVFNMDRPH,0,affibody_decoy
STGVCDFDWACWNP,0,affibody_decoy
DLRWQYWHAPGLYIGMPLQD,0,affibody_decoy
VVHPSHWDKHHVW,0,affibody_decoy
AWPGSVASDNWIHMPIMS,1,affibody_binder
TSIGRKGAVNTCAAV,1,affibody_binder
SHPNCANKMVSNSY,0,affibody_decoy
QDRAVCGQEGWSMC,0,affibody_decoy
DMAAHPCNDDCYPM,0,affibody_decoy
EETYEYALRHKDCLKA,0,affibody_decoy
EEWQGYHSAPARRHYYGS,1,affibody_binder
HNTQRNFLLVDPFNIDRTYC,1,affibody_binder
CQVCKCETTLAYWACCGFH,0,affibody_decoy
WETVQVLYWVTCVE,1,affibody_binder
LTSTIPYGQEQCNME,1,affibody_binder
HEVWLRGSRQPPDAFTGFI,1,affibody_binder
EIKLQQFAEYFKNNEN,0,affibody_decoy
ANKEHVISLATDP,0,affibody_decoy
EHIRFIAVYVLML,1,affibody_binder
MGREFKALCIVWAERQNRRG,0,affibody_decoy
AMEATASSSTEVMST,1,affibody_binder
IMPCRFEPPIGQCICHT,0,affibody_decoy
QTDRQDLFECPSSHSGHRG,1,affibody_binder
VNSRLGPHLWIMWIC,0,affibody_decoy
SDTTREPLDKRAV,0,affibody_decoy
MVAGYTRAFINFPCI,0,affibody_decoy
NCPKLLKTPEHTGK,1,affibody_binder
IPAILARCMEHERFA,0,affibody_decoy
KKKKSVMVTGQNWKSEQRTS,0,affibody_decoy
KWWYTERQEEGGYW,0,affibody_decoy
ALVITLHYKEEPGTV,0,affibody_decoy
DCLILPARGAYYLMLKEGW,1,affibody_binder
WEHRAYGSPFLTGY,0,affibody_decoy
TFILCAWPIPYPIKGMNMLG,1,affibody_binder
ASVIIMCICDCSAQDGR,0,affibody_decoy
FVWWEVPHHFNVPWDCL,1,affibody_binder
DREDGNRMTENPSI,1,affibody_binder
VPNNRIVHWTPMQFCIYE,1,affibody_binder
VMMKATKTANHEITEC,1,affibody_binder
HQFGPTKEEYQDIFQC,0,affibody_decoy
RYAHRVPMFYCTPFKLNM,0,affibody_decoy
AWLMESSSQDYSCACQP,0,affibody_decoy
HYVLRCLLHIGPKQYS,0,affibody_decoy
QDTIVDWCFKVNHDM,0,affibody_decoy
PFIEKLAHGMGIAGFCMH,1,affibody_binder
DCANMIKAMKRHSER,0,affibody_decoy
WSMTRERPEFHAIYDPL,1,affibody_binder
HCSNLSTQFHQMF,0,affibody_decoy
KSQDALYMPFDADQ,1,affibody_binder
RIHQQRPPFHWGSKIERGFN,1,affibody_binder
GIWDTPCLWLTFEFHRPKLL,0,affibody_decoy
TYTMAIVVLYGGLWPLLDQ,0,affibody_decoy
GKDMLQMKRDYKYEINK,0,affibody_decoy
CWMGLHDIYMFHY,1,affibody_binder
SNRKHEVPIGMLWWMGESKS,0,affibody_decoy
QDYTNKTPVDVGE,0,affibody_decoy
HYRLWATRLHHYYFG,1,affibody_binder
IAMSKDWFEQCNC,0,affibody_decoy
YVYKGAPQQLHVRNIQFWK,0,affibody_decoy
DIVECRVIITTGPW,1,affibody_binder
TFRSRRGRLFEKKWVPF,1,affibody_binder
EEFPVDMWSWMGPQISKYRR,0,affibody_decoy
RFYYEMCDNIVKH,0,affibody_decoy
LHKVNKSLNPNQCQMLALVR,0,affibody_decoy
DKTMTWQEFLLMC,0,affibody_decoy
WFEVPIKTHHKNSQQMAYF,1,affibody_binder
MRWITPIGNAPHMHFNMKR,1,affibody_binder
AKSKADWQWHILGFWADYCP,1,affibody_binder
CGGPPHILAVIMNLWAQG,1,affibody_binder
TWYCMWHYWYVNFGDLPCGL,0,affibody_decoy
MRMKDWYGVVSVNTVLEYYF,0,affibody_decoy
DCFFARTWLCCRTYMPAS,1,affibody_binder
NDSGFWAVRPAMNGLIAGNC,0,affibody_decoy
QEANQKDQWACRK,1,affibody_binder
YEDNQMRLDECLAHA,0,affibody_decoy
ESLCAPVINNQDVID,1,affibody_binder
DSPPGNGMKMRMNAVMEN,1,affibody_binder
LMRPCPYYWAPTRPFVI,1,affibody_binder
HWMSLLNRVRWLQIKDFHG,1,affibody_binder
WTFKNRDSYLMKARCG,0,affibody_decoy
MHNCKVALRRPPTFMYYF,1,affibody_binder
CMFANKPFAIVGKQEY,1,affibody_binder
YGESSRLEMQASK,0,affibody_decoy
CVKVKRHDVDCPFCNHREC,1,affibody_binder
SVNYDACKCMSGSW,1,affibody_binder
RSEGLEPWREEYGTK,0,affibody_decoy
SPWPVDLNEPMHNNAFESPV,0,affibody_decoy
TEAPTMGSPDTQPGGDQQ,0,affibody_decoy
CPNTLLPLQSECTGDFGQIM,0,affibody_decoy
THDYQWNRESTEMEIDHDC,1,affibody_binder
GVKLVKHHNFYRLMWHISGC,1,affibody_binder
QIRRDQPKVVPYMK,1,affibody_binder
VWPWNSGHYLFGY,1,affibody_binder
GIGYDANACQKVAHCKSYYW,0,affibody_decoy
MCYCYIRINHDPFRRQAP,1,affibody_binder
YVFAHRQLFDQQMSTNTNDY,0,affibody_decoy
CPKEDERCQGWQWMVCLNV,0,affibody_decoy
PRKGCHKGFWKVIHK,0,affibody_decoy
GWQLAIWRPGYFSLWD,0,affibody_decoy
DKSPHKCCYTSQTQFLY,0,affibody_decoy
DIWGFNRSKAFSMPP,0,affibody_decoy
YPENGKFEDCHLH,0,affibody_decoy
GVEWMPQLKNWPRM,1,affibody_binder
GQWRDQGGDQQKLNI,1,affibody_binder
GKCKCPHQTLTTFADPQ,1,affibody_binder
AVQVMGPGDSCRRYMEIE,0,affibody_decoy
HEEKMNAVEVMHFELL,1,affibody_binder
QDYPLVIWYAHRDDL,0,affibody_decoy
MTDMCTNCYWAWIL,1,affibody_binder
IRSLQYTMSLNLMV,0,affibody_decoy
QRPGPDFNDRFWMGPHEST,1,affibody_binder
RRENYYKWPLVKYF,0,affibody_decoy
TDYQCICQFQYWWE,0,affibody_decoy
CFFLMGFDVPAVLFCK,1,affibody_binder
CQESIWQCEWRPEMQV,0,affibody_decoy
TFWGQPGVFKWKVFYDSKAM,0,affibody_decoy
AGPDYWENDVITACN,0,affibody_decoy
SWDQTHQMQYPFLGE,1,affibody_binder
LTELMITNNCWVISP,0,affibody_decoy
NDMPMWHNPIMYRV,1,affibody_binder
MWVLAEYMFYDRD,1,affibody_binder
CNKPAWIMMKANHNPFTY,0,affibody_decoy
MHQHYSCKIANLFYCQS,1,affibody_binder
VVHCQYDGNDKDHM,1,affibody_binder
QFIPLHGHLPPDNC,1,affibody_binder
RYRNASKCWVIGWR,1,affibody_binder
TIITVCWYRYMSGMYMKTQ,1,affibody_binder
DPETGHHYYPHKSRY,1,affibody_binder
SEMPCLVWIYFWT,1,affibody_binder
SFKYHQMTYCDIPHIQAW,1,affibody_binder
MVALSCKKNIQNLIG,1,affibody_binder
KAPNKMHMHWCLDWTF,1,affibody_binder
CFHIQTPAEIMTMGQA,1,affibody_binder
DIRFEWRSWHRSCYN,1,affibody_binder
WSISAVPFTFFYI,0,affibody_decoy
RSLFSFYNIFTWNFAPK,1,affibody_binder
ERCEIVKCEIARRCPCFGAC,0,affibody_decoy
AMRDHWYYFPQNQHMEPLL,0,affibody_decoy
NEWRHACEDCSPGECIQG,0,affibody_decoy
RPCPLSIYTDGEYVDGQAK,0,affibody_decoy
HENQPWERPDLPAEVN,1,affibody_binder
FRYHWVSAKSLDCWGQDCWK,1,affibody_binder
TTESAPHGPEKWKFKYA,1,affibody_binder
DRVREGGSQFGFK,0,affibody_decoy
QYFKCTMHALMNLY,0,affibody_decoy
CEKSIFWEVNWMAHRAC,0,affibody_decoy
LQECWNVSDHEMQ,1,affibody_binder
HFAAQRYLICAREYRRLQW,0,affibody_decoy
PECIGMKHNRCNMLLFLKC,0,affibody_decoy
SDANNAHDCEMTEVRANRTC,0,affibody_decoy
SGWGMPTEGEADTATAD,1,affibody_binder
GEKDYWTQHLDKNIN,1,affibody_binder
YCGIRTFDICNGDN,0,affibody_decoy
VWSRYTSYLDDMGDE,1,affibody_binder
GSMLPMECAYMYITMYF,0,affibody_decoy
MYPSYYWGAFRQSEKT,0,affibody_decoy
CYHTWTIVFSCGW,0,affibody_decoy
AEACLWTCDPREMLTGILT,1,affibody_binder
MWLMRKNNKVYWKYGA,0,affibody_decoy
QTWKIRDGRGRLAREWIAM,1,affibody_binder
DQGHLISIHPFSQLTHDGD,1,affibody_binder
EWRREHDLSADKS,1,affibody_binder
YYRHYWAKKGIHRWDGCAMG,0,affibody_decoy
AIRAIVGAQWFVFCM,1,affibody_binder
RMGDKECQPSQWYRLFNRWI,1,affibody_binder
NYRDSIQFGMNNAD,0,affibody_decoy
LSWPPHICDVKPMT,1,affibody_binder
DMCRPAGSKHWLT,0,affibody_decoy
HRCQINSNVASMTGYK,0,affibody_decoy
IWRVYRISMAKTY,1,affibody_binder
KGQSNVHYCESTRKLGD,0,affibody_decoy
DEPQNGFDECPLDYFPP,0,affibody_decoy
DGKKKAFFRYFKHADKYR,0,affibody_decoy
MGLFGQACTGTADHS,1,affibody_binder
FDFYRETISSAFQITAMGQG,1,affibody_binder
EGLSKTQNHGSQNMHRK,0,affibody_decoy
KGKVHKESRKADIMH,0,affibody_decoy
MYNRSLHKAIQQAC,1,affibody_binder
MDGRKFNCSYQSHLGTG,1,affibody_binder
QHETSADTCAYNTAQMLPAK,1,affibody_binder
YKCFSRHGLINNMIMTNHFR,1,affibody_binder
GCTLFCHQPTTRGMGFW,1,affibody_binder
CFALIPSFDRRCWLF,1,affibody_binder
RDFNMFTYGWRNEKTLTIW,1,affibody_binder
MHRPVMSWMDSCAD,1,affibody_binder
PVCVLAKDYTARC,0,affibody_decoy
YDIMQDYLDTPIANTYFRE,0,affibody_decoy
TFIVLHYGADKLRQDFS,1,affibody_binder
PHCLFDHGLQNIPP,0,affibody_decoy
MHCQLHFTFSQNS,1,affibody_binder
WHCHQEYWIDGGPTQRCC,1,affibody_binder
SKQWDHMTDNQMMDN,0,affibody_decoy
TAASSNHHVQSSHRILNRTG,1,affibody_binder
LQCYGLHQGIHES,1,affibody_binder
EQRNRSSHASTIA,0,affibody_decoy
QGQPYVIPALWHLNEHQY,0,affibody_decoy
GYDLLVIIVNFRDG,0,affibody_decoy
QCNKKILHMYNHDF,1,affibody_binder
YYVPFIIHFQLDS,0,affibody_decoy
GSAEYQSKGNRRTTTWAGVD,0,affibody_decoy
SLRIFPYCPPWEERGGRE,1,affibody_binder
HHAAWPFSHYRVAKGELDGS,0,affibody_decoy
RPLDFVGIIEHMAGH,0,affibody_decoy
ARCFILTIHCRIRRK,0,affibody_decoy
GLRSAKQGWRIRFCHSLT,0,affibody_decoy
FLRQKAPYTYNMTKKAIMR,0,affibody_decoy
SFVDHMMPACDDWCVQWTLM,1,affibody_binder
ERTVQTSYSWLSIPLLQ,0,affibody_decoy
DPCVDWPEQCHII,0,affibody_decoy
LTNMLTEQEGWYMP,0,affibody_decoy
YNPFHTIFEFFHGL,1,affibody_binder
WDNISVSSDCLTQGKRYV,1,affibody_binder
IEPWHQVSSKWNTERSAP,1,affibody_binder
NHPSNRSRPWCFPY,0,affibody_decoy
PRYYLWPWSTLCCQACKY,0,affibody_decoy
IHTSNDETYQTSEKRLRA,1,affibody_binder
QFPYYPTISNKFGSVVIPL,1,affibody_binder
WRKEDKEETNMHEW,0,affibody_decoy
TNKTVSKIYCQLIVRI,0,affibody_decoy
LDFTKNTPMQFPY,1,affibody_binder
ERTFEYTAEHWTPEP,0,affibody_decoy
QPSRFCQEKTIIRD,1,affibody_binder
DWGGKSNRPYNFTQMSRAHM,0,affibody_decoy
PQQYLDMSMDMCRGCATK,0,affibody_decoy
AHINGCFIGYIGRVRVQGD,1,affibody_binder
GVRIMKLWVCNCGMYHNED,1,affibody_binder
ERKGDERIKAFVVF,1,affibody_binder
YQNDFRIYSPLGMKQHQPH,1,affibody_binder
MALYMMNMKFSCYKCK,0,affibody_decoy
YINCTYATVMMGYNVKYNI,0,affibody_decoy
CRDAKKPKERMTVGSFTCRG,1,affibody_binder
QCEREDMWHTPCFA,1,affibody_binder
VVVIFCQWQGQAMTCNNGNM,1,affibody_binder
SSLKYDWRIENSW,1,affibody_binder
FIGSHKCRSISAKYAQ,0,affibody_decoy
KQAHTLFVICADDAM,0,affibody_decoy
VERPSMMNWPATIHNDLHDP,0,affibody_decoy
VLEPNFMPWYVCRVIMGV,1,affibody_binder
ERAQPLPRVIWNLSSTGHF,1,affibody_binder
LHRGATCHAPSPYLVVRYH,0,affibody_decoy
HNVMETFWPKKHQR,0,affibody_decoy
RLGTYDESEEELVVYICIC,1,affibody_binder
MLWVHRKQRAYDLPAAK,0,affibody_decoy
ENWLRAQDFNFRRSWGCGTA,1,affibody_binder
MEAYNDCMLPSKQY,0,affibody_decoy
AACCPCMTPRKDTNT,0,affibody_decoy
DNFIWPYCEGRQYYR,1,affibody_binder
NLAYECWRADCACY,1,affibody_binder
TSGTHRENATLTMK,1,affibody_binder
QRDTVLSIMIPRRLMTRS,0,affibody_decoy
GWQTQSNQTLQGHYMLQ,0,affibody_decoy
CTSVFKQESMTEHLPR,1,affibody_binder
KCRQQHEKFRGGNHWHWD,1,affibody_binder
GELMKCPAAIIDVQWV,1,affibody_binder
AKFCCKYRIFGAQ,1,affibody_binder
WYQWNMHVNCRNQVHQMQWT,1,affibody_binder
RRFRNVLCVQHYGNYCESFS,0,affibody_decoy
HEYLIFIGFRRDYI,0,affibody_decoy
FWPLPMAKCALYCKKSTI,1,affibody_binder
EFWENITHKNVRPYWQDSC,0,affibody_decoy
CKCHPEFEMRQLNC,0,affibody_decoy
SDQEFFPYQGANPSG,0,affibody_decoy
EMRPKPLVYHRSVGK,0,affibody_decoy
EVRHFPVALQWER,1,affibody_binder
MVMGMEWDKQGDLIM,1,affibody_binder
MNYWKNFKIPCWWGHHIC,0,affibody_decoy
NYSHMKDLMVHLCNYKEL,0,affibody_decoy
DKNWNAEGGKLWLP,1,affibody_binder
RYEPLAEDHSPTFMRWI,0,affibody_decoy
NLCFRGWNWKLPADQWP,1,affibody_binder
SDETYLGKLTDQQH,1,affibody_binder
KRMYNDLHSWMFHI,0,affibody_decoy
SGIMKCWHWSMYSEE,0,affibody_decoy
VYVTRWWIDVNRWLNLCNF,0,affibody_decoy
MHSDKTHVCVGHHDFGSE,0,affibody_decoy
KCKVQRAFVNYIHVQTT,0,affibody_decoy
SGNTSFIYPLRMKGLQP,1,affibody_binder
PCPERNQDMLFFKIQQQN,1,affibody_binder
CHMEGAFRSYTMDGHATHG,1,affibody_binder
QGMWNWWDPMMVYLRTFAHV,0,affibody_decoy
HTPSGIRQEQIGAPDTPWAI,0,affibody_decoy
EAATHHMVFQVLMV,0,affibody_decoy
RYFQAQQHNPDFLRME,0,affibody_decoy
HPYWCYITPWENADSG,1,affibody_binder
KCKSLFMISIFDH,1,affibody_binder
QNKNVVELATDQN,1,affibody_binder
ALISLTHSKCTKQ,1,affibody_binder
VCNPNPVRWHDMAQYE,1,affibody_binder
KIFRRHNFPCWYARKHMM,1,affibody_binder
WIFLDNNVKCPHNRQAG,1,affibody_binder
ILNQKMSQAQHSDYPI,0,affibody_decoy
NWPNVICLERKETMSTKL,0,affibody_decoy
EETNRCSNDMNILSCSN,1,affibody_binder
RICRHARMSCLQGHHDHK,0,affibody_decoy
TLHHTPSIGWLVHNCAS,0,affibody_decoy
ATKSNVWSNSAYPKH,1,affibody_binder
SPIPPPMTYVHLHLRFADG,1,affibody_binder
PRDITKNLTDRVSDYVV,1,affibody_binder
RTMFCDDPWPVEMKW,1,affibody_binder
YFPWGKCNPALRWRHMIIQY,1,affibody_binder
YFQFNHFSGTSPQDLTIS,1,affibody_binder
PTPKQHMGPYYSKENDFKAR,0,affibody_decoy
CSLTCKWPAGDLVQG,1,affibody_binder
RHFVESTMWTQQAYTGPF,1,affibody_binder
CVQKFFFQCNQFQSHS,1,affibody_binder
QEMKYQRVTCAPD,1,affibody_binder
LFHHLRTIPEMSWGQGW,1,affibody_binder
QPWAPGVMIFFNWQSSM,0,affibody_decoy
FMWFDFYWWKLFEDKF,1,affibody_binder
LTQSFHVMEFLLMVGQRFAH,1,affibody_binder
CAGHSMYGVMRHHT,1,affibody_binder
MLCTSGEASWMKIK,1,affibody_binder
DQIQAICKMPCRLYMN,0,affibody_decoy
FTYWEFMGTCVNFGTMCTVR,1,affibody_binder
LSTNMQEKTQHGRGFPNHH,0,affibody_decoy
LRDNGVWAFFWIRILWAYQA,1,affibody_binder
TCDFTMTDMSEFPHQ,0,affibody_decoy
SMNDHQQKWNTDMDM,1,affibody_binder
WHVNIAISEKNHT,1,affibody_binder
CRICPMPENMEVWVLDFCAW,0,affibody_decoy
CRDCQGGPVWLSCGEE,1,affibody_binder
TLETHEHFSPRMV,0,affibody_decoy
AYLGDNQSHPHDVEMYD,0,affibody_decoy
WKEGFEEFGVHIDYRIWFL,0,affibody_decoy
WRVKTVYRTQYGFLNEIEDA,0,affibody_decoy
CEMIQMPYCFFGH,0,affibody_decoy
IPCMIQAWCQDSNRPG,0,affibody_decoy
LQITKRDACRPVAMQPVP,0,affibody_decoy
IETQPQGIPRVIMKCMNMD,1,affibody_binder
CTYVFPEGKPFQK,0,affibody_decoy
AKSNTLIAYDNPCQ,1,affibody_binder
SAFYLCEMSIPYQCPKM,1,affibody_binder
LQCQVYDALWSVK,0,affibody_decoy
TVVRYQERCYKPQMEIHT,0,affibody_decoy
LRDPSTTSLVWWN,0,affibody_decoy
VFTVFAGMNTSFAQEIVFI,0,affibody_decoy
SGRMPGRPHKYHWGLF,0,affibody_decoy
TWVWVQSIQVFQINI,0,affibody_decoy
GSWIICNGSKCYDEILT,1,affibody_binder
QYAMKEHDCYHLTVEFPCT,0,affibody_decoy
ICCNFMDTMQCGVMMW,0,affibody_decoy
PEVPVPPYQSHLCRGIQGMP,0,affibody_decoy
FNITTISMMIFLAGMN,1,affibody_binder
YELPDGTQYNVCY,0,affibody_decoy
KRVRQWLFPTIVGGCR,0,affibody_decoy
VQTENGMMCFQPSWV,1,affibody_binder
KLTNYSTCEDMHII,0,affibody_decoy
CELMSCIQYVIWQLRKGF,1,affibody_binder
FEFCYIHEPPFWNYDEFHES,0,affibody_decoy
HFVKHFYEDVIDHQT,1,affibody_binder
FNETRLPKVKAMQLNGKNQ,1,affibody_binder
ADRGKNFLTKFFPRA,1,affibody_binder
GVFFHAWGPCDKIATHT,1,affibody_binder
RAYNFYTFPHTHF,0,affibody_decoy
FWADFWKINIDYW,0,affibody_decoy
DWLEYKAEVGRLSFWSD,1,affibody_binder
MATFTFPYRPDMESMTK,1,affibody_binder
LRMQFKAVWMFHCTY,1,affibody_binder
MYQFALNYCLHTMK,1,affibody_binder
DCYHRSMKVRMLSITQ,0,affibody_decoy
WCFQFHGAINAIRIE,1,affibody_binder
MIEVIHGWHECNPLEG,0,affibody_decoy
QWKDQFDWYEFDIQLGHT,0,affibody_decoy
FGVAILGQYLHRGENY,1,affibody_binder
VAKFDPLLLLLDTAMDM,1,affibody_binder
WFAYFVRDCECLIK,0,affibody_decoy
WIELYTGLFKRWGGAELFHA,1,affibody_binder
HWYLKRLKLYIKDL,0,affibody_decoy
GHNSHKPWVLKMHRI,0,affibody_decoy
DGEKPNMSIHDLF,1,affibody_binder
TGCKYEMEMVPAAGCAHN,1,affibody_binder
LNSSHRMEWICTPRN,1,affibody_binder
DGEWDNPSTSWIM,0,affibody_decoy
YHNMSKMSWDNRFPTGQARG,1,affibody_binder
KSNVLQQMTSLIQM,1,affibody_binder
GFCMTNYCLCEVALDRNHNV,0,affibody_decoy
KQFPSDNNRPWYHC,0,affibody_decoy
RGTLQHATCMFHKW,1,affibody_binder
CPATSRDDWINIERICIWE,1,affibody_binder
HFFKDATMECVVSAITCDSQ,1,affibody_binder
TQIKRNLISYTVKICV,1,affibody_binder
SPPNFCACLMFMQIEWRW,0,affibody_decoy
DIHMSGCFEYNTCATSAN,1,affibody_binder
YPTILAEQSQCSQKC,1,affibody_binder
GGHPVFSYYRFIREPVMT,0,affibody_decoy
VRIYEGICGNRELKG,0,affibody_decoy
KKFGHRTIIIYNCKNP,1,affibody_binder
KWWGIRCSSRPHVF,0,affibody_decoy
TQTCRDSFCIQIWAPG,1,affibody_binder
YVAWQNVWLNSVYDKR,0,affibody_decoy
MPSPPTNFILFCSP,0,affibody_decoy
YPRWCFKGRMRGKLAHR,0,affibody_decoy
YNKYEQGEYWVKCFSNHRD,1,affibody_binder
NKGFLEVNKFHLYHD,1,affibody_binder
ENIEGEGHQHKNA,0,affibody_decoy
VHNYKMHILHLRMFI,0,affibody_decoy
VVLYLLIRGPYHVQPQYD,1,affibody_binder
YPSKWYPRRKYCRCACW,0,affibody_decoy
FNEPWQQNCVVYLRLHKFRS,0,affibody_decoy
DNVTKMETQSMGKCS,1,affibody_binder
RQGMWAICFIVFAVA,0,affibody_decoy
CAYKELKDLHAEERTY,1,affibody_binder
WIHAYQSDSWKLWANY,0,affibody_decoy
PKQSKHGREHKNLR,1,affibody_binder
NNYMSEVDADNGEVVPA,0,affibody_decoy
AGTAIREDVRDKMRLC,1,affibody_binder
SKFNAVCQSGPCVCEFG,1,affibody_binder
DNKGAIVMNRDSQFV,0,affibody_decoy
RNSPHTVLKPTFARL,0,affibody_decoy
VMDGNFWYAETMNMTMTIH,0,affibody_decoy
KRGCDPKKCYVFL,1,affibody_binder
AVDMATKTWNQQPSLYL,0,affibody_decoy
IGKAEMWMTDAKIRAKGRYS,1,affibody_binder
TCHPDTSCTHKKQ,1,affibody_binder
YCWSVKQTNYPTAT,0,affibody_decoy
WIVLSYTNMRLFKVCCP,1,affibody_binder
QWTEGQPSTKWSCCQI,1,affibody_binder
YMQAHPSGNWRAPDTYN,0,affibody_decoy
HCPLFCMYDKDVMNGA,1,affibody_binder
IWEVAPHDDPWNW,0,affibody_decoy
VCLWDGGTNQHEQPFHL,1,affibody_binder
DQHWDSARWYCAEKRFRI,0,affibody_decoy
EVQDWIPPGFRWSEMYKRSM,1,affibody_binder
NWQIWPCIAIHSIN,0,affibody_decoy
QRCTSFEIQDPCENEMWC,0,affibody_decoy
GLQSTWMEQERFEI,0,affibody_decoy
IWESLMFHRQCDQVHEH,0,affibody_decoy
CYWDINIMRPDDCDCR,1,affibody_binder
CHCWQACSFIIRH,0,affibody_decoy
GTHYFTRGDACEGSMAMHH,0,affibody_decoy
GKWVGNSQNQFNY,1,affibody_binder
FWLAFEAELSMPICACEE,1,affibody_binder
FIGVGLNVRQWFSQ,0,affibody_decoy
WCLVIHTTRPEVYI,0,affibody_decoy
FRYQVFWYAEYMCQ,1,affibody_binder
NHDGSYRPVNVLNDMCAH,1,affibody_binder
QPPRHAMWRKRHPCQTETS,0,affibody_decoy
PISQPWQNSMPHSVFVFG,0,affibody_decoy
ICYHWEEKHKNVAYEAAH,0,affibody_decoy
SKVNNLMVTAVFRAM,1,affibody_binder
AVTESSTEATSSAMM,0,affibody_decoy
TKSSYCIICTWNPG,1,affibody_binder
IREPTRQCPRYQDKFSCV,0,affibody_decoy
RWIPMSYDINNWARL,0,affibody_decoy
QCALENNFWTIDD,1,affibody_binder
DSHVQEEHWDHEWFPDTYF,1,affibody_binder
FWSRWAPDPKIVQDPIPL,1,affibody_binder
TELNLTTTITMYKRKFMNWV,1,affibody_binder
GCEDSHTIVKEYMDNWS,1,affibody_binder
YANWPPVIKNAQHQLQS,0,affibody_decoy
PSYSMVLQRTILAW,0,affibody_decoy
YGAPNMSMYFAGNY,0,affibody_decoy
IADPYQFPDLPDVGIK,1,affibody_binder
AVEMSTDAYDRKMTVKTK,0,affibody_decoy
TCDIECGFITRNFSSDDSGI,0,affibody_decoy
YDKDWFWAFWIIN,1,affibody_binder
VHIMCIPYFEGSA,1,affibody_binder
ARRCCEIRYTATNPVRYQ,0,affibody_decoy
HAASGQMDGTFTLCG,0,affibody_decoy
FYCFVKCCYANHILCRH,0,affibody_decoy
GMRSLPGLEDAHVKRDC,0,affibody_decoy
TPPMQVWPHRQGVPSW,0,affibody_decoy
QHSKPSILVYDFNHIQCR,0,affibody_decoy
MTTVSLGWEMVWVIQTNSV,0,affibody_decoy
VDNKFNKEQQNAFYEIL,1,affibody_binder
HMQDHFGICTSNVKMCRY,1,affibody_binder
CRSACCKAFTVSTN,1,affibody_binder
EQWFYCGNAELWWK,0,affibody_decoy
MMKNKQVLYCQNYRFANWIS,0,affibody_decoy
NLDRDYWREIGLSLKK,1,affibody_binder
SWYMPEHRVDKRKMDIHNAN,1,affibody_binder
GDTFYLVNVDTVCMC,1,affibody_binder
RINMNWPIIIMRSIWSD,0,affibody_decoy
SVVVTRIHSTEQMYNFPDSE,0,affibody_decoy
CSHEYCAQLWMIIASPTRCS,1,affibody_binder
LHGHGMHFMWHHSRIE,0,affibody_decoy
HTLCGELPKKNPTK,0,affibody_decoy
AYSRKWLDETCNPWRNGW,1,affibody_binder
LWLGQYVNVVRNDKDAIHI,1,affibody_binder
GGFNINHKWTYPHYMHCNF,1,affibody_binder
RPRGGDCARWRYD,0,affibody_decoy
WERRNCRCWNRPKYDNTPF,0,affibody_decoy
VYKQYMYYIGVETFQ,0,affibody_decoy
QHNTCKLDFPFVRPDHVF,0,affibody_decoy
HLQCNLCPLAWSWETACMD,1,affibody_binder
MDTSLHDKGSIFMCFHML,0,affibody_decoy
EVLGFGYRHLPSWYCRLH,1,affibody_binder
CKKNLEETHHFADIHGW,0,affibody_decoy
NMGLNNEYTERETFSA,0,affibody_decoy
YKHVAMFAKICLECKKAR,1,affibody_binder
KMFLKKHFEIPHPRRHKH,1,affibody_binder
YEQTCMCQCFTHCTHGHQLL,1,affibody_binder
SQILSTDGWDHFFVLM,1,affibody_binder
TTGVSDTARRLLC,1,affibody_binder
MTKPDCSNRWHKNFIQL,1,affibody_binder
DMSIFFSKHKILC,0,affibody_decoy
KCATCLTDVQRSEEWT,1,affibody_binder
PHMSQERSTIYCCLCAISWA,0,affibody_decoy
LWDLRIGQWLMEE,1,affibody_binder
KNNCNKPGHFCTM,0,affibody_decoy
VRIRAMDKENQLKWQWQK,0,affibody_decoy
LVHEQHIPMCWRYNH,1,affibody_binder
IWNEVACSVMEHV,1,affibody_binder
NHWFTPPFWTVPRANW,0,affibody_decoy
VGLLTTKGAKVHKNHEY,0,affibody_decoy
VRGMPAFTIIFCYAN,1,affibody_binder
TGALQFYDGMRSWVDWVNIA,0,affibody_decoy
QMVNWKIAPQLMSIHLC,1,affibody_binder
HCYGNCKPSRNTDRL,1,affibody_binder
EGQHATMTIIMACFPQ,0,affibody_decoy
WKGFNQNFANLYNQEWSE,1,affibody_binder
GLSMPKGRKHWTTHDK,1,affibody_binder
KGPADSIHDHSHK,1,affibody_binder
SGNLFTEASENNEHYGC,1,affibody_binder
AETDKRPMFSTEHMYTSVDT,0,affibody_decoy
FSQEMGFPAFDFQVTGIM,1,affibody_binder
DGKNVIFDNHSSWEIT,0,affibody_decoy
AIMFQHSSKQNLCCYHY,0,affibody_decoy
SKLLKCFYDCRQTNSWCR,1,affibody_binder
EFKPQKVCFYGTP,1,affibody_binder
IPTAQQIFEFLESLAVKMW,1,affibody_binder
QEALAEDRKRLGVWCWGGVK,0,affibody_decoy
PDESGARDVPTNM,0,affibody_decoy
PCVKLDNRPYMNW,1,affibody_binder
VFQWGTRRFIEGPY,1,affibody_binder
ILHYEKAQDGMWNC,0,affibody_decoy
ATELHDRQAEEMQNHQN,0,affibody_decoy
LNDYGYQPDCTGVFLAQ,0,affibody_decoy
FFNITSDMHKVLHW,0,affibody_decoy
CIRIKMKKISVILRKE,1,affibody_binder
GMRKLASVWLGMTKI,0,affibody_decoy
KYVNYHQGKPYWRKWTRV,0,affibody_decoy
WWHHMNNYDWHTVTW,1,affibody_binder
HAEERTYWDLHAEERT,1,affibody_binder
KDWEHLYRRPQGPTVM,0,affibody_decoy
DFGLLGMFQPWIEIYRED,1,affibody_binder
GEKRMDYSDPAEDEDQCRQ,1,affibody_binder
HYIPIDAVFTTYTYWQ,0,affibody_decoy
TFHELVIDDWCPMREEMPKT,0,affibody_decoy
NLVTESMPLTNWICI,1,affibody_binder
VTEYQTQQKGFWELA,0,affibody_decoy
PIPRKIFPWAQDWSDPVL,0,affibody_decoy
MNIMRCWKDTLYQHR,1,affibody_binder
CTVCNSRIRDINFPTK,1,affibody_binder
PIKTMVRFSIYHCNYQGW,0,affibody_decoy
GTGQDRYYRGDWYNVK,0,affibody_decoy
QDARSTFGASTIYFEGFIQM,0,affibody_decoy
GHDCGTYCPELDHPICVGAT,1,affibody_binder
MWHQDITVWFPFKGDE,1,affibody_binder
EDRAWCADRWPCQHKTKYK,1,affibody_binder
DWRMLRNRERYLMWNNGHEV,1,affibody_binder
PFECMKCVFPWACYNKC,0,affibody_decoy
VCWITKNPEPRKN,1,affibody_binder
YEMHRHVMHRPWDWF,1,affibody_binder
LRWVDCCGFGPFCPKIMVSF,1,affibody_binder
NCMTSPRMAHYRQIG,0,affibody_decoy
SQYPTPVGTHVDPITAF,0,affibody_decoy
YCHGQMWWVMVESKAMVE,0,affibody_decoy
MSDCLYLHTLAASQLTWQC,1,affibody_binder
IGCDQLEIMRNSLRFM,0,affibody_decoy
KFRQECHEQTAPEH,1,affibody_binder
AHVWEKDPTHISK,1,affibody_binder
ESVWGAMIAYSSVSS,0,affibody_decoy
IMGNNIVHSMHIF,0,affibody_decoy
PCAWVDKFVNQACGILNM,1,affibody_binder
EMYIVVDEVVLLFEAEHWV,1,affibody_binder
QIAQVWEIMIHSQPF,0,affibody_decoy
LCAEESVQINIPTMIAA,0,affibody_decoy
TDFNAGRQWIDVIEDHN,1,affibody_binder
INLCEKFPMMGCHRNKCLL,1,affibody_binder
FPHMVQDCTQTCRTM,1,affibody_binder
NYRLVYYEKKPFWR,1,affibody_binder
SGSGAGQEKLWQTHFQW,1,affibody_binder
DDKANADGSYSTWT,1,affibody_binder
YECQIWPRQHGHCTGCDW,0,affibody_decoy
KSGANMQWTPNGKRKSVF,1,affibody_binder
FRIGNEDILSRCQLMM,1,affibody_binder
IRRFWNGGCPTHR,1,affibody_binder
EDVNYLAHPCACDNMWMPM,1,affibody_binder
VEADECIWVDDDHR,1,affibody_binder
WDHMNPMGPWMILQT,1,affibody_binder
LNVETDADQKTMTCGRG,0,affibody_decoy
MPNGWWPDYRHCMMDLLVD,0,affibody_decoy
ISQDQKLVAGLYE,0,affibody_decoy
EPCMFWICEDPITSGR,0,affibody_decoy
FENFTPRGFKPSFNLKH,0,affibody_decoy
YHGNREFGINKWHPPINSRY,1,affibody_binder
GTEGVRYGQRNIID,1,affibody_binder
FWADAYNLISSRWGSFEGGY,0,affibody_decoy
RVWLCYYKADEEY,0,affibody_decoy
PQAPLWMINWCNHL,0,affibody_decoy
LIFHVNRQNSMNMMQNMH,1,affibody_binder
TNANYRFGWVKVHN,0,affibody_decoy
WLIKKHLLDYYRLK,1,affibody_binder
NTICGHMWLIFHYM,1,affibody_binder
FQLKSWTSARLCIHGRGR,1,affibody_binder
MAPNRNPDTLDKCMFP,0,affibody_decoy
TLCPLCPPCDQTTIIYTDS,0,affibody_decoy
DMNHWFDRKPNHCD,0,affibody_decoy
AENSSDYYFYKLNKFMD,1,affibody_binder
GIMWIKANMYKRLMH,1,affibody_binder
MKHGDDVAYISPGWTDWII,0,affibody_decoy
FRRMERYTDPEKIGINWGK,1,affibody_binder
KERTDSNFGLCCR,0,affibody_decoy
HTNALKWDPMFCMHWK,0,affibody_decoy
RICHHQFWEADKCKHHH,0,affibody_decoy
WGHYKNGLFLGNHQCYDV,1,affibody_binder
YVIDVGHCCPCGMKPTNQYK,0,affibody_decoy
PPLFWNIGASLQVLFN,0,affibody_decoy
GRTLNASWIRNKNTFSNEIK,0,affibody_decoy
RMIWATYPWMLQERP,0,affibody_decoy
CQIAGLYAGMCEAMAGY,0,affibody_decoy
ASIMTPRYNFAWWRTCR,0,affibody_decoy
WIDRNYAEAIMHSSLCTAL,1,affibody_binder
THMPFHGPQQAQVR,0,affibody_decoy
HMSVMVQMKIKALYTCMLF,1,affibody_binder
DYSHDTSGRKMHWQDLWW,0,affibody_decoy
RACEYIIIMTVNLWVPW,1,affibody_binder
WTHYKNGTEGLIQ,1,affibody_binder
KMEHWRSGTCTKMN,1,affibody_binder
FDVAMNYCTEQRISYH,1,affibody_binder
MPPIFTSWRQPYK,1,affibody_binder
LGQSQRPYTQDVLMV,0,affibody_decoy
DAFSVTEYLDKPAVMKRPEP,0,affibody_decoy
MMGLELPPGWMSLC,0,affibody_decoy
LFEWPALTEFKHLKEQFN,1,affibody_binder
QFQLLRLKYRQAPMSIT,0,affibody_decoy
STLYHLGMIVSKVYH,0,affibody_decoy
CFDDYQITGQGQVASDCPAT,1,affibody_binder
YKVHDLHCWRALC,1,affibody_binder
HSDSPCFSPFEPRH,1,affibody_binder
RNRITGYEDIVGQG,0,affibody_decoy
KTRSRNDGYPHAWGRKTGSP,1,affibody_binder
IMWHRHLCCDEIRVQPP,0,affibody_decoy
FWEQSSMQFRRRSMFWDQL,0,affibody_decoy
WLCETCDAHWAQNPLSMLC,0,affibody_decoy
DKCTMTCNSSFSSGVYL,0,affibody_decoy
NRCIDIKPDDYDKV,0,affibody_decoy
GYCTCCHHCNEESNYTVWM,0,affibody_decoy
QKQVNDRWMYHTDWAGNF,1,affibody_binder
IRWSWHWEIYGMA,1,affibody_binder
SPSFKGCAGNYVLKAN,1,affibody_binder
TWFGVRLIKNFIIMDE,0,affibody_decoy
QDHNAKRAAQYFETA,0,affibody_decoy
LVDMRKPRFALNP,1,affibody_binder
CQGETGPGRQENDDIIKH,0,affibody_decoy
VKIHEMDRQEWEGQWN,1,affibody_binder
IRVWWNRRKGCASY,0,affibody_decoy
RDWAECEDIVHDDV,0,affibody_decoy
PQTDDIPSCPCTLCYTLTI,1,affibody_binder
NPQKRKPALRHHYVTQHRD,1,affibody_binder
LHGSFTTEECMNATDCGS,0,affibody_decoy
YLHPNQRSPACNPWLFSM,0,affibody_decoy
FMKLVELEYISSLAWNY,1,affibody_binder
RMDVKKNCRGIDVM,0,affibody_decoy
KEMGYMHAWWYIDRQAAIYA,0,affibody_decoy
RESLLISKDHYIVIIGH,0,affibody_decoy
QNHSYGICSCFTEAHKPMW,0,affibody_decoy
KTPCAHQAPASMA,0,affibody_decoy
IALCGKYWQFEKFFHAS,0,affibody_decoy
CAEFSNGNMPPYN,0,affibody_decoy
TTYEQELAMSKKIAPP,0,affibody_decoy
RQHFWFWANQMVQSDP,1,affibody_binder
HNCLPNCCANRTNPLYFD,1,affibody_binder
LKWSHTAPCRMGD,1,affibody_binder
LDWGDRGNKRPAVQNAGP,1,affibody_binder
EYYLYHFENTPAFWRLR,1,affibody_binder
VCKQKYVLSCRRM,0,affibody_decoy
YAAWCGQEDVDAHTLNN,0,affibody_decoy
NKDCTCWNDGMQCA,1,affibody_binder
DQMTTMIMSHCDWITSPW,1,affibody_binder
NNEKAGRIAIEMDVTYRC,0,affibody_decoy
GKSHLGVESFWRIDSGVE,1,affibody_binder
WHNEGLHWNAIMKFTYS,0,affibody_decoy
GKSKHKIRRSSMEAFIPP,0,affibody_decoy
EAWAHLGDPGSRAYMINIT,1,affibody_binder
FIFMYYMDNWWVWSWK,1,affibody_binder
DNKKCCPTCCYAYMKYH,1,affibody_binder
DRIYIFNKTYIVESPFKNY,0,affibody_decoy
FVRQWGVPTTLIPVCDGIS,0,affibody_decoy
GAHNMQHHYGGRMQ,0,affibody_decoy
CFFGESMSHKLQT,1,affibody_binder
PFDPLWHFKKYFQT,0,affibody_decoy
QHKILQEDNYMVY,1,affibody_binder
CWWQQPASCLRNHGKKLH,1,affibody_binder
FCRKWGYLMQPTGHFGRHL,1,affibody_binder
WALFTWRTHEMNAFTWDLP,1,affibody_binder
TWDVLDIVWKKLEP,1,affibody_binder
FFMSCFGMETHYNQYAFLQ,0,affibody_decoy
CVLLSPSTYDFWNANSK,0,affibody_decoy
AKKGCDIMAYYGWWRGHYHR,1,affibody_binder
GQEGFQNNLATFNCE,0,affibody_decoy
GKLYYKVRRTVVNSFDT,1,affibody_binder
YGPDDTHTICCGPLVEGHAC,0,affibody_decoy
GGCILIHEHPMVNWEE,1,affibody_binder
ACLLEETDYVKCPAFN,1,affibody_binder
DDWWLMQHHIDWQSC,0,affibody_decoy
PFPQNTFNEVHRYD,0,affibody_decoy
TNDTHKWSRSYNDHCLS,1,affibody_binder
QFGCMIVLDDNYGRD,0,affibody_decoy
LWEGERVWYLFKYAVFI,0,affibody_decoy
WNMYFSMTQHCFTLCDP,0,affibody_decoy
TMQYNQDFPEGWWM,1,affibody_binder
TRARGEAFVCCTMV,1,affibody_binder
DKSGDTKSKMMTNSDRAR,0,affibody_decoy
LMDDVETRRAADLHTDSD,0,affibody_decoy
EIVHVASCVHEAHALYRPAH,0,affibody_decoy
RHPQGGGHFGWSMGRLL,0,affibody_decoy
SECMQAIFEHDCHD,0,affibody_decoy
MRIVTEPPFHSYYGGVRF,1,affibody_binder
HQWMWRCYKDGDQVSCGD,1,affibody_binder
SGTGTVPWHTTGYFFWVNCY,0,affibody_decoy
MGVNWHQVQGMKV,0,affibody_decoy
ACMAHKIWKFIKCEVC,1,affibody_binder
CNWRQSIWMIEHFQI,0,affibody_decoy
CNCDCCLPIRKDICRRCFHS,0,affibody_decoy
EYHVNARDQPYIEDNNIP,0,affibody_decoy
CFHRTMKEMQVTCV,0,affibody_decoy
EHADAGEFAIFFCYIN,0,affibody_decoy
KTNFYHLENIQFE,1,affibody_binder
QRWAMLPPIQGYYHWGDLLD,1,affibody_binder
QQNRKNEKIGYHTHLVE,1,affibody_binder
LINCRTRIHCAEAV,0,affibody_decoy
TWRQRIKMSMPPKH,0,affibody_decoy
DNFTIVEEDCSFQLMAVPI,0,affibody_decoy
LWLWLIKADMWDFNG,0,affibody_decoy
ILGSRFHRYYQPFFQ,1,affibody_binder
YYKNDCCPACTCKHMKY,0,affibody_decoy
CPHTHRWKHTMMNCEIDL,0,affibody_decoy
LRKGRHYWCHCGHHAMV,0,affibody_decoy
CEGLDNWKNPDIPA,0,affibody_decoy
DWTIDPIVSNSKYYHILKVH,1,affibody_binder
SDQMMHHFYRWIKIA,0,affibody_decoy
LKFGSCLGPAMSR,0,affibody_decoy
SIEDEAWCFKRQFCRDAKMH,0,affibody_decoy
MMPCIHYETQNHFTDDHAC,1,affibody_binder
TTDFRDIKCSTQTKLCSP,1,affibody_binder
NTLDWFGPDEDFW,0,affibody_decoy
YYGAQDWIDLKTSIN,0,affibody_decoy
WHHCRNIEMTQDPRP,1,affibody_binder
ERELHENGRHWDYKTGA,1,affibody_binder
FKRGFLKDANFPATR,0,affibody_decoy
AWIVPRLKEIPQAK,1,affibody_binder
IGYCEWHAYHWMYSFE,1,affibody_binder
HDVLDAMNRCRICCIVL,0,affibody_decoy
QWGGLVSKDTPACLC,0,affibody_decoy
CEQVAGVHMLIQK,0,affibody_decoy
ELACCIRCEFFWKCQL,0,affibody_decoy
EGSENADQTIGVK,1,affibody_binder
VFSGPFGLLNASFKW,0,affibody_decoy
NHMQVEASWHSTPWWH,0,affibody_decoy
LKTEWCHELFHHKT,1,affibody_binder
QLHRYYCYTTHMPPWN,0,affibody_decoy
YKYWQAEPGYFTSMRS,1,affibody_binder
RRGFCVIQDWQAFCA,0,affibody_decoy
ARTFWTAVTCSMC,0,affibody_decoy
RQWAGNCRAFRDSLETWNFG,0,affibody_decoy
WKLIGMLPSPTDCAG,1,affibody_binder
CSTYYGQVEDAPNSMPHHVI,1,affibody_binder
KLCSQDPRMCMMGATQYD,1,affibody_binder
FPPWWNEEWRDQITVV,1,affibody_binder
NRWPHMIMPMDYVN,0,affibody_decoy
HPQLSWPEYKVMPWC,1,affibody_binder
WQAIVSLAQISTSWYEKCPQ,1,affibody_binder
PCKKEHDAGPFAMCW,1,affibody_binder
QCTIHVWLVTIVACPFCFMQ,0,affibody_decoy
DYGNRFSNTSVYPCWP,0,affibody_decoy
YAQWLPCNMTHHRFIQDA,1,affibody_binder
MHLHQIWGFWKNDVRSLLR,0,affibody_decoy
EFTCLRHWQARDG,0,affibody_decoy
GCRLLELFMVIDKLNSRTFM,0,affibody_decoy
MFSFRNDMTIPFTF,1,affibody_binder
GDNYLNRPVNSSGGIMSV,0,affibody_decoy
CRLACGLTAPMKHSSC,0,affibody_decoy
PQSWSQLDGDAFAGDKPVL,0,affibody_decoy
DSINGAIWVDWFKSQREWWS,0,affibody_decoy
QLNFEYRYGAVLIGHG,0,affibody_decoy
KERGVESPGKVKLYCPDYLV,1,affibody_binder
VDSGKFTNSVDPSLDISNAQ,0,affibody_decoy
AIDQEYWTEDTPFRTPG,1,affibody_binder
ECSAACSQDQMPLYSWS,1,affibody_binder
SCSGTHGTTMEFCDALNE,1,affibody_binder
CYPRFGSETQPDEDP,0,affibody_decoy
WWSPECKHPLMSFPD,1,affibody_binder
PPTTSHPGPKYVTPYNI,1,affibody_binder
YKQARYPHIYAMKSRQGFRP,0,affibody_decoy
VNKIDRTNCAQSLMVHLL,0,affibody_decoy
MVITQADIDLYPWNVAT,0,affibody_decoy
DKTVMTEMIYYISHAYSWKG,1,affibody_binder
EKYWKMCNNFNMSC,0,affibody_decoy
GRFLIWADNIASMFC,1,affibody_binder
KFSTGFPMHTQACDAMTD,0,affibody_decoy
RHTGEHARGYDNLKEEW,0,affibody_decoy
QEPPLEPIFGEGDF,1,affibody_binder
QLNQPNGSPPIYWM,0,affibody_decoy
FHHEPEYIFFFDSCYEWNEP,1,affibody_binder
DRHGLEYTISKAKELFV,0,affibody_decoy
LPMDKFDQMSNVSMW,1,affibody_binder
NYWNASKVVWLYQVDR,1,affibody_binder
RVMKMDMPPILGHAFRSCTY,0,affibody_decoy
HKHVVVIVTNMIMNDNDRAQ,0,affibody_decoy
ANNMVDKTKEFLWAYY,1,affibody_binder
IVPTGCAFMFMWFQM,1,affibody_binder
ISPLVIPFYFWQTEL,0,affibody_decoy
IRNDKVWMFTELIFIG,1,affibody_binder
ETLNPCQVNWGDWWQPQQ,1,affibody_binder
CVWRMCLDENEWGCKQVPQ,1,affibody_binder
KKVHVEKQPSSCSCGDA,0,affibody_decoy
GWVSQFNFIGLRQV,1,affibody_binder
ATAYKNDICGEENMRRVI,1,affibody_binder
KRVEWRQEMQHCCT,1,affibody_binder
PDMVNEGSMITMI,0,affibody_decoy
RFENGQIQCTDYL,0,affibody_decoy
RIFTIKEPQCRDSQ,0,affibody_decoy
YKHDYEMSLEAKTC,0,affibody_decoy
CEECTGWWQVYFPNV,0,affibody_decoy
WEWLANIIGTVCHVKKG,1,affibody_binder
TLKQICPLGNFWIMH,0,affibody_decoy
GMATTNVVRMYMPWAIY,0,affibody_decoy
CICYADFKHDYWPSM,0,affibody_decoy
DVQFLIDKTIFEFRYSEEQ,0,affibody_decoy
AMDDRRNCDMFMEMHQKLPN,1,affibody_binder
MQCKRGCNRYREHWFGY,0,affibody_decoy
TANNLKYIRKQMYG,1,affibody_binder
QGCFSESCKVCFNPVGA,0,affibody_decoy
KWLYNFQSKQQSKP,0,affibody_decoy
PILLVEEHGKYMINAYP,0,affibody_decoy
VKHERNVWNSSLAGHHGPN,0,affibody_decoy
EMMLWFPVMPTEISTYGTQF,1,affibody_binder
TLGMPWFRRSDPG,1,affibody_binder
YYQLHTNIKQIVVNFTV,0,affibody_decoy
AKMSQLEHAWPNCDFAGCNA,0,affibody_decoy
LDWDYGEINRKLLKSR,0,affibody_decoy
FTDRKEPDKYIMLMTCCGQ,1,affibody_binder
IRVDRRWILISDWRRTWY,0,affibody_decoy
HVCYYFEGTLMSM,1,affibody_binder
MHRSPFHIGGDTHMF,1,affibody_binder
MRITKICPMLKCLI,0,affibody_decoy
KCRMMLQPISQIARPN,1,affibody_binder
FIQLGGPNTCVTD,1,affibody_binder
VIRRCDQHEWCKWFG,0,affibody_decoy
EFMFSAQFVMFAWMDHK,0,affibody_decoy
IICHTEEKWGINNNAMFK,0,affibody_decoy
CDLAEYFAVENLCPTK,0,affibody_decoy
RKHLCEGDVRAPS,0,affibody_decoy
QHDCTQCKEKHKKRFQMLT,1,affibody_binder
GIGGKWGWWPAHSIWAYD,0,affibody_decoy
ACMPNGSHCLSKGI,0,affibody_decoy
SEHANQGQMIPCNIWG,0,affibody_decoy
ESEPMKHDEFANG,1,affibody_binder
YPPDQDDEEFGFPCNLP,1,affibody_binder
DWKKEVKDKMTIDS,1,affibody_binder
WVDREPFNAANTHTCYS,0,affibody_decoy
QVDLTYYPGNCEY,1,affibody_binder
WSSVVQHTNRLAFKMYC,1,affibody_binder
HGGIMQTSEHMINGTV,0,affibody_decoy
CFQAVCKDESEHYHDE,0,affibody_decoy
SVEEEQDTYGRHCVAW,0,affibody_decoy
FGWMEWDYLGSIMFTEVSY,1,affibody_binder
RTMQGTGTLMSEQQWRKKCS,0,affibody_decoy
MISRDQGPFNDYG,0,affibody_decoy
LQWYFGHMWFREWMIHKKL,0,affibody_decoy
PDPVEVGPGSMWTMMSVYF,0,affibody_decoy
SIWAGDTEDWFSDCHDQMK,0,affibody_decoy
RCQHHKELKQIEGVNLMDF,0,affibody_decoy
KMTMMKCNYRVDLHN,0,affibody_decoy
SRWMGVAVNRNCCYVHMTFD,0,affibody_decoy
VQYCTMRQLPQLTTHH,0,affibody_decoy
THIAEAIAAYRMACHMNNN,0,affibody_decoy
DFFHHLECSPFEMFS,1,affibody_binder
HQHMFTGLADRIKHQRDAWS,0,affibody_decoy
HHFMFGDGFFEMY,1,affibody_binder
LFICKWALITFDTPYYNQEE,0,affibody_decoy
HPGYQGVKGFTDGDQL,0,affibody_decoy
CAYWFLDKWWRGT,1,affibody_binder
LDPTWVEWYSMDLS,0,affibody_decoy
NEGCLNRKVKFKAAWNDH,1,affibody_binder
WNVCWYIKWKRVWYGKC,1,affibody_binder
KDLFPFYWQHFTKP,1,affibody_binder
HAAHKERFQVMWLQ,1,affibody_binder
HEQKREKRPMMYRRCDA,0,affibody_decoy
SWHWLGDQDMNQQCTFFFEE,1,affibody_binder
GRIKINEGELYCVRG,1,affibody_binder
RVRKLHALFMTVIKEHTAYG,1,affibody_binder
KTKVWHASEDPHI,0,affibody_decoy
VYWHVYTYKPYTFGSAQFK,0,affibody_decoy
LMIMMNFNPSFLGWV,0,affibody_decoy
MCSQAWEFPWQYTEIFWYAF,0,affibody_decoy
RYIFLVAHIEMVL,0,affibody_decoy
MIIYHEYTMYRDGAFSNTWN,0,affibody_decoy
VGPHWRRHGTGARATC,0,affibody_decoy
YRHGGLTCQGGWMI,0,affibody_decoy
TCNPFGVQILDTG,0,affibody_decoy
TQVARLDHHNVLYIM,0,affibody_decoy
DFFAITFNPTQNND,0,affibody_decoy
QMEFICTIPCHRPGICP,1,affibody_binder
MRCKKAIVHKKALCEAFY,0,affibody_decoy
PAMVKISWFMNIADCCPAHG,0,affibody_decoy
AKSDYQKAWTKTN,1,affibody_binder
EMISIDTIWDNCGCRMF,1,affibody_binder
LYYSGHREIFQQAIT,0,affibody_decoy
SVPITFSFWAIYF,1,affibody_binder
IMQGYATMMFMLDHYYVS,1,affibody_binder
SSFIHWFVWGSNPL,1,affibody_binder
TDPTRKKGQPGHVIWEV,1,affibody_binder
QLVELWCLIAKEWQ,1,affibody_binder
LKIALPKAEGSFHHWY,0,affibody_decoy
STVQQEKHSLWARQAYT,1,affibody_binder
TSIGPTWSKANKQNC,1,affibody_binder
KWPDSGRNEPGKDWHW,1,affibody_binder
WRIAYVKFGLKVP,1,affibody_binder
NDWVTELKRFHWNSVPA,0,affibody_decoy
TMPTHYENQLSMVKDNDTM,0,affibody_decoy
FPDVNRLDRQNKEF,1,affibody_binder
DWPNPFNNFRAGH,0,affibody_decoy
HLYMPYPGNDEWSPRKLK,0,affibody_decoy
RHGLPPWYHFKMGRGS,1,affibody_binder
CVPKGYKQVGRCV,1,affibody_binder
IGLHYFHPTFNFEF,0,affibody_decoy
RDHLGVVFTIYPITS,0,affibody_decoy
RIAPFYDEKEYCDVCV,1,affibody_binder
STIVHEAVRYMLD,0,affibody_decoy
HTECYRVIREQPVKYTQM,1,affibody_binder
RVRCSPGMTYWWAWCLAS,0,affibody_decoy
QWTVVCYIKIPKN,0,affibody_decoy
PEPWKNMHTYEYTYIIF,0,affibody_decoy
YYLGHNGYCVECDLRLFH,1,affibody_binder
QHKGDNEARALCLACF,0,affibody_decoy
AFKQCQDLENSVQ,1,affibody_binder
TGIIVGWRSGCSKG,0,affibody_decoy
SVDEWALVNTLVGLRNMGMR,1,affibody_binder
GKVTCICYLTYAK,0,affibody_decoy
GDSALYQDLTGQW,0,affibody_decoy
ALYYKTHIMGWHFHP,0,affibody_decoy
HEHSMMYWMFHNCWY,1,affibody_binder
QHESTCYPHMAWEQY,1,affibody_binder
WDCDGGAAYILCRETI,1,affibody_binder
FTYEIQMANFYGHQMTW,1,affibody_binder
AFEVMRAHYYLGTNCLC,1,affibody_binder
LCMRHDNMILFLT,1,affibody_binder
PMSDEYDINCARIEECR,0,affibody_decoy
FAGVSIHFLLEHVTHKQYT,1,affibody_binder
IWHPGQEQSDFISMWHYQL,1,affibody_binder
YPRHSTCANFRGWGPHVY,0,affibody_decoy
DDHANANSDAGLVELAM,0,affibody_decoy
DVNNYDHSKMMLD,0,affibody_decoy
EAGWICNPECYCHLFVGADY,1,affibody_binder
GSNTLQDCQRIAPSENW,1,affibody_binder
NCGFWKTWLNSQRFIP,1,affibody_binder
LLMMNNWYSATCF,1,affibody_binder
NCCTGDCLWCAIKSAE,1,affibody_binder
NVVGQMCFYLFQQE,0,affibody_decoy
GIKRWKTGVMFPGMEQE,1,affibody_binder
YDKCIVLWQMWVFVP,0,affibody_decoy
KPPYNDIIAWLSNF,1,affibody_binder
ITHANQHFIRGHIFHYVN,1,affibody_binder
LEQQNNEDHAMEARQTH,1,affibody_binder
ADTNTSDSKGWDAY,0,affibody_decoy
MWDFDFWFFLYKEKWF,0,affibody_decoy
PWRNNSWPLMTHIAE,0,affibody_decoy
EFPRPGLRWWGWWRHC,1,affibody_binder
CECSCQVNYAEVYAI,1,affibody_binder
FKHFQTHLLMPPKPGFN,1,affibody_binder
PTTKHCDHTSQKC,0,affibody_decoy
ATAEKPIKHRARGNRQMSKI,1,affibody_binder
FPPDWKKDQHAVWQMIGMHT,0,affibody_decoy
TMMFRDLLIMSHADYAIYK,0,affibody_decoy
KDIFKCICSLARLIY,0,affibody_decoy
WNLEYDAAFEMYT,0,affibody_decoy
CHAPWLRIVERHTTNMTERG,1,affibody_binder
QDEDCRMWEGQDDC,1,affibody_binder
WNFYDNKNSKIAWGSIGQN,0,affibody_decoy
AECCRHASKCEICFVC,1,affibody_binder
CIPQPYLLMGHYR,1,affibody_binder
VNTDDTYAIQWWHHT,0,affibody_decoy
WRMAPYLQCVKETAATCM,0,affibody_decoy
CQIMHEEVTNHQH,1,affibody_binder
VPSRCMVYAAPHAPF,1,affibody_binder
GLNYFWYDLSDERLLDE,0,affibody_decoy
TDMLGNVLDNHEP,0,affibody_decoy
WLLWRTPIVSNDIF,1,affibody_binder
EEWSQLSDERHNPK,1,affibody_binder
FYSHWFLRCKTPQF,0,affibody_decoy
TEHLSSFSGRCMNKFERYT,0,affibody_decoy
HLFYFTPYDELTRMMPKIVF,1,affibody_binder
GWNGWWRWENWRVPMYYFFS,0,affibody_decoy
KPKTIDTIMDLRWQKFRHMM,0,affibody_decoy
GNTMCWACEISLAHAVTF,0,affibody_decoy
TIWVPRWMEWWADRSKACE,0,affibody_decoy
KCAVLAVFQYVPATCSECE,0,affibody_decoy
IRQKEGEDQMVWWHEN,0,affibody_decoy
IMRIKTLWGWNFTCKT,1,affibody_binder
YVVRSHGNGHNVYCSY,0,affibody_decoy
LIFPRQWMSSRGKVDI,0,affibody_decoy
CCGRVIMHINILINSP,0,affibody_decoy
RDTLCSDVVKCYMC,1,affibody_binder
SLSIMSNQVDCIDTIYQY,1,affibody_binder
CYVHRFLLNGYGLHDCEY,0,affibody_decoy
AIWPSNLMTQHIS,0,affibody_decoy
KEGHVHDNYPKEIHV,0,affibody_decoy
NAPMKIQQQQTNDSMW,1,affibody_binder
TYPCGAREAGMMP,0,affibody_decoy
LYTDAHGMAGVHPRAK,0,affibody_decoy
RHTLQYEVTEEVGRDNIHI,0,affibody_decoy
GSGLGVQAVSHSYH,0,affibody_decoy
GKQNTHYRVEEILKNHQ,0,affibody_decoy
VWKNVQVFRYAQPHSRNMDI,1,affibody_binder
RNFDVHGKWHIKFFN,0,affibody_decoy
LEQGQWTWKDDHFYIQDF,1,affibody_binder
VADKEGGNIQETS,0,affibody_decoy
SYLHDYIPVQFFI,1,affibody_binder
IWGQFWNFCIQQAIRPL,1,affibody_binder
LRREDTICSENFIGHQSDNK,1,affibody_binder
QHSDEPTFMECDNAP,1,affibody_binder
VVQCKSCQPSHMNWEWQF,1,affibody_binder
KDPSGHSHIHKAD,0,affibody_decoy
YWFPTWRDQWQCIYQIENY,1,affibody_binder
AGNAVHFPGDRTKERNKS,1,affibody_binder
KCGPMDSICMGGYCAQQGNM,0,affibody_decoy
YMCRPPAGDRISTMSGK,0,affibody_decoy
PQGPQFLSVHRMSLE,0,affibody_decoy
KMQQIDVLMKYFQQA,0,affibody_decoy
MSVNNGYMWIDAGIHAGF,1,affibody_binder
RYVGVIIGIGFAGRDCHQN,0,affibody_decoy
LHGCEINGPYAYFDACCWEV,0,affibody_decoy
MKYFLFTHWGVHQRMCQ,0,affibody_decoy
SLDCCTQVFKMRSTHQLYM,1,affibody_binder
YTPEAKITACRQTQN,1,affibody_binder
ASILHHTSFKCCRVLFSW,1,affibody_binder
MCIIFNNDDWHIV,1,affibody_binder
AETCAIELVINMQASIP,1,affibody_binder
LGSMGILPGVSICFV,1,affibody_binder
IYHFVYVGSVYVHMGH,1,affibody_binder
VRAGNWNGRVPEITIY,0,affibody_decoy
NIDELIMHHSTYITQLYG,1,affibody_binder
MTNWYQGEPTMELL,1,affibody_binder
KAPKCNLFMRWNQFDYDTV,0,affibody_decoy
GFAKSENYCICYGEGVRDT,1,affibody_binder
HCGHRWFLACTRFNWSVVMF,1,affibody_binder
EHMLTSGCYKPCDKCCCH,1,affibody_binder
NMRYYNVGLENNKKV,1,affibody_binder
HMTLVDWRTNKGTNVQWNI,1,affibody_binder
AEYGKDHNCYTIRLETRYI,0,affibody_decoy
RRSCPTLLASPIQECACMV,1,affibody_binder
YENQEIMPGQTLSCT,0,affibody_decoy
QNQKWGPGKAKLPFPWIP,1,affibody_binder
DVQTQRKSDSFMDKEVP,1,affibody_binder
VERKDSGSGVWEFGSLIH,0,affibody_decoy
VTHCVEVKEENGGHEV,1,affibody_binder
FGIIGNGCVCDGNFSWA,1,affibody_binder
FTPQWWYIKKEAWKDFHRP,0,affibody_decoy
FFKYHHCYCNCCIALVR,1,affibody_binder
HVDAEMCIGGLCCFPVAFA,1,affibody_binder
EQEVFNMSWSVLK,0,affibody_decoy
MVRLSWWHILICPNG,1,affibody_binder
LYTIVVHERDSMA,1,affibody_binder
LHIYNVFKKPQQYKIW,0,affibody_decoy
GFCLMYGVIDTDKPRLY,0,affibody_decoy
FPWKPYWGHMNHDKTKDIMF,0,affibody_decoy
RYTDCPIIEVARDL,1,affibody_binder
DQLIPFCSNEAVDMIVETF,1,affibody_binder
QYICKEEVAHSIKR,1,affibody_binder
SCHDCEFKVLWQWNHRDAQR,1,affibody_binder
TLSHPEARSGRNVQLFWIP,0,affibody_decoy
KFIWRQPIMCSYKSNQRA,0,affibody_decoy
YQLLLGKQGWCDM,1,affibody_binder
SLHTWYDRWICTSDCCSWV,1,affibody_binder
EAWVIVYLTTEYDRQRFNGK,1,affibody_binder
MYNKQTICSNSHVRGA,1,affibody_binder
TQANWETYRHTGIMLF,0,affibody_decoy
EWQTAAILMWIDLI,0,affibody_decoy
QIGAHYHQFRPEHKKGPQ,0,affibody_decoy
CQAAYHEAEEFESVVQAELL,0,affibody_decoy
LCFPLEAECAAIFMESEW,0,affibody_decoy
LEAFHFQCICRMDNDD,1,affibody_binder
WGNSTYGMNYARPKMQDT,0,affibody_decoy
IHSDPYQYEEAFC,1,affibody_binder
MMGIYLKWWIIRPFFL,1,affibody_binder
HRYETIKACFFNFVERAL,1,affibody_binder
LVRPVYQYYDIQLLPHVG,0,affibody_decoy
MDYVLCKMFCGNDAPH,0,affibody_decoy
ARRKYAFEEPWPPLVDQ,0,affibody_decoy
DNQTYFYWIRNVKLC,0,affibody_decoy
YNRIFKCYVDMEH,1,affibody_binder
GDPMDRTEYREGA,0,affibody_decoy
PNDVNDRFTKDGS,0,affibody_decoy
LYNSYHNGMAFWVI,1,affibody_binder
DQWGQSTTLHLRGWAT,0,affibody_decoy
DAAEERSQMNEHH,1,affibody_binder
RVGRGNSQHFIYQPKHS,1,affibody_binder
PDIMQCNEFMHDAHTYTHC,0,affibody_decoy
QKEFNYNVKTFIDL,0,affibody_decoy
LSGWTHMDQENSEWGC,1,affibody_binder
GCCHVTSNIYPHARF,1,affibody_binder
HDDYHEITQFFVKVH,0,affibody_decoy
NGFWHCRIGRPRT,0,affibody_decoy
HVKKSKAWHERFWEDSLH,1,affibody_binder
SDSSVMPKRRCVIT,0,affibody_decoy
GIMMQVFPVKDWF,1,affibody_binder
CANAWYGQKSLGDC,0,affibody_decoy
TYIAILDIDGFERRWT,0,affibody_decoy
ACDMKIKYLCRKEYTLCI,0,affibody_decoy
SVLAVWQHVIQYMFNTMVD,0,affibody_decoy
RNFCEGKYNSYDYMGMMKEY,1,affibody_binder
CIPYKVCDLTKIGCEGADEC,0,affibody_decoy
RELFSECFSPELEQAF,1,affibody_binder
AFCPDWMTAPPQKT,0,affibody_decoy
CHGMLGTWYRREHSKN,1,affibody_binder
ADGYENWHDYSSHYHG,0,affibody_decoy
RPYHDLWHNYPMEQQFAML,1,affibody_binder
WEVRPMAPPFMQLQKQQQRR,1,affibody_binder
ESSNDMHVQSDCGIPK,1,affibody_binder
CTCHFNVVRWHLWSGFFRMA,0,affibody_decoy
CLAEFFEPIKYHMFLR,0,affibody_decoy
IYEDMAHVRLPPLLLS,0,affibody_decoy
IDNTGILFCAGYHWI,1,affibody_binder
GSKIAEPMLAGASECTTLEL,1,affibody_binder
TDFLVSDLKQTRCHV,1,affibody_binder
VDYKAGVFVEEGLLNTDA,0,affibody_decoy
FGAMKGVANHSNTHK,0,affibody_decoy
IQIDPIMDQLKIEMRI,0,affibody_decoy
TFPHPAIACSVRY,1,affibody_binder
RVFQTLIWFCCAS,1,affibody_binder
SNQLDRYCQTREFT,0,affibody_decoy
SVEDNEPYNHICQRWWTFK,1,affibody_binder
YNPGDQWEMQACEG,1,affibody_binder
PMGRPDMNAGNMSEKMVN,0,affibody_decoy
LPYAEEQRVFHKSRKDERHM,1,affibody_binder
EKRYHWKRCVATSADDSQ,1,affibody_binder
SLDAPQFTCLTNDENH,0,affibody_decoy
QLVYENCWIWIQW,1,affibody_binder
EGNELSYCICFFTTRVGQLC,1,affibody_binder
YCGTCSWSINTKIP,0,affibody_decoy
DHRQCKCLRMTVIYLDRHCF,1,affibody_binder
DWTHPPTCVAAFWVTVD,1,affibody_binder
SFMPKIHYMYNFVV,1,affibody_binder
QFCREWLFCLCCKIEA,1,affibody_binder
SDEHDSVWVYAQA,0,affibody_decoy
HSEHADVGKAYHGRFASWPL,1,affibody_binder
CYHCRHHRHLGWAGMVK,1,affibody_binder
EIPDHSTTEMEIA,1,affibody_binder
NCCMNVKDPEWDRTIPQ,0,affibody_decoy
MWTHYDHLNQGTCCGEQ,0,affibody_decoy
RWKNVWQPTGHYLDGMC,1,affibody_binder
RGWNTTERWTNRCYCRKS,0,affibody_decoy
AHFHPKAPHHRGK,1,affibody_binder
WFTSAFGSMNQDTDHV,0,affibody_decoy
NWVNHNMEPGDNFTKT,0,affibody_decoy
CYEDKITHFELAETA,1,affibody_binder
FVSSQYMMRCTDLCHTQKL,0,affibody_decoy
MWHKRMYQNDVMVK,0,affibody_decoy
DQLCQFCCKKNYET,0,affibody_decoy
DRKCMWYTKGMADCQLQ,1,affibody_binder
YDTNNHDMVFSTHTRKTT,0,affibody_decoy
IKEQVHWGQPDFMWCMNI,1,affibody_binder
KDWTHPGPPTALTCA,0,affibody_decoy
MEPASCYDCPEGNNYR,1,affibody_binder
LEREWDFHWKHVSKHASK,0,affibody_decoy
KFRAKPTAAGHVVI,0,affibody_decoy
EETPMDSTHEIIA,0,affibody_decoy
LNSLVVRENEQSAM,0,affibody_decoy
FSLVSECNVGHELSRKKG,1,affibody_binder
QKMHLLGALHDLIDH,1,affibody_binder
YHASIHMREMNRIMNPK,1,affibody_binder
DDPICFAMMDIPKQGCM,1,affibody_binder
FIHPIARLAEEAMRC,1,affibody_binder
FCCVHNDHRQNPEYFSATKE,0,affibody_decoy
TLLTSQNQWMPAADKVY,1,affibody_binder
FIDCYMAQKVEMQLQIIRNG,0,affibody_decoy
AMMIKAMHCEGYDFFDKVYT,1,affibody_binder
HCNIRIAFGAQWIFE,0,affibody_decoy
APNDSPSTCKQAQVTMGQEK,1,affibody_binder
VAWADGPQCCWNKSNMP,1,affibody_binder
IQIIFQVNTDLMTNQNP,1,affibody_binder
HYRGVGGDHQMHEDNIKMEA,1,affibody_binder
WHGYAIIRFCQHTMEPAEY,0,affibody_decoy
WGAQQWCYYTDYSEEHASRF,0,affibody_decoy
YSCKDVHMQQKEKNCWG,1,affibody_binder
AMTENNMEGWALCT,1,affibody_binder
NRDMNFHKPHCDWD,1,affibody_binder
AVHMFTFNPHRWNSF,0,affibody_decoy
FTGVKPLNIHDVMWEAIKP,1,affibody_binder
RMSYVHYPKVHYR,0,affibody_decoy
DYIESDHCISVERIF,1,affibody_binder
SPLRGQRSKYQMPY,0,affibody_decoy
REREYWHEDHTEAATL,0,affibody_decoy
LNYEDDRQTFCAF,1,affibody_binder
YNQHAFDVGVGAEG,1,affibody_binder
YECYWVREKAYLD,1,affibody_binder
MRPTYIFSVLELEMMKVDA,1,affibody_binder
RTNGCCDANWRHNP,0,affibody_decoy
TCWTHFGKLHMRAQ,0,affibody_decoy
ANLNKAGATKRCQSHCAY,1,affibody_binder
MKLQLIQMQSMRQDYIMF,0,affibody_decoy
MKPWSVLTPHQHPMPEQTP,1,affibody_binder
NFVDPNSQGSSVTIDKADSL,1,affibody_binder
GSTNDQEIFSKNQTYVA,0,affibody_decoy
YANVWVVTLCEGIIHA,1,affibody_binder
QANSHRHEEDAEM,0,affibody_decoy
VCTLCSHPWCQILIRW,1,affibody_binder
ITLEGMHVCEFYQDTAT,1,affibody_binder
WHLYGHAAEHWLEFVIVCR,0,affibody_decoy
KWTNRLCNYYTNFDQ,1,affibody_binder
KRCHVWNHFRQEH,1,affibody_binder
CWHSFNHLVCRVKMG,1,affibody_binder
VVTMPHTPPDLQC,0,affibody_decoy
EWGPLTTKKFKAMHVY,1,affibody_binder
SEWQCGETYGYLSCIKQ,1,affibody_binder
WGHLLIPWDYKGIYYQWKY,0,affibody_decoy
LCECNKKKDYFNGHQDLVGC,0,affibody_decoy
KVQVSASKDCPQKMLSMGT,1,affibody_binder
RHWIGYMLQPGLYLKA,0,affibody_decoy
NQAKCPVRHIEYYLYFPVKV,1,affibody_binder
YFDWGVRHMCLLGWTYSYP,1,affibody_binder
YVQCTMHRRDDRCIKLCFLH,0,affibody_decoy
VFYCYTLSMEHGM,0,affibody_decoy
GLCFVWQGYCELV,1,affibody_binder
QYRIQETNLFDGC,1,affibody_binder
QFNNCWPSSEKCYTIMRGH,0,affibody_decoy
LENCCTFWISEIVATAWKM,0,affibody_decoy
PNHSHHWFDRTCWI,0,affibody_decoy
GCSMWSWIEDGLPLVKVQ,0,affibody_decoy
MKNCCNTFPCFDHNKPVL,1,affibody_binder
WTIETGKHYARDVLLQSFFD,1,affibody_binder
FAWIPNERDSHAHMCE,0,affibody_decoy
RWVEWNQCGFPTSIRDG,0,affibody_decoy
NVVRMPPFIFWKEAHFCDDD,0,affibody_decoy
NQEKVPHAPTARSKYQ,1,affibody_binder
WGSSPRSMGEDTKHWEKV,1,affibody_binder
FPFVKHLYQRSGFETKVSK,1,affibody_binder
IGGDKQGQDQNWRLQ,0,affibody_decoy
RGDWHKCTQVGDDFAMLND,0,affibody_decoy
YFTQLWEICDLQNEWSLC,1,affibody_binder
AHWCITEEVQHRCDQQEQPL,0,affibody_decoy
HGYPNIWYQMIWE,1,affibody_binder
WVIEEDGRLGHQRTEQADH,1,affibody_binder
TTFCGPNAPQLLLERIYMVF,0,affibody_decoy
KCIVNDMMVWGTTGHEQYL,1,affibody_binder
APDPSCIDLICQII,0,affibody_decoy
DAKIDAGEGESFTN,0,affibody_decoy
GDWPNNHGYVSRETIHFPS,1,affibody_binder
DRVAATGVTALGY,1,affibody_binder
LTFFPHWQEECATGYS,1,affibody_binder
KNNIFVDTHVFIGIDCQITC,0,affibody_decoy
KTRWPFCIFTYETNVP,0,affibody_decoy
PNCAHAAECMGGEKTYMV,0,affibody_decoy
HYRWAQMDTWHCYVCHKPVM,1,affibody_binder
FLPPVNAWQPEMRVY,0,affibody_decoy
IDWTDAEYLPGDEGN,0,affibody_decoy
HHLSQMFGPPGCAFIVLC,1,affibody_binder
VHEWMCIFITFMQWTKS,1,affibody_binder
GRFMCDANNGSGALIAWPNV,1,affibody_binder
AATLREAIINPVAR,0,affibody_decoy
NEESIYRQYYCVKHMYRW,1,affibody_binder
FDKPIRVYTNNFNRR,1,affibody_binder
VILHFSFHWPSAMG,0,affibody_decoy
RYAQFGWTEEDPTDTPI,0,affibody_decoy
CLPACNQLYESPFEQKINDM,1,affibody_binder
GPSTQNSPHELRE,0,affibody_decoy
QTFSFYCAHDNTCTKTA,0,affibody_decoy
PLDLQIKLVWYYWQVKRVWR,0,affibody_decoy
CWPHSKMASADTHW,0,affibody_decoy
VFPYITPWTMYSVRNVT,0,affibody_decoy
LLLYQIDFTTVNE,1,affibody_binder
ACTMHPGLYSTGQHHFKT,0,affibody_decoy
LKFNQFKHPHFPGLPTM,0,affibody_decoy
SLLTFYWWPDWELTAQ,0,affibody_decoy
NTYWFYLKQNDNTRC,0,affibody_decoy
MMGPVIGEKKFQGWERT,0,affibody_decoy
PRVDEEEFYVIGPTQ,0,affibody_decoy
PNFRNNWHEDDPPWQVAK,0,affibody_decoy
APVSFCAHRPYIT,0,affibody_decoy
FNTMVNQPITNILQIQD,0,affibody_decoy
LEKKSWLELKFTQPFW,1,affibody_binder
YFQTVYWQSGRIANSWMC,0,affibody_decoy
MIFPFLPPYRATG,1,affibody_binder
NTRPFPFFKGHSNKFLE,1,affibody_binder
EHTVQFMTTGEIYADLC,0,affibody_decoy
GLMMGIQAKYVHFEI,0,affibody_decoy
SKIDAFFDQAPKNKP,1,affibody_binder
WVDDCRGFQMGSNQGVD,0,affibody_decoy
WTCYVAGTHLKDTD,1,affibody_binder
LNWDIACRFNCAF,0,affibody_decoy
RERGHHWFKGCDWQNKQH,0,affibody_decoy
IEALYTPHFHGEVY,1,affibody_binder
DNACSNECSRHGFIQG,1,affibody_binder
ICPAIEDPRKGDFILF,0,affibody_decoy
KMARSQHCQFRSTQE,0,affibody_decoy
DKSWGMGDHYIDIWPATVI,1,affibody_binder
MFFHRQTAPAIAYP,1,affibody_binder
RSSDDSPKPRTAWANRIYF,1,affibody_binder
IRSWDFEVWIASWGQNKWSD,1,affibody_binder
DGMCNFIFYAGLDAYMFN,1,affibody_binder
KKRICTNVTSTYHAIYD,0,affibody_decoy
RGFWRALKSDKNMCTY,1,affibody_binder
IIIDSHAAKHCLQAHN,1,affibody_binder
DAYNWHQVHWTDTTI,1,affibody_binder
HTFMSPGIINCQWELGA,0,affibody_decoy
NEYGFHCRQTRLT,1,affibody_binder
GPSITQQLWQPIAMKCGLT,1,affibody_binder
ALGGDYAPHAHTKRVM,1,affibody_binder
HGELLDTQFSLGWMKY,1,affibody_binder
GQSHTGPDLNKKF,1,affibody_binder
ETEVFLIMYDESFM,1,affibody_binder
WSIGKNFCWPRQLNTF,0,affibody_decoy
KFNWGLDLWMWILAD,1,affibody_binder
VFQWAFDGWGRTMNTWKT,1,affibody_binder
PAMKMAEPEINWGQSYVL,1,affibody_binder
ITLLIMDMDVEATKFCPM,1,affibody_binder
RGAMYFDVNNRSCHWTCMVV,1,affibody_binder
RRAIRARWQEYLHQAFYLC,1,affibody_binder
LLNKYAWYYFAIQL,0,affibody_decoy
HGAQMMMWVNTYPMWLT,1,affibody_binder
VMAEAQITCENFYWYRLAL,0,affibody_decoy
PVWNWLMRDGDSMI,1,affibody_binder
AEQGPMCIIFLHVDVM,1,affibody_binder
DYMQYWVQGPVMGLI,0,affibody_decoy
HWNWWAHLPAPEIAL,1,affibody_binder
TFNAFVYKGELFSLHGRANG,0,affibody_decoy
NPMNYAGNCSEPF,1,affibody_binder
VIRPPHWRFFDASLGTGEQ,0,affibody_decoy
GFQWTNQEPYLLRHK,1,affibody_binder
IILNPKGVNEEQEDRNVT,1,affibody_binder
WNVKYWDFPQIFLCGA,1,affibody_binder
PMAHFRSEFVQMTRTI,1,affibody_binder
IMHFQWSENICWQRI,1,affibody_binder
FEDQHNPHGMFTTY,0,affibody_decoy
FCNVRHWHSCSWQGCENYEP,1,affibody_binder
FAAKKHPKNPRDNACPKRGI,1,affibody_binder
FEGRHAKFASSAHIHFCST,0,affibody_decoy
SLQRNHKNTHIQQKPF,0,affibody_decoy
QCPMEYFTMSTFKL,0,affibody_decoy
GCFADCTKFFAQQT,0,affibody_decoy
EFDAPHGYWEWDHSVQVW,1,affibody_binder
GTYTCQIGFPVCDDSADQQA,0,affibody_decoy
WIGAHIGFSAVNMYMGND,0,affibody_decoy
ASHDKNYAGLLNQLYN,0,affibody_decoy
MMFRIWMNVDWHMGESSW,1,affibody_binder
KLWEEPHSAPVGCFTMYPSI,1,affibody_binder
YGTENCRCYQIGNHV,0,affibody_decoy
SLSDFCRYGSTSI,0,affibody_decoy
KHGLHYNYWGFLQCGDVN,0,affibody_decoy
PPAYWHPRSSKTL,1,affibody_binder
RKYKDIKYMGNLDQKME,1,affibody_binder
IVWPPYKWHDCYPN,0,affibody_decoy
TMYTDGLNCKSCF,1,affibody_binder
MTLTGKVFMFNLLAQDNDRW,1,affibody_binder
GFYSDWANFVMFAYLT,0,affibody_decoy
LMQENYLEYIIFSDQFY,1,affibody_binder
KNAISTRTGLLNLGSCAGEC,0,affibody_decoy
SLECPDMFEENKELDKA,1,affibody_binder
HDVQNSQWRWQFMAPF,0,affibody_decoy
QIWRQSVYEQKPCNVKSCQ,0,affibody_decoy
FWCHEEWKGVKPLMH,0,affibody_decoy
ETPNATLWCWDNQSLPIE,0,affibody_decoy
YAIKSWHIFRMDHQM,1,affibody_binder
SHETIRQRAKGQMCAVH,0,affibody_decoy
RYFRVVYLIRQQYEQCPWI,1,affibody_binder
CDSIPWAMWYITNHFVQKRV,1,affibody_binder
LSDKSTHKFLSRIWNV,1,affibody_binder
KKEPYYFLWDKLWCTA,0,affibody_decoy
LIVNVSKGFENHLWWQHINL,0,affibody_decoy
KCWWKYVCWYKRVGNWI,0,affibody_decoy
CSDTDCYGSMYQAVQKT,1,affibody_binder
EHDEIHNHGLHNVR,0,affibody_decoy
FRGCKTFFCYWCWMQMRLNF,1,affibody_binder
HKCKESCMLKCGCMGWGAF,0,affibody_decoy
CLHHLPVNSPCEYKNIQ,1,affibody_binder
IDKRPLTTYVSSNA,0,affibody_decoy
QCGVVCRYCHWSH,1,affibody_binder
YPIWPVFGWIAFVWAN,0,affibody_decoy
SHINKGFGGVLNKQQ,0,affibody_decoy
TSMTYQWIRVLGP,1,affibody_binder
KRQGSVRGNYSLFAIRA,1,affibody_binder
GIVDTWWFFMYEYESMLGS,0,affibody_decoy
GHVLADDSNLDAMNAAE,1,affibody_binder
GYDLGVNIILRVDF,1,affibody_binder
LCHTVHDEKLSESC,0,affibody_decoy
LSLGQANNHRSWSNYIQS,0,affibody_decoy
WHLTYWAIPVEHIEDLM,1,affibody_binder
CEFCPCGIKQMVSVHS,0,affibody_decoy
HKMCTRQNMNKAAIMTKCFQ,1,affibody_binder
THGQWIYTDGLPY,1,affibody_binder
WNAQEVADDLTCNYGHA,1,affibody_binder
CNSCLYAFPDAQYMPIALI,1,affibody_binder
VCRVAMRNDASWHFFVF,0,affibody_decoy
LQSMRSWYPVLTIA,1,affibody_binder
LVAEHCMLCVFDTNNCGYRN,1,affibody_binder
PYIHGTYVNVQHWNHF,0,affibody_decoy
KAGLKNHLTVCLHCCRF,0,affibody_decoy
FDQKMTDKLDHVGT,1,affibody_binder
FVQLYMKSGDAEDTTIA,1,affibody_binder
SFEFMDEMIYVELT,0,affibody_decoy
QGSLQTHDHIPHLGSFIDD,0,affibody_decoy
SDAVLTPEHIAKN,1,affibody_binder
TTSGALCRTISKGI,1,affibody_binder
LMQYNADVEYSDGHDHP,1,affibody_binder
TWEFPRHWQTCLLKVRQP,1,affibody_binder
DPADLEIDCTRACQWK,1,affibody_binder
CNHISNWIIIAWPQ,1,affibody_binder
VTGYCHFWGCYWYWPLDNLM,1,affibody_binder
HYNHSPGWHACHHRQFAS,1,affibody_binder
FSDPCRHHSEFPSP,0,affibody_decoy
LKDLHAEERTYWDLHA,1,affibody_binder
FTAPMTRCHMKTTRVY,1,affibody_binder
KMDPAALGWYFCD,1,affibody_binder
GKWIKFDTPEGMYEVFDFY,1,affibody_binder
PYSTKEAIQCIKIKVMEQ,0,affibody_decoy
LGHNICLLIRERKISP,1,affibody_binder
DCEQPCTEVYCTALK,1,affibody_binder
VSWDPMPRRRLEPL,1,affibody_binder
NHIIQYAKWWLNKFFYRC,0,affibody_decoy
CEGAADHILPFCCSRIW,1,affibody_binder
CECFHRMEDPTAQW,0,affibody_decoy
REFTGIRSMKSIMLVT,0,affibody_decoy
FKPAAHWHWYGTTILDK,1,affibody_binder
LYTLPQTAQPYAARSLF,0,affibody_decoy
TCFYWMVPDCDKPGPGPCL,1,affibody_binder
IENDMLEYEDHQCVNL,1,affibody_binder
FLGMVRTRKVSEMYILSP,1,affibody_binder
SFSQCWMRARTNPT,0,affibody_decoy
QYAVSEWDSVADH,1,affibody_binder
PLRAQNEDTHLFIVLL,1,affibody_binder
GPAFHLYRGHQSNHKDGWF,0,affibody_decoy
QDGMLDDWFPNWLLLIWRL,0,affibody_decoy
SEYKGSVIRWKQICP,1,affibody_binder
PRQRWCQNMFKVPRHE,0,affibody_decoy
HEHKEFEVLALNVMME,0,affibody_decoy
WKKDTFDRMACPNLVFQNY,1,affibody_binder
ILVEHVVDNMCECFN,1,affibody_binder
RGEFLYSHSNDRFEI,0,affibody_decoy
SCVERKCEGSHFCWVK,1,affibody_binder
GNMTFFDKTINWESHQ,1,affibody_binder
QMQMPRESDRTNYEYSV,1,affibody_binder
QQTYQQSCLAGVAPETV,0,affibody_decoy
SVTFWFMDDHQGSTNA,1,affibody_binder
SYPNHTAMLDMNWTK,1,affibody_binder
GRGDHCCQKRVEAQCER,0,affibody_decoy
TCDIFNIDIGNIFQHKCVTV,1,affibody_binder
LKWIIGSSCGCEIYDTN,0,affibody_decoy
IDGVCPTGPEYSAKLRQDY,1,affibody_binder
SKYCSMRQIPIWASW,0,affibody_decoy
VYQIEHPEERPKAINAHS,1,affibody_binder
HINLAWLDGFHNI,0,affibody_decoy
SRCMFKTDRPYDSY,0,affibody_decoy
TTFVEMCRWYFITGN,0,affibody_decoy
DCCRTKSDPSFLQTTKTI,0,affibody_decoy
GEVDNHSGRQLDECACF,0,affibody_decoy
KKMFNFNGKWQHPDM,1,affibody_binder
MLPENKIYRIPVHSQCTF,1,affibody_binder
FDKRCNVEGPCEICDSPP,1,affibody_binder
RGFGVRTQEWIYFP,0,affibody_decoy
FNKKQSLPQYWSKQ,1,affibody_binder
FLYWNFTRSNGGQSRR,1,affibody_binder
DWCKRSWWQYFVSCHDLAKG,0,affibody_decoy
SWFVCYRWAPAEDS,0,affibody_decoy
YWNEIAVAYVQGCIT,1,affibody_binder
TGHWTLHMPACWFKKDSTE,0,affibody_decoy
QVGVCDLTNDPECF,1,affibody_binder
NPSARLLANCTLMFM,0,affibody_decoy
TWFWEKKHPVMFRIIEY,0,affibody_decoy
NQDYPNCTHCMGP,1,affibody_binder
DTTFWEKMLHTPTCTPK,0,affibody_decoy
YGDNHWYASHGSYHDE,1,affibody_binder
PAHQPFHQMRRDIQ,1,affibody_binder
FTPLGMWTGFCGHRCQT,0,affibody_decoy
DHRDMGDQVTLGANWDFKC,1,affibody_binder
DAHELIMNPVPHRDMTSPWN,1,affibody_binder
IDIQVRCPDYQPIHYWIEYM,0,affibody_decoy
MFGPWLEQAMKQAALD,1,affibody_binder
MFRLEDSCIQVGMGRSFV,0,affibody_decoy
CPWHGQINFYLNKCDNV,0,affibody_decoy
GQTTTYPVTREMCYWDWS,1,affibody_binder
NYNINMFDRQGSDA,1,affibody_binder
EIAQKQNLTDWAEERCGT,0,affibody_decoy
KVPKGHNRPCWTQMSG,0,affibody_decoy
YYIVKHGKEGFNRECCE,1,affibody_binder
GQHWHWNWAPGHFQQFGKGA,0,affibody_decoy
PEYRHKVAVPYLFIQKNYCV,0,affibody_decoy
WAIVHHHYAMKRKYK,1,affibody_binder
SDDANVAHFECNSAHTFD,0,affibody_decoy
QGWHHFMRTSYRFNM,1,affibody_binder
VIHFEQRLMENNPGYAEMT,0,affibody_decoy
FWFDFNQFYLFESEFCKC,1,affibody_binder
VQWELGTSTWNMMVVVSTI,1,affibody_binder
PLMSHTPLPVDRIAPHFYG,0,affibody_decoy
NYFYLKMEGPDCTA,1,affibody_binder
TLAWFDQTCSAISI,0,affibody_decoy
PFWWICCRVCNCRLMCSFKP,0,affibody_decoy
QKCDAVSAKTDSDFCTS,1,affibody_binder
CLEWRRWNKPQAYYAH,1,affibody_binder
KRPWVNPPNNSHRHLAPIIF,0,affibody_decoy
AIAQHPLHRDSCYSKQPSEQ,0,affibody_decoy
DFTHFCMSWNTMCY,1,affibody_binder
SFAQGCKYPSFYCFPLL,1,affibody_binder
APQWQLKIHPYCFMARMF,1,affibody_binder
NNGMQAHGRPKARGVK,0,affibody_decoy
TLYCPRGLEPNLKCEG,1,affibody_binder
TSCDMPKHKYGCCCEHCL,0,affibody_decoy
PHGPQDTIMELSMV,0,affibody_decoy
YIQYSGWIFAIAMMVQNSN,1,affibody_binder
EWTHSSMSQGQAMKMKKERP,0,affibody_decoy
DQQLHEGGVRLPHGD,0,affibody_decoy
DFNVWMHMMWSSMGRIWE,0,affibody_decoy
KEWWYHKETRVMMVAHGHC,1,affibody_binder
ASFGMPIFMHRACEKIG,0,affibody_decoy
PLWAKYQAPQQHSINVN,1,affibody_binder
SINFSYHTQFGDFTSQPL,0,affibody_decoy
CECFCLAKMLHHA,0,affibody_decoy
YRMLPFFIGIKWLMIW,0,affibody_decoy
ASNEMGGQPMDEWEHTWN,0,affibody_decoy
WYCGVWDHWRWGGR,0,affibody_decoy
SYPGGHEIREDGPIESTSG,1,affibody_binder
PHQQQMTNVKLCSWP,1,affibody_binder
SYVYEWQKEYYRRNHMCI,0,affibody_decoy
VTLIRVGKEFHKVHSVRIC,0,affibody_decoy
KEPPKTYIICWKQYKF,0,affibody_decoy
ACWIANKSYHQKDGYVACGY,1,affibody_binder
AVWFFMIQPTQICTC,1,affibody_binder
SQENLPPKNLCCHHVIY,0,affibody_decoy
WTLFNRTLQQAVAA,1,affibody_binder
GILHTLKFFVVIGASPP,0,affibody_decoy
LGVYYEQMGVLSP,0,affibody_decoy
EAFTKNHGEDLETYTEEICS,0,affibody_decoy
REAHMWILLVCYRCWF,1,affibody_binder
MISPTWIPPMFWVTRYQQDY,1,affibody_binder
DHDKAPKCVFWTAQDPG,0,affibody_decoy
FNKRVHYHIKLHSGVGCWLM,0,affibody_decoy
EMCVHSNVEVAIW,0,affibody_decoy
QWVLSVEKFESNM,1,affibody_binder
RHDIFMFGTMSPHGH,0,affibody_decoy
YCNQFPRLSMYFVFTYPKA,0,affibody_decoy
AGDDAIWRHNRFYFHY,1,affibody_binder
YKVVGQYSCSSKSCK,1,affibody_binder
LQMISWCDENKKS,0,affibody_decoy
FYQFCSDQGWYDWPWV,0,affibody_decoy
AAPPHHRKHFKHG,0,affibody_decoy
NWVCEIGYQAVTYAI,0,affibody_decoy
MCEQETNYERTDRIHP,0,affibody_decoy
LWFNKDNIPIAPSY,0,affibody_decoy
ICLNVLCDRRIDHAMVC,1,affibody_binder
RLWDVYNEANEYQINC,1,affibody_binder
FFCNDMFNMLSTIMNR,1,affibody_binder
IMKMTFQTAIDAR,0,affibody_decoy
LILFDSEGHMFYADKC,1,affibody_binder
SDSEWCNFQPWFENEGW,1,affibody_binder
TVVEMMQHKTSLSGLGISK,1,affibody_binder
PVPTSNLVSLAGG,1,affibody_binder
FRCKIVHWHERTAF,0,affibody_decoy
SWLPTYRYSWRMDIDHLLH,0,affibody_decoy
WRLGHGGGGSWHYWEKHE,1,affibody_binder
INVKDVLQILGQLWM,1,affibody_binder
EEDSKVMDIDSWIEFVGHH,1,affibody_binder
CTRRAGLRQTKISLMGCK,0,affibody_decoy
NGYHVWYKVTRKPRYWKQ,1,affibody_binder
YYDMWVAMNIPQENV,0,affibody_decoy
CLCYRMFHELVAGANTY,0,affibody_decoy
KHPSLMVKSYAGMNLL,1,affibody_binder
HPYRDNPQGADFQY,0,affibody_decoy
YRYHCRGKTIYNETIDLEA,1,affibody_binder
HNNCDKTCTPAIHTCGRPYF,1,affibody_binder
SCQMIHCPSWMAD,1,affibody_binder
CGMETPICDSFPREIW,1,affibody_binder
QYNSTGYAMTRQLSKDHH,0,affibody_decoy
EAQFPHTAPYIMFM,1,affibody_binder
PSCHERESFQTKMLTV,0,affibody_decoy
FMNHCSDCTAKPAGV,0,affibody_decoy
ATGERHHVDLRHDSPVYDWC,1,affibody_binder
EIAKLTDDGWHEAED,0,affibody_decoy
LFKKHFQNCVSKIIMWKH,1,affibody_binder
FPLDHEGRPHCIYMLDIT,0,affibody_decoy
NKSFYWLFLWANYMAHNDVI,0,affibody_decoy
INVVRHNLASVAEPDH,0,affibody_decoy
AQDQADCMTHRRVPTCSGGE,0,affibody_decoy
HLEHKKQPFMQYFILNCD,0,affibody_decoy
LEYNNLVCGTLCMT,1,affibody_binder
TVAVQKNLPAHMRAT,0,affibody_decoy
MITCEQTIEFYPKIH,1,affibody_binder
NHTTHFDEFQGMPY,1,affibody_binder
FDQSGQIGFNYKAMIT,1,affibody_binder
REWIQQRAGNFFMMNER,1,affibody_binder
FYHFSGLVGQINVMPTTD,0,affibody_decoy
PRWMYTKCMHYAQHCVDP,0,affibody_decoy
FIPFPFAHTLQNQ,1,affibody_binder
GVSRHTTVFLLMGDHWG,0,affibody_decoy
DITQCQVREWTLDCPCIE,0,affibody_decoy
EVNCYGQPAIKMM,1,affibody_binder
VQRLDDYKVKLNATDWVVC,0,affibody_decoy
KHYLWLWIMATTS,0,affibody_decoy
SGNFNIIMIMHHV,1,affibody_binder
RWCTKAFNCPCIGSMMIIQI,1,affibody_binder
PRYGAHTEDQHAE,0,affibody_decoy
WMGGMTVGLYGYWICDN,1,affibody_binder
PSDHTVTYMEFPVQDVAH,1,affibody_binder
LRTIQRRDEAAWGWGKRIM,0,affibody_decoy
GAMVNVGRVSRGMCVFCFAV,0,affibody_decoy
VYLRSNLMSILQTM,1,affibody_binder
TVYCSPWLMIFWE,0,affibody_decoy
PYSVNGVVPNTNQHWIY,1,affibody_binder
FKRKGSWEWVYNNKNNN,1,affibody_binder
APQPIGIFRGDCVTAW,1,affibody_binder
NIMCLICPIHGVNRIS,1,affibody_binder
SCHIGMMLTPASDRT,1,affibody_binder
LYQFPQIFSHRYFGR,0,affibody_decoy
KAKCVGITYYLTC,1,affibody_binder
MANDIADSEDLYTVG,1,affibody_binder
TATVQNHNSSSRSHALGRHI,0,affibody_decoy
WMCDQMPDFPTQICVMFYSM,1,affibody_binder
YKTVLYQWWIWRPSKLPDQP,0,affibody_decoy
GACATYHWYLRVIHT,1,affibody_binder
HIIYHPWSCALFDGMNT,0,affibody_decoy
HAPFDISVVDLFVMK,0,affibody_decoy
SGCLQSLGAHNVIIH,0,affibody_decoy
IPSAANAAMLRDGNGAMQMC,1,affibody_binder
NMKNMEYLDIPDGMENSPAQ,0,affibody_decoy
TDFSTHYHRVTMDNNTKT,1,affibody_binder
AENQSGGCDGPVHHVYC,1,affibody_binder
SFIHNTVMLWQCR,1,affibody_binder
DKSHGYQFTNVSWSNA,0,affibody_decoy
SPPSVYENYFVRHIMN,1,affibody_binder
VFWKQTPQHVATC,0,affibody_decoy
DNFQKMYMRAKASKLDVLPA,0,affibody_decoy
DRQVKCFWWGFPCV,1,affibody_binder
MCGRRSTRLDGAYTAYSSQS,0,affibody_decoy
VQVFHIRRLAMNSQQIVW,1,affibody_binder
NQQVLTTIHMWHTKCK,0,affibody_decoy
QAWQKGWTEHQFSLGGS,0,affibody_decoy
FWVTRKHFGSKKRQQHQNSD,0,affibody_decoy
YYVLEQFAPYWSCW,0,affibody_decoy
LYRAAKATLMVKRSS,0,affibody_decoy
KCKAMSCWVTKNIGIV,0,affibody_decoy
VRQRSCITWGPKAK,1,affibody_binder
PWCRQHNRSLLIVHRMEA,1,affibody_binder
FNWNTSCQQLRQKMEGNKCH,0,affibody_decoy
IQMGSCHRRSNNTQCANA,1,affibody_binder
AYYHPDEMELMELN,1,affibody_binder
CLHKWITSASCLHVSRFF,0,affibody_decoy
TMHIKKFSSMPEDDKRWIDR,0,affibody_decoy
HDEQTYTMSHGSLDRL,0,affibody_decoy
RCTVFTQCMQMDTHP,0,affibody_decoy
KITRDGDSNVLGFTFLE,1,affibody_binder
MWDIMNAYFWNYFMDMREPV,1,affibody_binder
VFPDRIRYFNNNTRK,0,affibody_decoy
FKLQAQEAANNTPESAEFNT,1,affibody_binder
VGWSPEWCTAWVYPTNSMQ,1,affibody_binder
SNYSFQPTRCKGVVWTLTW,0,affibody_decoy
CGQYLCDRCSYGSNDQ,1,affibody_binder
TKECMRERRTNRMSTHL,0,affibody_decoy
FNVNAMGGCTQCQVNIQVWM,0,affibody_decoy
RNWIKGTRDKPEEK,1,affibody_binder
RLPDPTTWVHIMSPHLIGIY,0,affibody_decoy
HPRVMDKCHNPLL,1,affibody_binder
SNHGMFLRQCRLCPTMFPMP,0,affibody_decoy
VGGYDYLHEDVVFMIRAV,0,affibody_decoy
NEHGWTWMRKIRALR,0,affibody_decoy
YIETHFEDQKTDNPAQIE,0,affibody_decoy
QRKWVCMIEVWAYSI,0,affibody_decoy
DFKNDQIECTGQQTIGHWT,1,affibody_binder
LIRQWVDLVILHYWLSK,1,affibody_binder
EDMGWWENKEGPF,0,affibody_decoy
DSANDTKYFRMCRNV,0,affibody_decoy
FNRVKCESGPVYWI,1,affibody_binder
PGPFRWAMVHYILM,0,affibody_decoy
KHLLDYDCASCNDVN,0,affibody_decoy
WHQQYCPIFHQRRPESAVQ,0,affibody_decoy
RKWHCYPNDQNSFP,1,affibody_binder
GWMLKQTVHINDNWTRVTN,0,affibody_decoy
KDHGEPFFPFHEPKWVSMNF,0,affibody_decoy
QATLIGMVFHYYFK,1,affibody_binder
AAPEEFWYPWFQNYMFWRM,1,affibody_binder
NESSVSACSHGQI,0,affibody_decoy
FCCACWREGGNTDNTAKP,0,affibody_decoy
RLLIGYWWVLPMLMPVML,1,affibody_binder
FEADEPYDNWFFEDWGGM,0,affibody_decoy
SLIIMVACQDWNQPCMDNN,1,affibody_binder
EIKTSIDWSGVMYMAKYYHT,0,affibody_decoy
TFVCMHAQWRSVYKLSN,0,affibody_decoy
LWSCCQRNTFKKNGNHEQQM,1,affibody_binder
YKGQNMEKIAPFAVFC,0,affibody_decoy
DASHYNAIHDGTHVKTKLY,0,affibody_decoy
ECSPWYDWWMTRMT,1,affibody_binder
CLKAYGDFPDWMA,0,affibody_decoy
WSWLHQRHCAIRN,0,affibody_decoy
IVHEDDWHCHFKYNTDDE,0,affibody_decoy
WDLAPYKADPFLPFPGQ,1,affibody_binder
NMVCFCFWPCCWISPRKRLC,1,affibody_binder
QACGVRMIYEVRDMGSPE,1,affibody_binder
GSYSKPETLDIHWT,0,affibody_decoy
HSDRICDCEWRNP,1,affibody_binder
DQYMRQLFMQLSMIIQKM,1,affibody_binder
HQISMSWISQHAWEWKGNSV,0,affibody_decoy
ISRGCLFTSYSDS,1,affibody_binder
KHATAPHHIEWEFVLPHRC,1,affibody_binder
EDLRGPFFYIMDGLQWEI,0,affibody_decoy
KPSIGIGLHFPTAFVLV,1,affibody_binder
ACASHQDNPIEYWLR,0,affibody_decoy
RKKNKGNNEYFSVNWWN,0,affibody_decoy
LQIYDMAQVNFPDCRNQM,1,affibody_binder
DTPSATCASPLRGEQH,1,affibody_binder
QPETVKPRCNCQPI,0,affibody_decoy
TCVSYITWEDFRICYPE,0,affibody_decoy
WVMGFITAKMTKA,1,affibody_binder
RRLQYHKCLTKFFTE,0,affibody_decoy
IHTWWHDNSVHRMFIKG,1,affibody_binder
HAKSSATYWNNVSKP,0,affibody_decoy
IMYTHREDAPEGSSGSFIHE,1,affibody_binder
LGDVVYDHGDMSSEKWC,1,affibody_binder
LRGHQKTVWSDHDAH,0,affibody_decoy
YGQAEASYHRSRWGEYPH,0,affibody_decoy
MTGYLQYPPIYFPFGCPKPD,0,affibody_decoy
VVNKYPFGMQDKRDTMCNNQ,0,affibody_decoy
IWQQGWINRCPILFFAQ,0,affibody_decoy
IACWVDWMNPMYVVN,1,affibody_binder
IECNTSQIRMTNMAYWWFHQ,0,affibody_decoy
AAYYDILTLYKLG,0,affibody_decoy
FRKHGPGQLLRMFTYWHGC,0,affibody_decoy
MGGRSHMWYTWYRGEVMRVP,0,affibody_decoy
PALWFQPPADFLKDPYG,0,affibody_decoy
NMYHANYMIHIKAA,0,affibody_decoy
YIGPVGAPWLDAYEHF,0,affibody_decoy
FSFCPIERQYSWWR,0,affibody_decoy
SSIFTDHAKDHKFWG,0,affibody_decoy
MTQRERSKWATNPD,1,affibody_binder
PNHSRRVCQKFCHGDP,0,affibody_decoy
RAYYQLTVPMHPGG,0,affibody_decoy
HLHTLIDMGCEFPPIYRD,1,affibody_binder
ARIHCEFFTFRKAYVELN,0,affibody_decoy
QDWLEAYQFRHPMLWLVESV,0,affibody_decoy
GTRCTNHSLLEHNQG,0,affibody_decoy
TQSYNWSHYPCCQGMETGQM,1,affibody_binder
GVTFTKDYEQQVK,1,affibody_binder
VVKCLDMAGADTGNLR,0,affibody_decoy
IGCSDSICVDACMRAIQ,1,affibody_binder
MYEFQFIKTCYCETCREFNR,0,affibody_decoy
NFDMSEDCCAVRG,0,affibody_decoy
GKEDASQVISWETMI,1,affibody_binder
VSLHPLDQHPDCGN,0,affibody_decoy
CLVSNKWTFTGQWPTVYSR,1,affibody_binder
PWKWWGPEWCCEVR,0,affibody_decoy
RKMSQTQKTREHAY,1,affibody_binder
DAGEFMNWKYMYFAPNRFDQ,1,affibody_binder
YKSDARQPRTQMHPQFNSM,0,affibody_decoy
WFIWWTLKGFMFI,0,affibody_decoy
TRWTRRTWVSVYVFA,1,affibody_binder
PKDDRDNVTGSNF,1,affibody_binder
QSNGKHNYIAHWGKWW,0,affibody_decoy
VQNHCNFMFNLLGPILGW,0,affibody_decoy
YQEGTWIGKLHTN,0,affibody_decoy
FSDRQHVVQPMYKG,0,affibody_decoy
KLNKYDDGYQGPFDGYGPMY,0,affibody_decoy
WWFGRYDKVHVTSYAA,0,affibody_decoy
PPDTVQLPTCMVH,1,affibody_binder
LMLTVNRYHSYHWLKTQ,0,affibody_decoy
IAVVRYDAVAPHDTWMQC,0,affibody_decoy
FMAEWRKICTTWQTQSK,1,affibody_binder
KCCHCMRYYPDDRQ,0,affibody_decoy
SGFIDHLFSDSHES,1,affibody_binder
CSCQLYTEYHARIMGENWVE,0,affibody_decoy
FVETFDNDGYVDCNLN,0,affibody_decoy
CWMCEEMCFVHSICH,1,affibody_binder
FKYFERQMAFDGYSYRSH,1,affibody_binder
WDMFRAFTLIDTEKRSQL,1,affibody_binder
PPDTPNPEHKQGWCPP,1,affibody_binder
TCEQTWEVVLYWVV,0,affibody_decoy
QILGKTWNQGERSYQIFPE,0,affibody_decoy
CLFQFWVTDLDFMPRCFE,1,affibody_binder
CRHDFLDDFMEAQCNI,0,affibody_decoy
NYVCVKARHCHDTFLVHK,1,affibody_binder
LMPCMYWPRVNDDLGDHMW,1,affibody_binder
NGIKVWWIMHVPRNY,1,affibody_binder
SGVFEHHKQRTYRATIKE,1,affibody_binder
HIWIQAGLFNGLADHWA,1,affibody_binder
YDSWKHYPDTSVIVNIHKLI,0,affibody_decoy
SSVIPQCHTFARHPKY,0,affibody_decoy
VWHIAGDFDNIWWTDRE,0,affibody_decoy
SCHELPIHGVYNSVDIFLTE,0,affibody_decoy
LWMVPGKWQGCDCHGVNWT,0,affibody_decoy
PWTLIDHEILGRFTCRWY,0,affibody_decoy
GHFTGMNYMSNSLIQ,1,affibody_binder
GCNIPHSEVGDAMTQIHQI,1,affibody_binder
QTAHALEHSDKCSPSYPVC,1,affibody_binder
NVKQPDMGGWLSTPVKFGIM,0,affibody_decoy
CRQMIHPCHEDWVLPRI,1,affibody_binder
NWTVACEMMNDMDMC,1,affibody_binder
ETSLDTGKVRFDGFNLI,0,affibody_decoy
HRGCSKMNYQVSPTPADFE,0,affibody_decoy
QLSCCVRPWCSMHPE,1,affibody_binder
LVCNWLFWAPAGHTSENTGN,1,affibody_binder
HKINGMVRWYWINVP,0,affibody_decoy
NIFTASERQESQG,0,affibody_decoy
YYWQSTRVDCQMMYKAMICL,0,affibody_decoy
KIWFRDSLQLEDYGTHVTFA,0,affibody_decoy
MRGDLTVCISACQQWYV,1,affibody_binder
YQRLNTWAIDSVGYVR,1,affibody_binder
NMNDKDHSDMYVL,1,affibody_binder
MLIMWMIWVEIQIV,0,affibody_decoy
NYWSPRFNDGYPVSTC,1,affibody_binder
KSLVVNWYEVYTMYGDVMRF,1,affibody_binder
SGRLYPERTMRKKVVTQQFF,1,affibody_binder
LVCHSLWTRRCEETL,1,affibody_binder
LACHQTHPYVVAVAT,1,affibody_binder
VIEACFCVPMHDALGCFAG,0,affibody_decoy
IDWVFNDCVQWPAIQSK,1,affibody_binder
LYKCQKYQYECEPQ,1,affibody_binder
CCPFTKFLNKIESA,1,affibody_binder
GDEFTWDLTCDDHNCHVK,1,affibody_binder
PLRNYTWNGQQRLKKN,1,affibody_binder
AIYAINYKHMHNMA,1,affibody_binder
GHGKDWWLPFVHGNTNTTFL,1,affibody_binder
ISMWESWLVEAWWAM,1,affibody_binder
IVWWEQDGWDWCMALGYRH,1,affibody_binder
SLHCREPPNDPPPVLNDDIY,1,affibody_binder
MEDACNYIRWIFKSSKWG,0,affibody_decoy
FCNRADMRSYNKDVT,1,affibody_binder
DPCDMEDFNCRAK,0,affibody_decoy
CCMCQMHIKFPLKKDFG,0,affibody_decoy
RFNAANSHAEAVWHSQQN,1,affibody_binder
QKTQTKFNNESKAPKDTHRI,0,affibody_decoy
KAPMNNDNDTWVCLTPA,0,affibody_decoy
QTPWEQSIPRDAGHIGAIPT,1,affibody_binder
VCPRRHYIPAHVNQT,0,affibody_decoy
CIINYLAMDAEARSMS,0,affibody_decoy
LDNFWAYESSMFPRRMYT,0,affibody_decoy
NSLGLMYTAVTMVEVKT,1,affibody_binder
YPEWVALYKPWDWK,1,affibody_binder
CGHYNFFPAPGYQHVHPSQS,1,affibody_binder
PLQQNEADFGDELIMNVERQ,1,affibody_binder
PESAVNNDRLVWWFHKT,1,affibody_binder
MTMEFSDVTIFGEWWA,0,affibody_decoy
FHASYGHTRPVNCIC,0,affibody_decoy
FELFQMQCCPAWI,0,affibody_decoy
RVVMSAIDHQRWFNPYQKVN,0,affibody_decoy
LMCDHTKNTRIEPHHWMC,1,affibody_binder
VYGDQWVMDYVNLKRNW,1,affibody_binder
CPAWRLQCCEYDAG,1,affibody_binder
FNFHATSFHNDNP,1,affibody_binder
MPSWFKPERYHQKDF,1,affibody_binder
TNYMQLYTMLSAPWGCRFN,1,affibody_binder
PETCGNLWNPLDQ,0,affibody_decoy
YNRYAAFPFRPHDIHSISEE,0,affibody_decoy
SYYGFTMRCNLMD,1,affibody_binder
CRHMSHNRGCHCLSHHHGYV,1,affibody_binder
RWEEMDTRSLDWFYIMNWKF,1,affibody_binder
PHGMDCDWDDMTWCET,0,affibody_decoy
WKDMWDQKMPSKWRSNF,1,affibody_binder
FVLMLADFGKWTNNMTDQRL,0,affibody_decoy
YCRSFAPDVWSWEA,1,affibody_binder
DFIGFHIKRHRRQ,0,affibody_decoy
LRDWTVFPWNLISI,0,affibody_decoy
CYYAWQDVPAECKKLNAAY,1,affibody_binder
DHDLATVGKTYWCT,0,affibody_decoy
IDTNGSFTVFVYVQV,1,affibody_binder
TAKWWYNNANQRPEPHN,0,affibody_decoy
DRKKILNYKTSYPMRKH,1,affibody_binder
WMVQLMSATMHFQAVAWQPH,0,affibody_decoy
KNEEEAKWWESDF,1,affibody_binder
FCEGCPDKSHFNYHSLWRP,1,affibody_binder
NHMRFWPEYECAA,0,affibody_decoy
HWDMYIAWDRWQGLCWVEG,0,affibody_decoy
VVFGWYHERVMFFNV,0,affibody_decoy
FIRTALRVDRQKWFFRESN,0,affibody_decoy
GEEYNVVGDDLSVLTNNG,1,affibody_binder
LETCVKRVAAYIDH,1,affibody_binder
TKSEQDEYYCYDYKGHIQT,0,affibody_decoy
WNDCRSHPEFHLSMVVYA,0,affibody_decoy
NGTEKSRATCPKT,0,affibody_decoy
WATTNHMNCDKSIGWERLW,1,affibody_binder
YLHTVEPLKEVGTAI,1,affibody_binder
HHMGCRAAALLGCKVWTPSG,0,affibody_decoy
CISGWCVIMPPHTAAV,0,affibody_decoy
AYPINVPVWWIGFAFW,1,affibody_binder
TYLYMNQYYLNMNH,1,affibody_binder
NYLMTALCINKFYYSPCTY,1,affibody_binder
WQTDLEISWVNHQHD,1,affibody_binder
RIKPNHFCKAARGPPANKKD,0,affibody_decoy
TEIDDAWEHGEADLK,1,affibody_binder
LMVDDRCNLKATVGGA,1,affibody_binder
KACIRAIFKSQSHYSG,1,affibody_binder
KSAGKHVHYNATLYDDITH,1,affibody_binder
GDKSGMFEFESYKEFAESK,0,affibody_decoy
VMWYNFVSCDHPSREHLA,1,affibody_binder
DDMLNAGAHHATVSVVVVE,0,affibody_decoy
NKLQNMEATNRVYQWPMFFV,1,affibody_binder
VHIMMSGSGPGHEYCDCFQD,0,affibody_decoy
PNITYNSNSQKYKSFWVMHH,1,affibody_binder
KHYCGCAPIFWFRDLEGEAW,0,affibody_decoy
KDIALHCFIRLMYLDDPWP,1,affibody_binder
ARYCKWSPSMSQIWI,1,affibody_binder
WIDTMEWTTWLPTQF,1,affibody_binder
QGSYPGFQFRSYD,0,affibody_decoy
QQMPDKDLAYFSDA,0,affibody_decoy
EQVDTGGTHPRVKKIPW,0,affibody_decoy
PTIIQQVDYKSQAHDHK,0,affibody_decoy
WWWWTYMQHKMWMGTNSD,0,affibody_decoy
VHKKALRLKNKCKSTS,0,affibody_decoy
DGTFDNWHECPPGKAK,1,affibody_binder
YFCAHSNYDKLHCEF,1,affibody_binder
YDAITRVECLTYIYFRSL,0,affibody_decoy
CIRSPEYAICNEREDMD,1,affibody_binder
FHYYIEICNCSCEGVT,1,affibody_binder
MIQKAPDYCQIMCRNL,1,affibody_binder
CIMGKDTVLDHHCIM,0,affibody_decoy
FLHSFKVCDMDQPPS,0,affibody_decoy
YDIVVDAFELHYVGGMVR,1,affibody_binder
SYKHLTCQPCKYQTSFD,1,affibody_binder
IVCGDKWNILCQRTT,1,affibody_binder
SVICRPGRHIGHHII,1,affibody_binder
VAMNHSAKKNTHGFG,1,affibody_binder
AVFFICNTLYMTDHDIGM,0,affibody_decoy
FGSPTSYVEGDQGE,1,affibody_binder
EFTPETHWPEREAYT,1,affibody_binder
MVANLMRNSEAEGR,1,affibody_binder
CCTYRMCHMIDKRGH,1,affibody_binder
DRCCMYQAKHWMVHWYTHVP,0,affibody_decoy
EKSDMYATLMYDYCYFSLI,1,affibody_binder
KRHECPVRGLSDA,1,affibody_binder
MLVRMWDVMMWVIHNLNVW,1,affibody_binder
GGGAACSHNEHLD,0,affibody_decoy
CDCELNAQLDWYIEQ,1,affibody_binder
HRVGLFLDFGDFFDLGC,1,affibody_binder
YPYDYCAIHTAPPG,0,affibody_decoy
IDGHALCNHFEHETKKW,1,affibody_binder
SDFANPKEMWYTPV,0,affibody_decoy
CTSWKNSKATIQGPN,0,affibody_decoy
PYHKGPKDETQMTE,1,affibody_binder
ILYNRQCIWKPMSPLIG,1,affibody_binder
GQGFLNSYEEYRCN,0,affibody_decoy
LVRWNEVCNQRSYPHLQKFF,1,affibody_binder
YFWKFTGMGSWEVFE,1,affibody_binder
ELWRIGGSPYEPPRRFEC,0,affibody_decoy
NDMWTKGATHNNRTE,1,affibody_binder
RPDNIIGHVQVFHFDRKRF,0,affibody_decoy
SISKEQCQGTCYYLGWE,0,affibody_decoy
CFLQTSFIIWYLLMVAQ,0,affibody_decoy
LIIIQIMRKIPDDQEM,1,affibody_binder
LKKTVLFMAYLMAGAQG,1,affibody_binder
FDRCPKRGLIMKID,0,affibody_decoy
ILTWIWNSMQYIYWE,1,affibody_binder
NDWFPNNRPHGFA,1,affibody_binder
PTHECPGQQPIDIFDPLLF,0,affibody_decoy
QVYITNYLVTQKHINVF,1,affibody_binder
MTKAFAGKMTVWI,0,affibody_decoy
PCKQEQKEYLYYQC,0,affibody_decoy
KCDQIQRRIYEVW,1,affibody_binder
FYWFCHGNLGLMNGVEHSDH,0,affibody_decoy
TYTVDKVWSCFKDDHMW,1,affibody_binder
EDWVLCTNRKSMEY,1,affibody_binder
EGGLFYNLHPVQHSMA,0,affibody_decoy
GSLPKARGMFCLS,1,affibody_binder
QQRTCATLMHGPWDAT,1,affibody_binder
NATYRYERARCVCQTRIP,1,affibody_binder
VHYREENFGAIAHK,0,affibody_decoy
RITNPPRFWKMMAHGSGCN,0,affibody_decoy
FPMVDTAHTKLSMCVYLCFF,0,affibody_decoy
HWVVGTRPDPWNNETFNA,1,affibody_binder
RIAKCWFAIVCHECICMW,1,affibody_binder
RPASNWYSWDDSFPGRRT,1,affibody_binder
VMGRRPRWNGRNCWMPCCGA,0,affibody_decoy
KTKYCKCPDIPSDCMSWHY,0,affibody_decoy
CKKGGHFSWKMELACCMCG,1,affibody_binder
ICYNKINSRCAWQIF,0,affibody_decoy
MLPLMNETWHPKRR,0,affibody_decoy
WWFRRWEGHPRLCPWG,0,affibody_decoy
SKWIWQWYFWLLPA,0,affibody_decoy
QPGNACRDCAWLTASNNQHT,0,affibody_decoy
KWYCSGWGIMKMEG,1,affibody_binder
TCHWFTKKEPTLDTPMT,1,affibody_binder
TSQPCQIHALFDPQFKLL,1,affibody_binder
AVRGLNFIGWQVAM,0,affibody_decoy
DDILWAGGFQVVD,0,affibody_decoy
CQCGRTSFNVQQMAL,0,affibody_decoy
YQKFMVLYIAFTGH,0,affibody_decoy
PSIMWHVYGPDARFQKQC,1,affibody_binder
FYLKHRTLVWDLYDVQYS,0,affibody_decoy
LLYKVVHQIGDYPVQM,1,affibody_binder
NKCYMRVYYNLWSEMKCKI,0,affibody_decoy
YPDPWQTWYNSVDD,0,affibody_decoy
KEHEEGFITQACYA,1,affibody_binder
GTLPLPRIDKFADLRIR,0,affibody_decoy
VRVQHVNGCVQKQ,1,affibody_binder
SDMGRTWHSWWQHLDDKY,1,affibody_binder
TKLYCFEHKLFRTRQ,1,affibody_binder
WADTVSVANDMYVQ,1,affibody_binder
PFHQQQHGRAPVTM,1,affibody_binder
RYLNALKNPEVETGV,0,affibody_decoy
VEMVFNYVHWFFVRG,1,affibody_binder
HHCSHNYHHHCCRLGRMSGV,0,affibody_decoy
YGRPCCQVKVGVK,0,affibody_decoy
GYQYARTCSIAYDSTHNK,0,affibody_decoy
GPQYPVGWCDFCHCLDY,0,affibody_decoy
DGEDCKITECNKRI,1,affibody_binder
YRIYEHMRVIGAE,0,affibody_decoy
RDSRDVNTPTQWMIGN,0,affibody_decoy
TYGNNHIAIVGCAH,1,affibody_binder
WARDCCQQAVIGRFF,1,affibody_binder
NTICQEPPKCRPVQ,1,affibody_binder
SPQNQPKVGGAYVL,1,affibody_binder
NNLLHCLADQWTP,1,affibody_binder
GECAYCNGIVYTGFSDRKE,0,affibody_decoy
CQRICETMMQTVPKLKVC,0,affibody_decoy
VPVYVMPGPMLAHLALVP,1,affibody_binder
KKCYAAMFHMTDSLYMWHW,1,affibody_binder
ITAKDPHNYIIDCHEL,0,affibody_decoy
FIEVFKEFYDYGWKMDGPT,0,affibody_decoy
YWCEGWKQPITKAIHSD,0,affibody_decoy
KCDKKPLFYGCVR,0,affibody_decoy
WYWAIFIRFWRNLVGDQALA,0,affibody_decoy
HKRNKFWLCPSMDQNIT,0,affibody_decoy
GMLRRWGQCMELFY,1,affibody_binder
SKVMCHKNKFMSQAS,1,affibody_binder
LMKLFVYWFPEIRVQV,0,affibody_decoy
KTKNDLFWWERNCTIAEK,1,affibody_binder
RPIPFGATWDVIQCAG,0,affibody_decoy
LFMHVSPFQDCVG,1,affibody_binder
YCLHTHNPQYTAEPINLGNK,0,affibody_decoy
GYPRSSKYERQEVPSSAFMD,1,affibody_binder
RKHFDPAPHPYDKIQ,1,affibody_binder
RQKRHSCTEAKLYT,1,affibody_binder
NRFGSSLQRTGYRNFW,0,affibody_decoy
GVPNVSQEGVDIQY,1,affibody_binder
QWPAAYHRSHFHHGHSCN,0,affibody_decoy
MERPVQPLPNYFVWA,1,affibody_binder
CSRDKLYEMHTSSTPGWHE,1,affibody_binder
STSICEFGWKFRCLCV,0,affibody_decoy
QNTRPMWYFVAVKQELFMNN,0,affibody_decoy
KSVRPKFSGNKGNWQMAT,0,affibody_decoy
SKKCTFSGNKPLWGI,0,affibody_decoy
LCIPKFYENVSRMITQHP,0,affibody_decoy
WLSPCQYCDFVIR,1,affibody_binder
VMGVSNEHMWASSRGFK,0,affibody_decoy
HHQEQVMTNECIH,0,affibody_decoy
LQTSTSLEHDANHVYHC,0,affibody_decoy
VKVPLFHSHVTNM,1,affibody_binder
MPPFMQLYAIWQFCKRHA,0,affibody_decoy
EFMDDSLNHASIKCK,1,affibody_binder
EKVYKGVERLDKPCGLPYVS,0,affibody_decoy
FQKGDWPCNVHGPIAE,1,affibody_binder
WQRKYWGEGEEWYT,1,affibody_binder
SWLHENCDRPSEAEK,0,affibody_decoy
IQMNTMRHMFKVCH,0,affibody_decoy
KGNYNHWGFCFHINYTHPM,0,affibody_decoy
SYDQFAEIHCPEY,0,affibody_decoy
NHLGQHVAKKPIHFQ,0,affibody_decoy
SIWSRDYEFVIIFWKAKPA,0,affibody_decoy
SRNENANPSHDTCLITSIH,0,affibody_decoy
EGKYLIWFCTYHSS,1,affibody_binder
IALDHMRYTMSALFYIKDM,1,affibody_binder
YTLKARYQVSGLND,0,affibody_decoy
FLRNDLVREEQTDVF,1,affibody_binder
SYCEKSSRHRSGW,1,affibody_binder
EGDRPVGWINYRPTMAIA,1,affibody_binder
NNSHVNVYGDELM,0,affibody_decoy
RYAPKLKQQQGVSRNFE,1,affibody_binder
WIYNYMASKAMDCL,0,affibody_decoy
RVINSWNALKRARVQQSRS,1,affibody_binder
SYMVTIMTRPQPCPR,0,affibody_decoy
GHDAQQHAALVGEVFQEP,0,affibody_decoy
PGYVYRTGPALQMH,1,affibody_binder
HVFIAGCLKLYDE,0,affibody_decoy
EWFTQSTKRCATMQIKW,0,affibody_decoy
LLPIWEQAVCGSLKTRH,1,affibody_binder
YQTHELCASTKRKR,0,affibody_decoy
QYVGNIRNLVLIYMN,1,affibody_binder
LTYMMDWNDLEPQMYAIE,0,affibody_decoy
SFQIDLHPSHQQMYGWWIE,0,affibody_decoy
RIHTNPQPCVARHVY,1,affibody_binder
NATAPMRQTLHAKVV,1,affibody_binder
GMRDTILWAECSWCPSYN,1,affibody_binder
FGRISMNFWIEINYWDT,1,affibody_binder
FCEVRVSSKCGWHKCE,0,affibody_decoy
WPEFDCVVPKRAENCTEMDY,0,affibody_decoy
ETEIQMRGSEFQLW,1,affibody_binder
WNVNFKLWLAHADYFMNYIS,1,affibody_binder
TTHVCKNRIGLSWNV,0,affibody_decoy
TIDIYMNGRTGGWCSPPPK,1,affibody_binder
YIWERLWKEEVGGFFHFID,1,affibody_binder
GCLACHKQYGYTIDASHN,1,affibody_binder
CQSQNFHQKSFCFQFV,0,affibody_decoy
DQCMMHALTLQFWWCSEFLN,1,affibody_binder
MIAITQAMKRDFT,1,affibody_binder
MPTGWPVCPDKCLPFDCYG,0,affibody_decoy
CCKNCKKQEPLRWLDSVG,0,affibody_decoy
LAYDAGCNFIGFFMMYND,0,affibody_decoy
NNLRKAEWMVRPWALPNSC,1,affibody_binder
RLKNDPPHMLHVC,0,affibody_decoy
VGSHWWPFVDEWQDHEAY,0,affibody_decoy
MFMLMCYYAMEGTIPYS,1,affibody_binder
SSIPHFNWSWGVFL,0,affibody_decoy
HANHDCLAIQAYCSQ,0,affibody_decoy
NYYSNQSVMWAIAIGMFQI,0,affibody_decoy
QPERNKAFLVDDFHQAEEGL,1,affibody_binder
RVAARARLEWAFADTFHYW,0,affibody_decoy
VGSVVVDNTVAAAHDHEML,1,affibody_binder
QQTIMKVCHTWNLKTH,1,affibody_binder
RWPYKKIHLHAHVHR,1,affibody_binder
TLKAAMRYARSKLSV,1,affibody_binder
WPIPIQWTFDSWT,0,affibody_decoy
HIILGPMWQAVPANCLGG,0,affibody_decoy
WGVVMGHVQKQNM,1,affibody_binder
TIRRASPYFYNGE,1,affibody_binder
KGARCCMFEGDFYDYGP,0,affibody_decoy
YNGGSQRQEYLLI,1,affibody_binder
DMSLYKRFPMHRTKCVH,1,affibody_binder
CVPDHVRPKAMFGFLRYDN,0,affibody_decoy
RPSPRIMMAQNCIQKL,0,affibody_decoy
LTQGTHDDMFVKDK,0,affibody_decoy
TTHCHDFEKDLDCNVDWG,0,affibody_decoy
HIMSMCCCHWVECEF,0,affibody_decoy
RDCWMQAIFALCAGHMS,1,affibody_binder
LDIVGQHKLLRWHETRDRCY,1,affibody_binder
SVVTVEWHWGSKTAWH,0,affibody_decoy
WHYMVPDCIVWWPMWLCL,0,affibody_decoy
KLGWVLWAIFWKYHHAT,1,affibody_binder
TLYSFWQQNPSMPCNTQET,0,affibody_decoy
ARHYLYTHRWGLHYF,0,affibody_decoy
NCQYEDYENVNRLWIA,0,affibody_decoy
WHQSKVMCMLYLNTPRW,1,affibody_binder
SRKRGKEVHVMPYLP,1,affibody_binder
CFVELQVYACIKHDAC,1,affibody_binder
CSCSVDQKRDSFMPVCGYFK,1,affibody_binder
HAAWLVIMFHIPFTNN,1,affibody_binder
GAPLGCYSIWQCVDEHE,0,affibody_decoy
WMFQQEACIFCLP,1,affibody_binder
HEIWRPLFHKMFWDWYMP,0,affibody_decoy
MFMAQHAKQKYED,0,affibody_decoy
CMASFYLMKNKKCMYM,1,affibody_binder
WARCTNQSIYMQWSVYFG,1,affibody_binder
DQPCMNWWFNAWKKHTH,1,affibody_binder
FYEWRINTMRDFWDEWSLKM,0,affibody_decoy
TLIHDWHFFNVSKM,1,affibody_binder
AVNGQWFQKFRDHCDE,0,affibody_decoy
VMYWWKVTHSGAW,0,affibody_decoy
YTVKECDRQMPAQ,0,affibody_decoy
IAPWYSHNNNLGQAMCELLL,0,affibody_decoy
FWKVCIPMNCANVLGADQ,0,affibody_decoy
VCMAETHNNWTTFWGMHAIG,1,affibody_binder
RWHPCKNLQTTIPCELGIF,1,affibody_binder
REIGGCLLTNWPKRCLYFLY,1,affibody_binder
TMCDCTNGDLVYVVF,0,affibody_decoy
IKLQPLWPSAGGIQTMQTC,0,affibody_decoy
CQKSIAMGWIDQL,1,affibody_binder
TDDGWTWGIEFPT,0,affibody_decoy
CIGKTMKWGFQFCPAHHSTD,0,affibody_decoy
PTAHVIRSFYGQTRTAGEID,1,affibody_binder
PWLAPDWKTWMNACTGFNI,0,affibody_decoy
TIGGHMCDVMDTNPKIGHL,1,affibody_binder
GVFILHCGMAHPQPLCFS,0,affibody_decoy
VGNYNNVFKVGYKFLDSLM,1,affibody_binder
FKDSGYYSVDLYPCSNT,1,affibody_binder
DHWFLIGPRPHTYTM,1,affibody_binder
STDLRSHDCQGINFEIKRNE,0,affibody_decoy
KQWDCLYRSCFPTSIAC,1,affibody_binder
WDPSARYDNLCFIDPMKPM,1,affibody_binder
DPFEQHRDCITTQWGWLSCF,0,affibody_decoy
PRLPLQQSETSSWYYF,0,affibody_decoy
VFKRQESIDKECLN,1,affibody_binder
ERMYWVKKGHHEMATWVHC,0,affibody_decoy
QSTRNRTQILETHEL,0,affibody_decoy
AEECVWQPEKQDHYVMLM,0,affibody_decoy
APQFLYVTRLKRNIGEMPLI,0,affibody_decoy
HWFSIFDKGASHKTD,1,affibody_binder
FPGVTSVDDHYQPGH,0,affibody_decoy
RMCECIVWHSNAAKEWF,1,affibody_binder
QRSQMQCIQVLYERCSQN,0,affibody_decoy
RDFPSGRRKYLTLCINRC,0,affibody_decoy
MYWAFSVSSLDNQL,0,affibody_decoy
QIDREPIYHRNWTPTVHRN,0,affibody_decoy
CPIHGSQQPVPPRLPEGMVY,1,affibody_binder
GHYVMASISFKKM,0,affibody_decoy
VTTCVMYEHWRANQTVNY,0,affibody_decoy
LKATKTVMHFGWKYEP,0,affibody_decoy
WEKCQTTSWSTLYLHKN,1,affibody_binder
LAYWICLHEMFRCWVR,0,affibody_decoy
QDFQHAMAFQPKMMGT,0,affibody_decoy
HICDEGPQEWVGYALSC,1,affibody_binder
WRICVVHLPEYTIT,1,affibody_binder
KRHVKGSYQTICQS,0,affibody_decoy
KSSKKFQTRHGDWWFTANEQ,0,affibody_decoy
RAGSYGFLWWPDIWLQ,1,affibody_binder
YMIVAMLARLHYQK,1,affibody_binder
VKKQHYEHQWFPAIFSNMT,0,affibody_decoy
RRMRYWDFIVMPQMNYAKL,1,affibody_binder
MNSDPRKYKDMQLFALAVAK,1,affibody_binder
NGYVHGRFLTCLLWMTGIE,1,affibody_binder
TGSHKNLYPFDNFMA,0,affibody_decoy
SGSQSHHPAAAGHPILDMT,1,affibody_binder
WMTLHQALIDDHGYH,0,affibody_decoy
TDVEFEDGAINIL,1,affibody_binder
WSGHSKSECYIMWEM,1,affibody_binder
IVAPNINPTHAKR,1,affibody_binder
RNHWQIYKCCSSKHYTSLTM,0,affibody_decoy
HQEIQRVPHGMVMGWPP,1,affibody_binder
CINDNYHLKMFKQH,0,affibody_decoy
ECYQNYFYFLPIIEFPQ,0,affibody_decoy
HRLCATPQQCLSVRSCNE,0,affibody_decoy
KNNRQYNTPRLQWLGK,0,affibody_decoy
DGAQKMIAVMDYP,0,affibody_decoy
WFIQWMIQPGSPDHQPP,0,affibody_decoy
MAYCDNCSFALPYILAPIQ,0,affibody_decoy
PRKFVLGFRWERRTKFS,0,affibody_decoy
REYGDLMIWIFGNPNY,0,affibody_decoy
NFHLAMSSENTECIYWHG,1,affibody_binder
NTFNRWGTKMTEFYRIDLW,0,affibody_decoy
LEFIYIQNYPCFFYEQP,1,affibody_binder
KPPNNNCLFFMCVDHTCK,0,affibody_decoy
VTWLFNFFAQKSTFLVCCIP,1,affibody_binder
DIREPWTMPKEGQMKL,1,affibody_binder
FCGDFGIWWCVSHHSTFNAP,0,affibody_decoy
EHWKLKCTLFHETH,0,affibody_decoy
HSWIYNDPIIERRIMTSQ,1,affibody_binder
TCTARGVPVHDIRPGWQ,1,affibody_binder
NHHLPCDSANPKHG,1,affibody_binder
KTMWQRVFFTHSEFPNRNYV,0,affibody_decoy
LEYDSQTSHALCHVTNH,1,affibody_binder
EMLDYQDSLAKET,1,affibody_binder
YMTICLFMITWIPDNRSPA,1,affibody_binder
PFNAKQIWGPPWKGKQPL,0,affibody_decoy
RQICNYRPEPSSGWACHAFR,1,affibody_binder
RQIKENNGCWWLRLVES,1,affibody_binder
CMDREECRQGASNHVSQLDK,0,affibody_decoy
NKMTWQLWTAYGAKRHVN,1,affibody_binder
NYPAIMFNVNGWTGYAHIR,0,affibody_decoy
QAAWICPYELHNRDS,1,affibody_binder
LVKQLRWKVIDYLYWVPWRQ,1,affibody_binder
HGIWTKMVVMFQYES,1,affibody_binder
GWKWWHTSQYNTDMWMWM,1,affibody_binder
MNTNCTVQKSMMYTAWR,1,affibody_binder
MNHTIIYHSQKMY,0,affibody_decoy
LRFVVPPGWPMKHGIPN,1,affibody_binder
DRCAPTCFMRWSYFCLAT,0,affibody_decoy
GYNPEFASTAPMMDMQT,0,affibody_decoy
TQIWTAGWPNCSSDKN,1,affibody_binder
TWFDEHYHWGADFGLKACR,1,affibody_binder
CFTQCCPPPYRDYGPE,0,affibody_decoy
FCCLMKNDMLVEAKTTFM,0,affibody_decoy
YVDHALFFQWTYVMVV,1,affibody_binder
CQDINGTDYLNMSGE,0,affibody_decoy
IISTCQWTYREEEL,1,affibody_binder
AMLITFPSNLKFQ,0,affibody_decoy
CHVPGLPTQKEVAEFEY,0,affibody_decoy
YLAALFIQNLKYWY,1,affibody_binder
WYGSLRWEAGWLHRTTI,0,affibody_decoy
CVHVCSQWGRYCH,0,affibody_decoy
GQQLSQNYQMGQHWLTT,1,affibody_binder
DNNTIGSQGCMDEYL,1,affibody_binder
MPADMDSQMVKAVYCDD,1,affibody_binder
WYWAQVPKHQMHFPLWMPV,1,affibody_binder
WVMAMLPIWNSTWTM,0,affibody_decoy
VNYLVSPDNMDRNAHGHC,0,affibody_decoy
SMVATWWYHKVGW,1,affibody_binder
TFASNALTPRPINFTWM,0,affibody_decoy
ICEILLMNKGNLRNIH,0,affibody_decoy
DCTYVVCAQIGPMGVFWCFS,0,affibody_decoy
VHCKKKKARSSKLNTL,1,affibody_binder
RYMWQFFNYWAMPEAPWFE,0,affibody_decoy
HCYTGNDPPMCQN,0,affibody_decoy
PPECAAHTNTWNIIGHDDA,1,affibody_binder
MRVTCNFQQHMSDFCAHG,1,affibody_binder
PSAMRPWQECPHHRTRQTK,1,affibody_binder
CGPPPTTWHAADKTL,1,affibody_binder
GQAHLLMNNFKFPIDITFWP,0,affibody_decoy
HVLYQYHFGGPLKHNCLWP,0,affibody_decoy
ACCKQGYVFWWGE,1,affibody_binder
EMGPPRGDLWYLPVI,0,affibody_decoy
WCFIVHIEKCCAAKKM,0,affibody_decoy
YMAFLTVHIEIPQ,1,affibody_binder
LVDVCYKVKAMWAEE,0,affibody_decoy
IDQRYHSTDTQGV,1,affibody_binder
SYTCSMTTGWYSQNVFRLMY,0,affibody_decoy
CHACCICFSEAREVCK,0,affibody_decoy
FKLFPWQADCICLV,0,affibody_decoy
RLLDVSKFLEMQIWC,1,affibody_binder
PFASSRKHSIGKIEPMKR,1,affibody_binder
PWIQSTHKCVKASLT,0,affibody_decoy
DPTIAMSTVGFKWKRVWK,0,affibody_decoy
CKGSMYATSMVFVLVSTIV,0,affibody_decoy
YGADPDDLIPPFQKIV,0,affibody_decoy
NEHLAWLPRYYEFYFRT,0,affibody_decoy
MCMEKGSQRGWLSTQTKRQT,1,affibody_binder
QCYVADFLVRNVG,0,affibody_decoy
LDACPMGQEFCIPN,0,affibody_decoy
MDCCIMEEKTWDLRPY,1,affibody_binder
PKAIARFAQCRCYWTEQ,0,affibody_decoy
TYWYGCAETGMWHKHSQH,1,affibody_binder
SKTWVHTWAWVEVSGH,1,affibody_binder
TEICSSAKQHWCYHPMGNF,1,affibody_binder
LSVLDTTSNPRWW,1,affibody_binder
LPYNSMADFDPDIMPWKRC,0,affibody_decoy
YTDGEWQTNVRSSRAATGKG,1,affibody_binder
HRLYNKSKPEYLMPPWGD,1,affibody_binder
MMGPYAELMISPMLQSQ,0,affibody_decoy
TAWFSWCRWLFMMQE,1,affibody_binder
WEIFMLVQGVAFAQQM,1,affibody_binder
LLYRKLTLCKSIGSCRTAA,0,affibody_decoy
ETKNHDWCQWLWQ,1,affibody_binder
NPLYAGPECVILVHQQ,1,affibody_binder
LNCSVFHVCDLMHVYIIQCC,0,affibody_decoy
PYQITKEACTRNTQA,0,affibody_decoy
QMPYMTRMSQLNDMNHFEA,1,affibody_binder
LQGIIEQHTPLMYTIDV,1,affibody_binder
PFLDQSSYIHVVTCGWNCNI,1,affibody_binder
EEMLWSNKHVYYMPVAGPLA,0,affibody_decoy
IGRLSTTKGQCLMRKACR,1,affibody_binder
RKIQFAIASNVKIARNIMH,0,affibody_decoy
LIWKIMSDKQDHCDHLRKEM,0,affibody_decoy
QIVAVTLWMNTYPIDAD,1,affibody_binder
IDGIDSTNTYVALTELCT,0,affibody_decoy
IIYFSYEYHTMWTNMGARND,1,affibody_binder
EHARHDCHLVPMWYMTKS,1,affibody_binder
MWCTAFLSFLQLVIIYQ,1,affibody_binder
FTQGCWIASQITDRPC,0,affibody_decoy
ARLAHPWLNPGEAHMHFNWT,0,affibody_decoy
DQDKHTPVGWFIWEFM,0,affibody_decoy
TTSGRGSTWNAVNWPP,1,affibody_binder
NAKNRTHQRMINAFVAFIA,0,affibody_decoy
EIAFGDKNWTKMHQAQG,1,affibody_binder
WSDRTCWYSWTLCCIDVHS,0,affibody_decoy
DILQHYEYMVNQK,0,affibody_decoy
DLQMYMKCRNHIWRT,0,affibody_decoy
ATHIDDDQRGWENVINF,0,affibody_decoy
VFCDQRCTSEQRPKRPYI,1,affibody_binder
QPSDANPDFKIKAKF,0,affibody_decoy
HLMMLVSYLANPSKKG,0,affibody_decoy
VISCNTKQITQVME,1,affibody_binder
LIIHDCQQEEVYCMMV,1,affibody_binder
DMRRLNMLRNVYGHERWNWE,0,affibody_decoy
AQDNDCRFEFYLT,0,affibody_decoy
LSVPWHAWNFDVTI,1,affibody_binder
AKVFLARHMRSGWSGRPPE,1,affibody_binder
ILQKANIYNHFSV,0,affibody_decoy
HVNYHDGLMWEFGCFSGLNH,1,affibody_binder
IHFIHPYHLYQFP,0,affibody_decoy
PQPKFPYTYENASRMKKHGD,1,affibody_binder
AFVWDYQKEVNKPRMQKCCL,1,affibody_binder
KTCRPTHPEELENYC,0,affibody_decoy
NMFFASKSMTIVHGNTTD,0,affibody_decoy
MCGWFEGSIARMK,1,affibody_binder
NPKCNPRKFLEIGFVFAH,1,affibody_binder
HQKDQQRNVHKWKRFFGSTS,1,affibody_binder
GTCNLTQRKETMDVAGD,1,affibody_binder
CMDVWLWDEETVTQQLVEH,1,affibody_binder
FDNTRTNKRYHTRDQK,0,affibody_decoy
QWAGCIDIMQSLK,0,affibody_decoy
ADIEVTFSNQATYFRTEK,0,affibody_decoy
WYKIWYEMPTKQHDIDIV,1,affibody_binder
PDQWEDWEVQREGAGT,0,affibody_decoy
YSSSYQQCINLMIVDDTI,0,affibody_decoy
SVPERWLPESGWTPTLS,0,affibody_decoy
KHLCGVICNGLPNRC,1,affibody_binder
EPEWSVMIGFGMQMRIWYNS,0,affibody_decoy
FNFKSHGACIWISE,1,affibody_binder
GWLVHGCMNWPIKGRDY,1,affibody_binder
RQQQRNNWDEVDHVTKEPG,1,affibody_binder
RSNPCYQMMDMLCFHEL,0,affibody_decoy
AHQMILPYWGGTRCRGPKST,0,affibody_decoy
KDVNHDDIIEPDQL,0,affibody_decoy
NEDYDILDSMAATVG,0,affibody_decoy
TPALNEDNMVTRIKHCDG,1,affibody_binder
REASWIWWYHGMI,0,affibody_decoy
WCVMMTSCSSFSNHFPR,0,affibody_decoy
TICAHTKLSQSKL,0,affibody_decoy
NELLQKKWGHETCHMGRPGM,0,affibody_decoy
VLRDTDFFENRQVLE,0,affibody_decoy
ETLLHVAIHSYHFKQTGFV,0,affibody_decoy
PRLQPMAHNMPDWAF,1,affibody_binder
FIMMMPDICDQKCAGDP,0,affibody_decoy
RWKNSFSWVGLHMLDT,0,affibody_decoy
TNCIWPKDHCPGVPHTVVL,1,affibody_binder
NSFKIMNCMVYCNC,0,affibody_decoy
DTTHQVSFLYELW,0,affibody_decoy
CITKACKLCDGVDCIGEEYP,1,affibody_binder
RHEGAITKTLVCLWEPNR,1,affibody_binder
EKGMRHHVKKISADK,1,affibody_binder
FPMLLSFGWYLDMKEPLIYG,0,affibody_decoy
TKDKGHNLHCKAEAV,0,affibody_decoy
TGYFHYKATRAPQTDTDPG,0,affibody_decoy
MYESCGNYDERFMKYGNYMK,0,affibody_decoy
PPWYAHDLMEDDMSNYFIMV,0,affibody_decoy
SWAFACKMEGRWIQN,0,affibody_decoy
KSTMMWNTTYVRCMNAQ,0,affibody_decoy
QACQQDGLEIRRNTVN,1,affibody_binder
AIWRWYSGVEHCRVMCGPR,0,affibody_decoy
ERTHNYLTLMMCRTS,0,affibody_decoy
SYSPCAEHIDLQVA,1,affibody_binder
KRIHSWPKLYDKYIA,1,affibody_binder
VVWETHPMKCFEPILYT,0,affibody_decoy
MAFPDGTHSFDKTTAQCM,1,affibody_binder
PQDPPQGTQGSMGAETDT,1,affibody_binder
ILSDTIVRQVMSHSC,1,affibody_binder
RMVDGMHALFSTCIMYPRPK,1,affibody_binder
APVEWIMISQIQHQF,1,affibody_binder
WEFQIYDRGDSSLPYYTVEN,1,affibody_binder
NEKKQTVWALCRFSDAV,1,affibody_binder
VMMRHWDTWQPWNFVMLAGY,1,affibody_binder
HWYNMVMLQWRKPTLCS,0,affibody_decoy
KMRWVGPIGPLHPFVNP,0,affibody_decoy
IASHARAFWEIPDSTE,0,affibody_decoy
DVLHENPGLTMND,1,affibody_binder
YMMGYMIFPWIHAC,1,affibody_binder
NPNASTTCLAVWELFGWGHN,0,affibody_decoy
HFQLVSGMVDFPC,0,affibody_decoy
QPMNSESAMYCCSINLMND,0,affibody_decoy
MSTDERETFKNSINHVG,0,affibody_decoy
DYQMIGGQKAKDVCN,1,affibody_binder
RSKLWTDFFGRECAVRTHQM,0,affibody_decoy
LWIPSETPTKHYGQSQDLEI,0,affibody_decoy
KTMETKAYQHRSRQ,0,affibody_decoy
FVNHMKTSKHEQAPRSYG,1,affibody_binder
RFLFHDPTPDVVFQNKCH,1,affibody_binder
IQTMQFMFAMQRHY,0,affibody_decoy
LRQFCCWAVFTIS,0,affibody_decoy
YHTREHHPKGSPDYY,0,affibody_decoy
MLIRDSLNCMCAKETQ,1,affibody_binder
DWKSPVQYAGLIP,0,affibody_decoy
TTLRKEYTVMMTNKWLTIFN,0,affibody_decoy
ATVNDWPECGAYDIN,1,affibody_binder
NDMMQQWPILEGCYF,1,affibody_binder
EKSVRKGQTERTAFYIHH,0,affibody_decoy
SFKYWVPLFYMMNG,0,affibody_decoy
RDTLFEQYMAVRMTAR,0,affibody_decoy
MFAHCWYYHWLMAMKSTKD,0,affibody_decoy
QNPPTQMQCNSFLWYTSET,1,affibody_binder
RAKAAHMCVLTGGHLCWSGP,1,affibody_binder
GMNYALHLHPERLDFYPVFF,0,affibody_decoy
QGYNGFKTNENDLSL,1,affibody_binder
EPFQFGPIDEPLGE,0,affibody_decoy
PPLMPWFWMIIYRTNYWIYL,0,affibody_decoy
MDYFFKNPLQTPT,0,affibody_decoy
REYNCRGSHRKYESRRA,1,affibody_binder
VKWNLYMCQPFTHC,1,affibody_binder
ENVKPTQFKIQFI,1,affibody_binder
NWINRVDTDQPHPCWRS,0,affibody_decoy
TTRMIFFEMVQASPRH,0,affibody_decoy
IQSAKVYEDGQLL,1,affibody_binder
YHWKTTQNSVHLYRLLM,1,affibody_binder
PTPYQMAFAMDMTNESG,1,affibody_binder
WLAKDCAIGMVIVPQE,0,affibody_decoy
APAMKGFCWDCEKPH,0,affibody_decoy
LPRPKCDVEQKFDCM,1,affibody_binder
HIDCQHSYYWQMAKFPIT,0,affibody_decoy
DKENHLMTNVDLI,0,affibody_decoy
LSVELGGGMVHTQ,0,affibody_decoy
NLRHKVMYFTDDHAFCFC,1,affibody_binder
KYKEVSRSRWTCAQDHDA,0,affibody_decoy
TEYIMIHTYFPNYWEKP,1,affibody_binder
RSGLEDAKLYETVIFHK,1,affibody_binder
HVVTNWHCYKPLNFFPNY,0,affibody_decoy
SYTFVLKLKSSYW,1,affibody_binder
HWVVMFGYCSVAPRQEQAHR,1,affibody_binder
DKKWNRMDESQDSYDAE,1,affibody_binder
RRQDVTYVWYHEAYG,0,affibody_decoy
MMSCYFHGVPWSACWEK,0,affibody_decoy
ALISGHHTHSVGNYHMIR,0,affibody_decoy
HSMNEIMLGGKSVWPKWRSE,1,affibody_binder
EDKHGTIDDHLYECTPFS,0,affibody_decoy
HDFNQIFFSYMLKVCDN,1,affibody_binder
MAQRTWQWMDKGIYHPTN,1,affibody_binder
MYSGVPYLELVGQ,1,affibody_binder
LSMYVNEKCNKIRCWKMYY,1,affibody_binder
LVRIQHAYDDYDPLW,1,affibody_binder
LVWMKVRELMINHM,1,affibody_binder
QQIAAPSGVGHAV,0,affibody_decoy
SKTCQKLESHYTWLWTN,0,affibody_decoy
NWEHFMLRWYTHV,0,affibody_decoy
EYRFLTWAQTVPVFYKIDGN,1,affibody_binder
GWQAKVDHTKFADCPPD,1,affibody_binder
WWFAVQTTWRKMFDNTGG,0,affibody_decoy
EIQKYGWSYPGSTEAQMRE,1,affibody_binder
SLHSIRPMLSTMDCIY,1,affibody_binder
NFSEWFLRGYHEWWTWGNKD,1,affibody_binder
YLELPTDPQHPINAICPYFT,1,affibody_binder
DQHWQDMLNAPLIETVA,0,affibody_decoy
HYTQIMFQDPWKNLCIGCH,0,affibody_decoy
IPWECAQHQGAFVNP,0,affibody_decoy
IEFGILPLSQYQRELFWWN,1,affibody_binder
NILGVWNIEGNNLK,1,affibody_binder
WVYDAHRQYVGREYT,1,affibody_binder
KDTDENNVHIMLL,1,affibody_binder
EAPINAIRRAAVTL,1,affibody_binder
NGNPHIRVAPRCEI,0,affibody_decoy
FQWYQYLKGTFPCSFFRCWP,1,affibody_binder
PMLFMNFFPKDFTLAHRR,0,affibody_decoy
PCWYQSQFYKIVHTQE,1,affibody_binder
LGLYENWHWFCLLSFNL,0,affibody_decoy
LHIRDWETGCFYITWLPR,1,affibody_binder
MPCEMTHPACESEQHVI,0,affibody_decoy
VLLMFDARRKNPP,0,affibody_decoy
GTTWIQTYMIWCADIEEG,1,affibody_binder
IPTPIPWEHVDVPLVIMM,1,affibody_binder
GSQHNHTIKCYLCAAYGD,0,affibody_decoy
TNDHYSIVCRIKAKYTT,1,affibody_binder
WVATCIQVHPQFTCIVFCML,1,affibody_binder
RTWTNFRRDPHTVK,1,affibody_binder
PWLDIHSTIMVPHGIRPYLT,1,affibody_binder
EHWIHRWKLEEDEHWE,1,affibody_binder
MFYMGNLQCQPDWEI,0,affibody_decoy
DLQLYCSRLYLYTSGIEHNT,0,affibody_decoy
VLKYSEQWFDHESAMLA,0,affibody_decoy
LGESMPRQSNFDNIWK,0,affibody_decoy
NCHHEIEKHDVTYWDFDD,1,affibody_binder
NEYCHVGARCKHF,0,affibody_decoy
YTSRPIFTQKFWCCDMQF,0,affibody_decoy
YKVCHLWDCRHLA,0,affibody_decoy
KWNETNMDYGYLWA,1,affibody_binder
GTTHQRMWLKVFQET,0,affibody_decoy
VDKQANEVHYALTWGYYSE,1,affibody_binder
QRIGEHELVRWTQHDDAGE,0,affibody_decoy
AFENENTMSLNYGRET,1,affibody_binder
NITNWLMGNEDCHTIMEK,1,affibody_binder
TELLSLMIYYWREEVRYQFT,0,affibody_decoy
HTLDSSTDDIRPGH,1,affibody_binder
DMLYMHSCLYKELNNHKV,1,affibody_binder
EASEYHHKDNDPNDEYWFEC,0,affibody_decoy
IGMQRAMLSGPAMANDNCAA,0,affibody_decoy
RTDVSKDWQEALVIKSP,1,affibody_binder
CARDCQMYGAWYFHLGWQAM,0,affibody_decoy
QDCAGHDRWQNFVFKE,1,affibody_binder
GILLYRQGYESNQ,0,affibody_decoy
HRLMMCEYRFDAADAGCW,0,affibody_decoy
PVQGCVNHPLLYAIEQ,0,affibody_decoy
RRAHTGGVRCGTWPHA,1,affibody_binder
EHNFIHMQTMMFWG,0,affibody_decoy
PSVYFEHDWFHDHWDETEQ,0,affibody_decoy
VMIVVYQALQFMDTWVHSN,1,affibody_binder
NGIKQFHRHFGQPSRIEPWR,0,affibody_decoy
WDNWTKDFHVGNARQYQM,0,affibody_decoy
LHESNNKPWRNSGGAVHHV,1,affibody_binder
AFTSNRYFLLVQRKPSMVP,0,affibody_decoy
LNESSGDIFEPGTE,0,affibody_decoy
VFPDIFHVLMAKDVS,1,affibody_binder
WLAFELPVLQKEYSEWDVS,0,affibody_decoy
TPPYCNNRIDMEYCNIMR,1,affibody_binder
ENCTPYCHFTSTQMDFW,0,affibody_decoy
TNMHFSYFWMCDTC,0,affibody_decoy
RMTISIVTFSLMEKGR,1,affibody_binder
ADFLMQVEICEMSLPEK,0,affibody_decoy
NHIHLLHRFQHRWGALTCR,0,affibody_decoy
GFNKAKVLILLNNKAPKAH,0,affibody_decoy
MCAFGYDQFWEGFQHM,1,affibody_binder
YFLDSHAVPQMLERWVELWQ,1,affibody_binder
KMGDHMAQQKCTLI,1,affibody_binder
HTGVIHPHDYLIVY,0,affibody_decoy
ESNKKWQSKGKRMQTTSKVV,1,affibody_binder
HHLDRNMLSISPMRWMI,0,affibody_decoy
EKWTTIMCENPKRPFT,1,affibody_binder
IYVPDFELLIKTLRF,0,affibody_decoy
AWFEHWSWCEDKQMDYPWM,0,affibody_decoy
WCIMSCTWSPDRKDFYSE,1,affibody_binder
NTPEHPLFRRIAKQFKIPT,0,affibody_decoy
VWIEFETMWTFSGMDA,1,affibody_binder
PAKWISEIATMGD,0,affibody_decoy
KVEKVWMYPAKTHPPVD,0,affibody_decoy
VLRWAPLNKPNEMNSARCW,0,affibody_decoy
CEINHTAKFGKAR,1,affibody_binder
HDYFSYRYHNVEVCYTC,0,affibody_decoy
SVGPVFTRMEGNINR,0,affibody_decoy
PRCRKYQRSNHDW,1,affibody_binder
EVMTWYRLEFISLTYYQRLE,1,affibody_binder
EANIVTTCFHAMWALSCG,1,affibody_binder
PQSYNPNIKWCIKSCTHE,0,affibody_decoy
SHVPRPQLGNENTAVE,1,affibody_binder
KTWCIDAFHCHCLSFDHEHK,0,affibody_decoy
VCCDYEVHQLAAFKIC,0,affibody_decoy
GNLENVTIKRNPEVDQEI,0,affibody_decoy
LMEMDVRAYFYWD,0,affibody_decoy
YCIPQINMRPLSKLWGI,0,affibody_decoy
GPFQSYWPMMQMHQIAGM,0,affibody_decoy
GANCHRTSRFPYPYVGHW,1,affibody_binder
NVMTVLSVFKHPH,0,affibody_decoy
QGTSKTTIVCIYEKG,0,affibody_decoy
MNMYCQPCRIGSNSG,0,affibody_decoy
IKKMPHQNFYDQFCLHEL,1,affibody_binder
VLHAFIDACQTDKAM,1,affibody_binder
CEMTHITVCFQSFDAAVSKD,0,affibody_decoy
AENCCRALYDWCAY,0,affibody_decoy
CALWADCRYEGCQP,0,affibody_decoy
NPGRFQREPSTYCYQKTCTI,0,affibody_decoy
GGMESEWPNQWDANMTHE,1,affibody_binder
SSTIFYKDQYYGLQ,0,affibody_decoy
DDGHKWTTQLKLCC,0,affibody_decoy
PFRLIHHTCGMECGDDM,1,affibody_binder
AWSSHVGMADPIPIMSWN,0,affibody_decoy
SEEEENDHYDKPDFACHNWY,1,affibody_binder
LKSDYCCRIAFLIKI,1,affibody_binder
HCCEKWCFTACALCVYGTQ,1,affibody_binder
LQFLMWAGYTVPYG,1,affibody_binder
WGRAGKCLLREDKGWEQVAV,1,affibody_binder
EWIIIYNMQEHMVNAN,1,affibody_binder
FDYWQFRGMAVHECF,0,affibody_decoy
CIMWVKSLIAEHIYFDSC,1,affibody_binder
LHTWEESKNFKEFHKN,0,affibody_decoy
WPIVWWDHDENAP,1,affibody_binder
WNICFSQNAKRICYI,1,affibody_binder
LASMWTKLRVIMKGG,1,affibody_binder
NQDSTSNKSYMYQFWFNVYS,1,affibody_binder
ILFQDDGGWVVAD,1,affibody_binder
IDMETTLEFGEEGTQ,1,affibody_binder
IWQERSLPCNGNGQVFF,0,affibody_decoy
YIKPDPCTWMTIGNRPSGG,0,affibody_decoy
QREQDLEMATHLNTQVKRKP,1,affibody_binder
QLVDWRAVGYISRNTY,0,affibody_decoy
VYMILTDWECVYKTAFHFE,1,affibody_binder
IMMHLEKDCTTRETS,0,affibody_decoy
PFTPVHLWRWPWPN,1,affibody_binder
PKVKFPCAPFEGQY,1,affibody_binder
SHYNILECFPILYEWFERQS,1,affibody_binder
CLNWSARNMQHPATEPQGKT,1,affibody_binder
GPARKQQVVVTQMDATL,0,affibody_decoy
ELGAFYYCMCHDYNI,1,affibody_binder
DGNPGAMEWFHTGSFIWSKQ,0,affibody_decoy
KEIMSDPRHVNHAMKYDRNW,0,affibody_decoy
LEKYWGRPAGTVC,0,affibody_decoy
VIDTQQAHEQWEHCCLRPEQ,1,affibody_binder
PWKMVLTLSTGVWGDPS,0,affibody_decoy
NGLWFLLDELENNGKFCQYV,0,affibody_decoy
WHGIVMGGVLLQPDPFIA,0,affibody_decoy
GIRWWTVNFEAHIDDDW,1,affibody_binder
LCQECRKTHKKMFQKQDHT,0,affibody_decoy
HIRMNPPAWTESWNL,1,affibody_binder
IAQYKAQFVMMNTIN,1,affibody_binder
NLCFIQEPYLCEDWWGY,0,affibody_decoy
CWRIDNNYQDKTDMQAF,0,affibody_decoy
HSEHIVSTPETKCTTCH,0,affibody_decoy
LTRPHHWFQIANCMDYAQ,0,affibody_decoy
DHKATEGKKHNLVCA,1,affibody_binder
PAMQRRGMIIDEDFD,0,affibody_decoy
NGRPCVEREHNVKF,0,affibody_decoy
MLDLITAWWIHEI,0,affibody_decoy
SIDSHPWYFTCEKIIKN,1,affibody_binder
YSFYKSDTDRMPRC,1,affibody_binder
RWEVIRWFPRCFV,0,affibody_decoy
KNDSYLCPRGRKHKMDTEG,1,affibody_binder
EAVIHGHRAYWHWYGRAL,0,affibody_decoy
LNQYVGQEMFCFVQ,1,affibody_binder
WPCFMQWPNTWLDC,0,affibody_decoy
ICVCYQENDGMCRWPKTILQ,0,affibody_decoy
VSERQQAAMHVHE,1,affibody_binder
TLLCGNDEFIPYPGLGRGE,0,affibody_decoy
SVHLNVDMFPEPL,0,affibody_decoy
WPHIDQCTSERVIRL,1,affibody_binder
KTALDVSTRNKCHYGYG,0,affibody_decoy
IWQSWEQLDTREMVPD,0,affibody_decoy
ENKWEFWSEDAEK,0,affibody_decoy
YYCTDVWESTGQHFECK,0,affibody_decoy
RNGPCCNHHYECWSSEWFQV,0,affibody_decoy
CLSLNMISAATDYIRHAWE,0,affibody_decoy
VKPWDMILTPHCSP,0,affibody_decoy
YFYMKNFNCEVNPMGDYI,1,affibody_binder
VAWHTPFRVTLGC,1,affibody_binder
TRHHICAGNTPMEIK,0,affibody_decoy
TWQLLRAAFVNATQ,0,affibody_decoy
MFCRMHYIHLNNKSNIFRGT,0,affibody_decoy
ACLKLHPCLYSIHFDTDWQ,0,affibody_decoy
EWAPKHSPRTNALHGT,0,affibody_decoy
LCENNKDNAVRFKHAWKG,0,affibody_decoy
RVYVQIGDLAEDSRQCLI,0,affibody_decoy
INWRTHFDHSCPWH,1,affibody_binder
MGLEGSMCMPLLWP,1,affibody_binder
WNRIDAMWNIRSPTCMCT,0,affibody_decoy
IWMVDAMQKWAWLCRHTWN,1,affibody_binder
CSEQGMNMRPSYYICWVC,0,affibody_decoy
SWRIETSESCAVRDTAP,1,affibody_binder
FVAERHPLVEWRQ,0,affibody_decoy
TNCDYLKRPSMNAV,0,affibody_decoy
FSKIWTRNGENNLIANRKST,1,affibody_binder
TWDCCVVTATADHNEIR,0,affibody_decoy
DKVCYRYYKRLIGNAG,0,affibody_decoy
YSQCLYHGVHLIRKLP,1,affibody_binder
CPVFLNSQYIDAQ,1,affibody_binder
CPSFFAGIAMRMEHIKG,1,affibody_binder
CVVQVNQKHVRGQ,0,affibody_decoy
MQFQSMCQVYACYIGTW,0,affibody_decoy
RCWTSLFVAKKQAEVND,0,affibody_decoy
NNAISRPLHNHQASM,0,affibody_decoy
PRFCVYILKTCMNVLSW,0,affibody_decoy
KQWFLPNIKLNVSV,0,affibody_decoy
CWLKDGQLLMYQG,0,affibody_decoy
NPMMIQENLTVAH,1,affibody_binder
DSQLFLLPKQQCIHFAPT,0,affibody_decoy
CYMYLTSQQKRMVIACDYWM,1,affibody_binder
KGAYKKSNCYSMKRSSMNVI,1,affibody_binder
PRGTRSYMKCSAPGDMI,1,affibody_binder
VQTHEMMYPWPYTFQFLEEW,0,affibody_decoy
PELWSWMRIQRGFKRYNCQD,0,affibody_decoy
MWGHWSFIWFRCQDAKKT,1,affibody_binder
SQWKQKLYWVRNECVI,0,affibody_decoy
RSGDAGHTQEAVCDMQTCPR,1,affibody_binder
CGAPYLGFNAKKNVSS,0,affibody_decoy
EHFSAYGCDKIMRSKDRAS,0,affibody_decoy
QCIGHWQSEIMNNPGA,1,affibody_binder
LKEMDYGDEGHQWQF,1,affibody_binder
SQPQEKDHPSAWHMTNCR,0,affibody_decoy
TFWVTFTALMEGQVHAWSEK,0,affibody_decoy
NDMNFRITASAHGG,1,affibody_binder
GQYQWWDRHRMPDD,1,affibody_binder
VPWRYFWQMFVSLYF,1,affibody_binder
GSPCINIWQPARMQDC,1,affibody_binder
YIVNAAHTKDCHTFIQTCY,0,affibody_decoy
LLMKHWAYITTSW,1,affibody_binder
SRCYAPEYMPACW,0,affibody_decoy
FHQRKLSTFWYPCF,1,affibody_binder
KDTNAWWKLRTIKFNECE,0,affibody_decoy
WFTKPKEDACLWYKLY,1,affibody_binder
QRSCDITWFKYTMFFPCQ,1,affibody_binder
FWMQQSFKSLHIVGEYQLKN,0,affibody_decoy
RGYGNHAQMHGQMH,1,affibody_binder
QSGKKGRLMFERWKGF,0,affibody_decoy
GMCQFTGDIQMHPS,0,affibody_decoy
EFEIFFRLMYALPCHK,1,affibody_binder
RHSFAKFSAAFTSGHIEHC,1,affibody_binder
ISPYNDAVSTKRTL,1,affibody_binder
VMMYKVISTPFAFSP,1,affibody_binder
KLTTVPKGGEKASHCWCEM,0,affibody_decoy
HCVVWEEEEDHAFQF,0,affibody_decoy
ATMTQFNYCCFVIH,1,affibody_binder
QYMNCNFGYMLAIKH,0,affibody_decoy
CDDVCKPRVVHFCNHKRCE,0,affibody_decoy
KQLTCSFEGMHFS,0,affibody_decoy
LVRTDNHYLQMHAIV,1,affibody_binder
PCAKYSEKFEWVTSMPHMMK,0,affibody_decoy
DPCCHQEYTSQNEYM,1,affibody_binder
AWDPKMDLGQYNIVN,0,affibody_decoy
KSFLNMWELYLEYAIVS,0,affibody_decoy
KFQEQKMPMWAVI,0,affibody_decoy
LFCYVRNNNTQDLFIPDTRH,0,affibody_decoy
LEYWNGAFWSAEMHAMD,0,affibody_decoy
YMGDIRFQMMNRSMYLNID,1,affibody_binder
MEWLTRTLCAITPCGDELA,0,affibody_decoy
CDWMCHAMDHMMAVG,0,affibody_decoy
LEDMYNVHNNVSG,1,affibody_binder
NCMEPMEDLMKKE,1,affibody_binder
HHSIRYMCVGMNYRA,1,affibody_binder
DSKMCCGDWVQDWHGYQR,0,affibody_decoy
NMTPLTDEHHVYSSWWM,0,affibody_decoy
GVRITKFREASIR,1,affibody_binder
IYYYMFQEQTVGYKV,1,affibody_binder
QNRTYTECFGHLR,0,affibody_decoy
TCFNDWPLMCWWQP,1,affibody_binder
HHRCTIRQTMTMEHMTHK,0,affibody_decoy
PCRMPYQPRTVTISM,1,affibody_binder
CIPQARKYCLFAVFHLTS,1,affibody_binder
MWGYGSKEKMCIWG,0,affibody_decoy
HLTGTMENQKGMYVDWVIC,0,affibody_decoy
LGGDGWKEGQKQHCYQRWYI,0,affibody_decoy
GCFQTAQPAPCTLESAPRP,1,affibody_binder
PDKGQDVAYAMMI,1,affibody_binder
IQIMPFMREDRADGD,1,affibody_binder
HCSRKMFQSTAIWLPSVN,1,affibody_binder
FESGKQKKFRWLMGRG,1,affibody_binder
IEMSIWLTTEDWREKT,0,affibody_decoy
LVVEWCVQNQKHKFNS,0,affibody_decoy
YVTVYDNFGMTAHMGKRT,0,affibody_decoy
FMYQILEGQPPSYITAE,0,affibody_decoy
EVRHEYTEIDHGVNILQTR,1,affibody_binder
HGYWWFCCAVSKLCNVMIW,1,affibody_binder
ENGQINVFPHAKDVTP,0,affibody_decoy
ERMYVGYGSQRETDENVRR,1,affibody_binder
KFAPNPHSGWHQFA,0,affibody_decoy
MTINMWDGQMPPLHW,0,affibody_decoy
ICFKCWRNMDPNDDE,1,affibody_binder
PWARIVKAKLQPIE,0,affibody_decoy
LWFARKQWNWNPLPDCG,0,affibody_decoy
SGMHQPHAVQSNDGMQF,1,affibody_binder
MWYENAIRCPWIITLVV,0,affibody_decoy
SGWEAVIMSSSAVYS,1,affibody_binder
KTECQVGHHAHNFFEC,0,affibody_decoy
RASNNEKWCLDPTRYWGW,0,affibody_decoy
CHRFFNNESCRINSVKWRP,1,affibody_binder
HNKSYNSEICPQICTPKW,1,affibody_binder
HGPCHIIGVSHIRRI,0,affibody_decoy
DIFCSWMCQKNAE,1,affibody_binder
GEHDYNWAGDSLEKNI,0,affibody_decoy
QFGMDYALRGHQCWMAWACY,1,affibody_binder
LNRTCTELRTMSHYM,1,affibody_binder
EASKKNHVYITKLR,1,affibody_binder
MPMWNNCMEAYVDDPLHCA,0,affibody_decoy
DHNLCCHGQEGMTQTYW,1,affibody_binder
RNTTNLKMWMQKWVWS,1,affibody_binder
LGTNETQFQKARD,1,affibody_binder
AKWSKCKSFIFFWMH,1,affibody_binder
ICVDNAWTMFDPCHG,1,affibody_binder
WHRKAAEIDYGYAMYMIWQA,1,affibody_binder
VDFRAAETTCPNNSYWH,1,affibody_binder
CLVQPNEKLGKDSCRCWK,1,affibody_binder
CFCAQISIWHRCH,1,affibody_binder
FIYHGYKATCNIVDNKK,0,affibody_decoy
GWSGEGTQSYLGKYNY,1,affibody_binder
VNMDEPKFNDPQI,1,affibody_binder
VWYEDVAYPLACTWG,0,affibody_decoy
IQPMADFPRRQQHH,0,affibody_decoy
HKPCENPPDTPQPWGP,0,affibody_decoy
YVGQPHQINLARVFKQKYW,1,affibody_binder
PALVTAPRPIKVPT,1,affibody_binder
FWGKEGRSMLYFDCPMLK,1,affibody_binder
VCGEGVWLQLYCF,0,affibody_decoy
REISQAPTAGSGSYQ,1,affibody_binder
LVMYFWMKSNPFGY,1,affibody_binder
ICPHSAQYRQWDA,1,affibody_binder
MVSFFKASNYRLLVTRQPP,1,affibody_binder
NGDAEMQAVHFWYYGNLH,1,affibody_binder
PPFTQEVDFNRNYH,1,affibody_binder
SLSSMWTSDEWIN,1,affibody_binder
NQITETYMYADYRDPDLFI,1,affibody_binder
SKITVNYMTPFKLRKCQAP,1,affibody_binder
MCGDFKKYEDVNDMT,1,affibody_binder
SWFTAIAPEAMGRPPKI,1,affibody_binder
VNQATWCIYDRPIMVSKHFW,0,affibody_decoy
CEAEYSYRGPTIRAWGEVRF,0,affibody_decoy
SVWKVTCVILVAAKVEVW,0,affibody_decoy
NVRERHHKFHQWC,0,affibody_decoy
AVPYATSTHYTCPQYRCNFP,1,affibody_binder
ITFFLFMEKTPGNVFKN,0,affibody_decoy
GELQIRLWMWEDL,0,affibody_decoy
ESKHVNFFSENDQKPS,1,affibody_binder
WEHFTFVWEQQKRAYLHS,0,affibody_decoy
LDGAVWCWFISALRNHIMF,1,affibody_binder
HWYEYQGEIHWIKRFKRS,1,affibody_binder
PIANDSHICNTHNSRTESL,1,affibody_binder
FTMFREYCTCKFYEECIRNQ,1,affibody_binder
FCYGHHRKNACEV,1,affibody_binder
GKQACFFKCIYAR,0,affibody_decoy
RVFEKGTFVSHDYDEMHN,0,affibody_decoy
RDDECMMFGPGCHHLTI,0,affibody_decoy
NCKFEWDTNQCVFLLK,0,affibody_decoy
CAHYGIHESWYFEWMY,0,affibody_decoy
GHDPSPLLQCDHNV,1,affibody_binder
QSDRKAKNAMSDTAVEFL,0,affibody_decoy
NVPWKCIIVDAQDQSFW,0,affibody_decoy
WYVHIKEWQDVPKVCNNVV,0,affibody_decoy
HLISKSAECMDKDFN,0,affibody_decoy
CHLSMHHELSHPE,0,affibody_decoy
LTSGHTKKMETNCFMTFW,0,affibody_decoy
FKCAYFDYAGVQI,1,affibody_binder
