sequence,label,source
QNRKENHMEGERNAMYQG,0,bcell_shuffled
CLRYKVTIAFREQGGPE,1,IEDB_bcell
PEFGRLVYEHHIKWWCH,0,bcell_shuffled
YNHSTEDHMSGKLKQF,0,bcell_shuffled
RMMQQTWQMWETNDHEGEKP,0,bcell_shuffled
DQIGDAVTVLHHQPAAWSKGICA,0,bcell_shuffled
SDLWVVLTEWTQWSHYQCLDQ,0,bcell_shuffled
TTGAEDEGVNHKFTECF,0,bcell_shuffled
TDMEIQDEQAMFEFEC,0,bcell_shuffled
EGMTHLNAEHTMRKTHCN,0,bcell_shuffled
CVGRIGLEYYWMCIVWFLKMSCG,0,bcell_shuffled
PPSDCMFWEEKFSQMRHLNGE,0,bcell_shuffled
KSTQNFYTTQWTWMM,1,IEDB_bcell
DNTQTWIEYLRMARGPPIAGSP,1,IEDB_bcell
QSAEPTENRNFEQGLDNNYDCHFPN,1,IEDB_bcell
AETNKPRRWVFGCFQRCIQYLH,1,IEDB_bcell
QAFPAGDPMLCYWIWQ,0,bcell_shuffled
YPWWHVHRKGMWITCSADYGR,1,IEDB_bcell
YGYHINVVQIYFNFASK,1,IEDB_bcell
YWKKDCEDMYGSAYNPMCFKNV,1,IEDB_bcell
MWYADMPTTYNIFYEGQWPLTT,0,bcell_shuffled
ISGYHHVPTSCWCMFWCKHQQRSS,1,IEDB_bcell
FWNIKWCLFASHYMNITLDMPQ,0,bcell_shuffled
CYVQKVFNIATQENSDN,1,IEDB_bcell
YPRWIWCCTHQFNIIDTD,0,bcell_shuffled
QNRLIMTYYWNEQDPPCWCRCASQH,0,bcell_shuffled
RAIAEWIRGEGCFQLIK,0,bcell_shuffled
LIANYDDPRFSWKKHWTVRP,0,bcell_shuffled
YVWPKMGTDNDYYIYD,1,IEDB_bcell
HSQVIHPVLDHPPIGETNHLAFLF,0,bcell_shuffled
FVAKYQYCVNYSAWRER,1,IEDB_bcell
GSIISRSFRHIYYQGTECCQDHQ,0,bcell_shuffled
LWFQEYCQTLRYNCHN,0,bcell_shuffled
VCVHKFSLQHICSYIQQKRHV,1,IEDB_bcell
HICYINHQVAASMQVNHNGYTL,1,IEDB_bcell
AKRRRKVPNNVHTFSFNC,0,bcell_shuffled
AYVHHNVSYLTMRPIILTCCY,1,IEDB_bcell
CTEVQMHRGPWTSNYEATWFNT,0,bcell_shuffled
KQGYYIWFNWLEFEEKMVEGAEKVK,1,IEDB_bcell
NLCDHCFSTNYMQITSKITGDKFA,0,bcell_shuffled
YISICQPFSLEQQNYV,0,bcell_shuffled
LDKKGDHNCNEWHHQLMP,1,IEDB_bcell
IDMVSSERSILDMGHYRIMST,0,bcell_shuffled
PYLELPWCSRYHQLLW,0,bcell_shuffled
NNNYTEIPAANWHKWRPEQ,0,bcell_shuffled
FWMYSDVHYLYCSNWKLFIYASGY,1,IEDB_bcell
HIRCKEPTFCGFPYK,0,bcell_shuffled
ICGYLNVHCSLDFHHLPCWI,1,IEDB_bcell
PIWSKILICYWIMREAMYLMTFY,1,IEDB_bcell
WLCPFGKPEIWRPYSFNMHKAND,1,IEDB_bcell
PAIFCGFITPFFFTF,0,bcell_shuffled
YNSNCKTQRWCILLACVIIFG,1,IEDB_bcell
DNSFRWDAVLGRCFVMMPKAVGLML,0,bcell_shuffled
HQGTPYEVVILFFNSGPDNKQA,1,IEDB_bcell
LGMPRYSFFPGLDLF,1,IEDB_bcell
FDLNFPCGSFDSEFIIM,1,IEDB_bcell
SYQSDDKYKSWHWLGD,1,IEDB_bcell
LFYFHNDCFALDGFNPMG,1,IEDB_bcell
VYNNEDEFQWGHATNLRC,0,bcell_shuffled
SSMAELFIDSTKVTWMD,1,IEDB_bcell
AFFSCGGHGRWVLWNE,0,bcell_shuffled
VKVFPDNDKVAYDKEVCELW,1,IEDB_bcell
YNSSIKGHIAPFHMMSKHRSQHP,1,IEDB_bcell
IPCIGCVGLNVQMPHALAWG,0,bcell_shuffled
NVVTHRNDKHYNCQAV,0,bcell_shuffled
QLPIDERYVYAKLCSHC,0,bcell_shuffled
LRKGYCTAYSEHPSRQA,1,IEDB_bcell
VWRWSNMAFGYMKMWQYVQGQEA,0,bcell_shuffled
NLWKHCVDIFWDEAFTYPQS,1,IEDB_bcell
WSITVSTWFKGYFRGAGSGF,0,bcell_shuffled
DRGWGNGCGLFGKGSL,1,IEDB_bcell
LCWQGHLDVRPYANKGFESRFL,1,IEDB_bcell
QHQKRRCNDFVHMVCGLG,1,IEDB_bcell
PRALNWSKRNPPPCDNVLWPQD,0,bcell_shuffled
QQTQWYKFNIEMWDGCRSSQ,0,bcell_shuffled
WVNWFDSRRSETVYWANRCGWNNY,1,IEDB_bcell
IHCKERLYAYQPKQQLTVGPWTNWM,0,bcell_shuffled
CQPMESELHHSEFNGVVMGVWSF,0,bcell_shuffled
QCASHQHYWPTPRNNVILSN,1,IEDB_bcell
DSDFTLMWDAWPLTESVT,0,bcell_shuffled
RVMSWSREKLTYIIKDKHW,0,bcell_shuffled
DNAWTMFDPCHGNYNLDRGLG,1,IEDB_bcell
CYKEGETRENAHPAFGMVCTMQAD,1,IEDB_bcell
FHTWCFSKPVGRKVHHSPIS,0,bcell_shuffled
IRTVDYMIVSDPIIENANYAW,1,IEDB_bcell
YTIMVAKPWTNACPHWSEAAISYEI,0,bcell_shuffled
YEYIQDSLTWKFCGK,0,bcell_shuffled
EVDMHWQDSAWHFMSSQNYELGGT,1,IEDB_bcell
QYCHGIQDFNQGQWDWQTDL,1,IEDB_bcell
GMKHRKTLRWEDYHACVIVYLFLTM,0,bcell_shuffled
RPFRYENQASIFGWHFRMYESR,0,bcell_shuffled
GRQWIDVIEDHNFNSCY,1,IEDB_bcell
FGDEHYCEKLNYSPGFWLSHIARC,1,IEDB_bcell
NAAKEWFYPRQCFEQPPGY,1,IEDB_bcell
FWLAFEAELSMPICACEEEM,1,IEDB_bcell
CPEIDVEGKWCIAVNFDFAQFT,1,IEDB_bcell
IASHLMTEINDDDIFQRITPRKQV,0,bcell_shuffled
RNARYHPCHYDCMIRYVLA,1,IEDB_bcell
YRKMFHPEIQSERMTISC,0,bcell_shuffled
NMIRYNWTDMYWFILHL,1,IEDB_bcell
RKKLWKIKAMKHAVPMVGFNP,1,IEDB_bcell
HRRCMDIISNQIVADTADAPPAAEM,0,bcell_shuffled
QYFWPMRFKNDDWQSNLMNH,1,IEDB_bcell
IPINVYCNPLFQAAYLPP,1,IEDB_bcell
IAIWIKTLSVFLVDIQLWSFVSRAG,1,IEDB_bcell
DRAWGKEQPHTIIKYHDYRCILVY,1,IEDB_bcell
TNVAMQFMAMHVHDDNPEDRNC,1,IEDB_bcell
KRLMWSEQYFLKWFFNIMTDTHGD,0,bcell_shuffled
HIPVSETWMRTQMDT,0,bcell_shuffled
NNGHNATHQHHMMAYKMKSMHALLM,0,bcell_shuffled
GPPAWQTCAPGIQTKGVPWWFTS,0,bcell_shuffled
KGTYSGHVAVDNIKWAMK,1,IEDB_bcell
MFICPFQDCQADYNVVQIANHRDKA,0,bcell_shuffled
INPIGFERATWMLCCKCWNI,1,IEDB_bcell
CEEGRQPPHEYHIDYILDSHGLRV,1,IEDB_bcell
MQSAPRPWGATHSRCQSDRGTGW,0,bcell_shuffled
CNQKLECGFHMDWVI,0,bcell_shuffled
PQPKGKRQRRHFPETKLYPDKN,1,IEDB_bcell
IFKEIVSIRRNVSFKQMTM,1,IEDB_bcell
EHEFTPWFQLNEINYAWPGHQPNRN,1,IEDB_bcell
NKCQILCNKSMHQHY,1,IEDB_bcell
DRHDDTTQTPMFGQHPAGRVFMY,1,IEDB_bcell
GDKIRCFHHSGHNKSYNSEICP,1,IEDB_bcell
DLAAQVCEGAHCFEGHIRQ,0,bcell_shuffled
ADEREALFRALCVEQGWTEGY,1,IEDB_bcell
ALERIWAPRDFLIQQ,0,bcell_shuffled
QHKHWSAVQHDANRQYRWIF,0,bcell_shuffled
QCLMRKACRSFDFYRETISSAFQI,1,IEDB_bcell
RALFWGFPEQFWLFIGEEYD,1,IEDB_bcell
SSGQDTFGHKFSIHMPRDTMAYRKP,1,IEDB_bcell
RLDLYDFQIAQVRLHM,1,IEDB_bcell
SGIRWCYYRQDFSGVPEEY,0,bcell_shuffled
HGYRTLTFIFDHHRNYNQNYDTDV,0,bcell_shuffled
LSDTPKFDNIRRIIMVIDTQQAHE,1,IEDB_bcell
NCAMGWGCSYMFWQRQIGVC,1,IEDB_bcell
LGWWNWYHWVKIHAYPQFWLKWGL,0,bcell_shuffled
VAKRSIHKWNNWKWAGYHGQSRTG,1,IEDB_bcell
DVRCFYDWRFATSKVQT,1,IEDB_bcell
PNYNCECYAEMCYSESAMD,0,bcell_shuffled
FHTWQHCGKCFYRVTVRVGV,0,bcell_shuffled
VTCLRGSEGPGGETWMMMVQWHIEY,0,bcell_shuffled
VEFHNDEKDAGMNEQDACDDYMDSH,1,IEDB_bcell
DPVKCEPPNFSPRGYRNLIRPT,0,bcell_shuffled
VEEIIPMNVVHGYSEMGRA,1,IEDB_bcell
NRYTITDFMCQTGMSSTIPVLASWT,1,IEDB_bcell
LDCLHVYEHEFAVVDWRPT,0,bcell_shuffled
YITARFVDQPQWWEEPLWLTDKTC,0,bcell_shuffled
DNEGVYIGIRMTQERHW,1,IEDB_bcell
SHFCWVKYYSIQARCWIYMN,1,IEDB_bcell
MLYNGKRIIQFNTKSDR,1,IEDB_bcell
FSRCSHGKMQFAPRHQDVL,0,bcell_shuffled
GHAPHEMKPKCLTFE,1,IEDB_bcell
MRINVDCYGQIRRDQ,1,IEDB_bcell
YYLSMEENTKNGVARLA,1,IEDB_bcell
CWTQLHKDMKLVIAFRTLEH,0,bcell_shuffled
IEDLLFNKVTLADAGFIK,1,IEDB_bcell
WIGIFVDTIPGTTDQYEFY,0,bcell_shuffled
CNAMCMFLWNRMRSA,0,bcell_shuffled
NSQVMETPWHCKTWEYVCDDGWEY,0,bcell_shuffled
EVVYHCSGKHWMGQKK,1,IEDB_bcell
CRTHCLSWPLWENWIA,0,bcell_shuffled
PGQEQSDFISMWHYQLQEIYRE,1,IEDB_bcell
DKIEDIKDGSIEKLKSIFDK,1,IEDB_bcell
HEWTAKQHDFTNGGLWEDQ,0,bcell_shuffled
AWWKWAAPVISGYCDYKCRPWD,1,IEDB_bcell
MFYPIAAEERFSNDVF,1,IEDB_bcell
CYPYIAWKTNANIKKSTSYSC,0,bcell_shuffled
AYTFFRSYNHCANTMFYHVGP,1,IEDB_bcell
FVPPSMHNCKVALRRPPTFMYY,1,IEDB_bcell
QQQFKEVTVWCFDPLWD,0,bcell_shuffled
IVGTTCKCRMMLQPISQIARPNTSH,1,IEDB_bcell
GTDTYYAWLYWTRKYCGW,1,IEDB_bcell
PMIDMMGSNITENVV,0,bcell_shuffled
CVSWNWDIMFMWFYFWYK,0,bcell_shuffled
DHKEDRNEDPAEASRMLSMAKYGEA,1,IEDB_bcell
FPWFEICPYAATDMEPLDYQFMRHG,0,bcell_shuffled
PWDESTSTLIIGDWYCTAVA,1,IEDB_bcell
LGTRECQQSCHKLIE,1,IEDB_bcell
NGYKMQFRMLNGTQLHVGLPSEGS,0,bcell_shuffled
FHCGWWDRTEHCNNWLVSEW,1,IEDB_bcell
CFTGRLYPVHYFGALYD,1,IEDB_bcell
WMHKQRPNAENERRVDRM,0,bcell_shuffled
AHHPRDAIYLEFKRPGMKWATAVWM,0,bcell_shuffled
MYQMSIYAIHCFGCDIWYTR,0,bcell_shuffled
CCSKPHHDFQDSTTWEITPIQMQR,0,bcell_shuffled
IASYLESFQLQQESKQGCP,0,bcell_shuffled
SAQWSRVASRWRETNMCPKVDKMV,1,IEDB_bcell
YPERECLYMGKQTYWST,0,bcell_shuffled
TQWDSIQSPNRIMHSWGWGGICCL,1,IEDB_bcell
IYEVGNHGTVYIAGVDEYPDSP,1,IEDB_bcell
VNWMMDASIWWSRVMEPHD,0,bcell_shuffled
RPEWTHWRCFCAVFAK,0,bcell_shuffled
CPAIPNEQKANGIDQVFVIIPHFD,0,bcell_shuffled
GISMVAIVREVPMHYGNEE,0,bcell_shuffled
FVQFARHYGSWSYQYYI,0,bcell_shuffled
CAPTQQMVTTMSCMNCPKLLKTP,1,IEDB_bcell
PCPEAECPHACGLIQQCR,1,IEDB_bcell
SSNDPWFPVDHCFCW,0,bcell_shuffled
ICNNDSSSATENVPLLA,0,bcell_shuffled
GRMMYNISPKHWQTNQCELD,1,IEDB_bcell
RSEFTQCPVCHAAQQGECEESASH,0,bcell_shuffled
WFLQKVVPWWGHTNPT,1,IEDB_bcell
RIPYRVKIVLFTSQAEFNAQYQT,1,IEDB_bcell
DCIAPIETASGEHKCGHDMQ,0,bcell_shuffled
SEKLTEPCTMHRHVFSHMK,1,IEDB_bcell
ILVERKFTIQHPQSK,0,bcell_shuffled
GCVVLYLLIRGPYHVQPQYDDKSM,1,IEDB_bcell
WRNEKTLTIWHTSCRKFVVW,1,IEDB_bcell
RPYTRCCFLPIMDCALCYKKDRLA,1,IEDB_bcell
ANMISDITNRNLKQNWTL,0,bcell_shuffled
FGWQSCQGVEWEPSS,1,IEDB_bcell
PKKDTHILYHTYRHWVQTTMQ,0,bcell_shuffled
VSPDQWAIAQHTHVLCADIGAKG,1,IEDB_bcell
SYFIKNWMIRQNQMCRVPDKN,1,IEDB_bcell
ASTKTGQRLGVIFDYGLTF,1,IEDB_bcell
VSWWICKHITMMAMPPAMPC,1,IEDB_bcell
GHDVPVTQSVTCSVCDVYNYM,0,bcell_shuffled
WTIPACIKSCAHTEALHYYADEP,1,IEDB_bcell
EKCSYQHFKYELWKAHN,0,bcell_shuffled
GPGRAFVTIGK,1,IEDB_bcell
LHNFGMGYWKHKPASMSQN,0,bcell_shuffled
HPMRNNRKVDRMSGDHWIHFVP,0,bcell_shuffled
WVKWWGFEVLCKVSFWSICHFQKWW,0,bcell_shuffled
KTREHAYKHFRWMFAINFRDSNCWN,1,IEDB_bcell
LGECAYKDPDGPPNC,0,bcell_shuffled
WTASFWNFPMSLPYHIVHEKG,1,IEDB_bcell
ICCKFRDCDCSATVKKV,1,IEDB_bcell
DLALTARLNKCSFWDHTQTRFQL,0,bcell_shuffled
AESFDYDTRYKMMYNYAAWH,1,IEDB_bcell
HFYEQKWGGKTECAPWLER,1,IEDB_bcell
HGEECFCSKPTVALWSELDWN,1,IEDB_bcell
RGFFKKSSQADDTVYHYTYVNV,1,IEDB_bcell
ETKLGQRNTHYISKFEMHNVIH,1,IEDB_bcell
KADKRNYGQVNVIDLNLIQTN,0,bcell_shuffled
RYCLLYWSLPHEQLWP,1,IEDB_bcell
THTCDETWGVRMSEYYL,0,bcell_shuffled
YHPEIHDSDAMDSETSHMK,1,IEDB_bcell
WIMKHDIYDHHIPFHPYHTRQS,1,IEDB_bcell
TTKWWHTHPIMEPPP,0,bcell_shuffled
WVSQEANQKDQWACRK,1,IEDB_bcell
IGSIGHYEEPYGNDVPAVVDTY,0,bcell_shuffled
YRWRNLMYKDNGKKGF,0,bcell_shuffled
FNNFTVSFWLRVPKVS,1,IEDB_bcell
GCQHIVPIAQFWNHPVY,0,bcell_shuffled
CLHKGFVGHPWDDSSIPY,1,IEDB_bcell
PTWQRDGCVDYIDELGKQYICKEE,1,IEDB_bcell
GKIQFQIATICAMMLMTFWPHK,1,IEDB_bcell
PVHHVYCYCLSAPRKTWMV,1,IEDB_bcell
CCLVKNPLLYWDGPWRQCQGWWMT,1,IEDB_bcell
AGDYTKTCDNYREIR,0,bcell_shuffled
EVWINYCKWKVNQDVHVVGTDIGK,1,IEDB_bcell
RDGMAGHTNKPLPTSEFCTW,1,IEDB_bcell
RKPTSSNACEWVISQP,0,bcell_shuffled
PYTIIHGPVRMIFDRDHARWLC,0,bcell_shuffled
GFCIIVNPSYGWDFI,0,bcell_shuffled
KMDYYVFKKPDVVGKE,0,bcell_shuffled
LDIMWINGNWKYSQWPTYNGG,0,bcell_shuffled
IFSRLCNVHKRAPCGMKYS,0,bcell_shuffled
VEFRYSYMQNWVFSFMGHRIT,0,bcell_shuffled
QSCRCIELQAWFTFWWMFPM,0,bcell_shuffled
CQAHLQKWALEQQCWLRWFMPCVGM,1,IEDB_bcell
QHNTDHMFSWFLEVRWGAET,0,bcell_shuffled
MIMDIETTDYQFVWCENYN,1,IEDB_bcell
VLGRYWCIFSHRHHIYNIEQRC,1,IEDB_bcell
WMLGLKDWYPFCIWYKNFYFFKML,1,IEDB_bcell
MPRFCQSMDPEVVMHKQGA,0,bcell_shuffled
FSKFCKKMSMHILHDCI,0,bcell_shuffled
CDNCQCTNVPHIFASPKCKPPDY,1,IEDB_bcell
WHPFAFLERWIAMCWIKDYYKM,1,IEDB_bcell
LNHRFMMFMRIIERQFKKDRVAA,1,IEDB_bcell
QVFLEMRECKVVESFVDHMM,1,IEDB_bcell
HSVCKQEFHPLHFYIHNSFGHIAMP,0,bcell_shuffled
RQYAYMPYWVVHDRIKNFVL,1,IEDB_bcell
SAEGCHPFVAECTQCQEQESAHSR,1,IEDB_bcell
DNFASNKHRAMLKMHKMYVHS,1,IEDB_bcell
KEYYDTVDNKTRIFDVVKIYYHDT,0,bcell_shuffled
HHVYVAMDKSDYDYCDVTQEKPNQ,0,bcell_shuffled
NDLWPYWLILHRNNY,0,bcell_shuffled
GKTGEAKWMLHYYKMKRNLFHWW,0,bcell_shuffled
YRAFCKFIPKYLLVCMTMEI,0,bcell_shuffled
DIKHYPYEIVVCFCRDMTCNC,0,bcell_shuffled
ESHNGRVCKTQDYNSKEGKVIRME,1,IEDB_bcell
YVANIDPYIIQYRFD,1,IEDB_bcell
YPAGVCWDKRYCPWDKWSIAWA,0,bcell_shuffled
DSKCSRRGGCVYQWWG,0,bcell_shuffled
LRHTGCLNWNWFHRFVWSHG,0,bcell_shuffled
KTWVMFDRESYKAHQEYIFF,1,IEDB_bcell
SWLAYQRIYSHNACAQKC,0,bcell_shuffled
QYGYFIYLHPAVGCHNMNQ,1,IEDB_bcell
VFQELDFSTQERNWPKW,1,IEDB_bcell
GHGELVNFLQDIMWTILP,0,bcell_shuffled
ARYSQYVWIWLQVWTMFKQRMMKL,1,IEDB_bcell
GKFYEPKWAPKSAEH,0,bcell_shuffled
NTHGFGRTGPPSPDWMLCRLEGAS,1,IEDB_bcell
SDGKICFWEHMQYHHIHDKGFMQ,0,bcell_shuffled
LAYEPFLDQFWYFAEMDHETYGYTE,0,bcell_shuffled
MSIRKIQVRNKVISTEFMF,0,bcell_shuffled
TYCGSINEVKFRGIYFKFEGW,0,bcell_shuffled
RISEYNIMSVIGKQDINM,1,IEDB_bcell
LDLPMNEPMHRRYASEKQIYHHF,0,bcell_shuffled
KPRYWVQWMNLGHVIHRISHVTN,1,IEDB_bcell
REHREMWLVFEWRTHVEYLPWCP,1,IEDB_bcell
NFWFNRGPYSCPTFK,1,IEDB_bcell
CIIKCVSFSYSRHSMRRA,0,bcell_shuffled
LHCYPTINRKWFIQSPLAG,1,IEDB_bcell
DACVGCVVMWTIQFREHFMDAMK,1,IEDB_bcell
NFKWTWMGMGQEQDEFPNPDAV,0,bcell_shuffled
NYCQEQKSLGYLIGTKAVIYEGRH,1,IEDB_bcell
FKNMLIKTTSPQEYF,0,bcell_shuffled
HVYLSMFQYYIWEEGGDKLCGTFYK,1,IEDB_bcell
KAPTGAAQMWMWTQMVTG,0,bcell_shuffled
ALVFENRPARHFNRKTI,1,IEDB_bcell
DRKMCMGLLTATEAPPWWK,1,IEDB_bcell
AWENKLDHSRFQSQTTPEEDCFQQM,0,bcell_shuffled
DFFKCAVMYHMPGVTTP,1,IEDB_bcell
LEIPFTQEIHKQQTLV,1,IEDB_bcell
YSKQEMYMINNGKQEHISSD,1,IEDB_bcell
EACNDRKSTSLCYQDQ,1,IEDB_bcell
KWNDGGELRFAWCIRDIPITS,1,IEDB_bcell
GHCSYTMRSSKPYRFHE,1,IEDB_bcell
KNTHHNEDDDWGVVWEP,0,bcell_shuffled
MLVPMKDCWNQIHWPWRCD,1,IEDB_bcell
WPFFIMIRKYWNAVISEI,0,bcell_shuffled
MEICVRHWTFAKWIVIH,1,IEDB_bcell
ILFKEDWLFESWMYKNGGPFGYDCI,1,IEDB_bcell
QYYPTGVLARTVHRPGLPERHG,1,IEDB_bcell
TQDKVICVNIRERDWARHLPILFP,1,IEDB_bcell
TKDDRRWCPNNTPQLHVEWGWP,0,bcell_shuffled
QCKQGHDGSHVMKDNVNHPVAE,0,bcell_shuffled
YKNESQIGYNMIQKEDSMSH,0,bcell_shuffled
ENAADQHMACVQWPR,0,bcell_shuffled
EEHLCWRERFCRPAQ,1,IEDB_bcell
TRYALYMFYRGENVAFHGLTDDTRC,1,IEDB_bcell
NGVWAFFWIRILWAY,1,IEDB_bcell
YPSDNQPIKKVMSPP,0,bcell_shuffled
EWNMHAWVTHRIEHMCELRTQLDPY,1,IEDB_bcell
MCVIECRHIIMTCPMHQLHDIWP,0,bcell_shuffled
FPWWLILYKQWFVCI,1,IEDB_bcell
QGEAFWYGIFMQWNTTYHM,0,bcell_shuffled
SSEFYNKPRPRWHAFEDVADAIELA,1,IEDB_bcell
IEHQPCAMNRKTVPFHGDMS,0,bcell_shuffled
STTDHEFANHEAGEPTHVAGPCRQ,0,bcell_shuffled
GFVERPKQDATQTVQH,0,bcell_shuffled
MDKNDHATNMDHVKWWMTKTQ,1,IEDB_bcell
MSRERTNGTWTYRNHRWCTC,0,bcell_shuffled
DEQMKSSCTFEHHLMPLYDQDQHS,0,bcell_shuffled
CNVNRSTKQVGWGELKWWPN,1,IEDB_bcell
SYQRQTLSMQGMLYIWFYTAND,0,bcell_shuffled
ITDSPADYVQVICNWHMFVIFSMW,0,bcell_shuffled
WQHSLTLMTMLTVRHDNDHPTFCG,0,bcell_shuffled
MAKFFWERGDIPFNVVP,0,bcell_shuffled
NCNGGQEAINNMMLCWCDF,0,bcell_shuffled
IVNVFINIGSKPFLPQQKNEGGQ,0,bcell_shuffled
WNEIIWQQADIMECITYG,0,bcell_shuffled
FDEDERMPAPFQDNYEW,1,IEDB_bcell
GQGQTKIWTPAGCWAPPVTFWPS,1,IEDB_bcell
DQDFNHYEPQEVDFTQVWAMS,1,IEDB_bcell
QNEVTSWDMLSAPRLIIPFQFHK,0,bcell_shuffled
GSDWGTCYWWPYAYLCTWTQE,0,bcell_shuffled
DRFWLALDAGEFMNWKYMYFA,1,IEDB_bcell
WMMTTGMQQAWATKVAGP,1,IEDB_bcell
KAHRPTTETQDNQWSTW,0,bcell_shuffled
GIELEVKKGNNCSCMQC,1,IEDB_bcell
TGGVMRYDYWWIGCVAPMY,1,IEDB_bcell
CCSDVIRRYIHFRVPWKAQAGNASC,1,IEDB_bcell
PGQVCSHYWWKKHISQPEQMYL,1,IEDB_bcell
QPGGDVNRIYDSVVKWEN,1,IEDB_bcell
RWSPHLQGIIEQHTPLMYTIDVAHF,1,IEDB_bcell
EPGKDWHWRLAVTCSGVEEEDWV,1,IEDB_bcell
GRAPTAYMVHCSYFNFHFTYN,0,bcell_shuffled
AWFSGEMKKDEVSFGFNTQYER,0,bcell_shuffled
VPLLHYDEMNREEGT,1,IEDB_bcell
QTTPSYYLQWIWVQEKA,0,bcell_shuffled
CGAWYWWMQYEHCFMYPV,0,bcell_shuffled
RQGSGLNAQHHILWDMDGQ,1,IEDB_bcell
GIVGDRFVCFTSADPKIANH,1,IEDB_bcell
DSDIDSPPYKVNGKACYEKHTCTF,1,IEDB_bcell
FMWWWRINFLCRPYPLNTDYWEGPS,1,IEDB_bcell
VRQKEVMFMVLMECSEVDHF,0,bcell_shuffled
LVRWNEVCNQRSYPHLQKFFQT,1,IEDB_bcell
IDSHWCHFEPFEPRQDDQRLQNMWR,0,bcell_shuffled
IDVTGPIASFMNPTWRWGH,0,bcell_shuffled
IQNGSKSTGNTTSTYIDKEK,1,IEDB_bcell
HWDLHTQQIIDAFIQYNPY,0,bcell_shuffled
YFHMEWAYSGMHNWESVQWCC,1,IEDB_bcell
MYTMAQWHTGQECRVYWMVM,1,IEDB_bcell
VDQLVRRCAKTIYES,1,IEDB_bcell
WQDSSKKDMNHHTVIQPWETG,1,IEDB_bcell
ECTQLTIRKCALAFLFVFC,0,bcell_shuffled
LAQSPSLKYISQPAWKTVYCGFYG,1,IEDB_bcell
DQLVLIQRESNTVYHGLPQPRQKNY,0,bcell_shuffled
MTPQSCWIGMFLWALQWPEDMRFAK,1,IEDB_bcell
VNNLQINWGENSCAKDNTCCE,0,bcell_shuffled
RKQEQDWWCSEFQDFYLHTQ,1,IEDB_bcell
KKFLPKMHMIVGDKAPCPGYN,0,bcell_shuffled
VNFTQNFPVPIWCIADQFAIK,1,IEDB_bcell
QKSYNRHGKMIFNHGWSNFVFTS,1,IEDB_bcell
ETIANPMGWTYDYYQWFTLMPT,1,IEDB_bcell
RDPVQCRSCDRQIWINGCHTV,0,bcell_shuffled
NEDLVPPPHITHQHFAGVSIHFLL,1,IEDB_bcell
GLHCTMQYNQDFPEG,1,IEDB_bcell
DMPAVAKVMYWGQAAEEL,1,IEDB_bcell
PDREENYGNQVMFTPPFG,0,bcell_shuffled
WCCGIQTPGARCTIEPYM,0,bcell_shuffled
SMFRLEFRNIPSYVFG,1,IEDB_bcell
CHFCNDIFLEWDGFLY,1,IEDB_bcell
PLSCHSDAEKWHMQCVYF,1,IEDB_bcell
YQSHGDNRKGISEDW,1,IEDB_bcell
LYKVKFEHIGCNAPDMQHLEMSQ,1,IEDB_bcell
QTLNAGATDYMAWAVEQESCGNS,1,IEDB_bcell
PVQSSIMKVEWRSYKNSC,1,IEDB_bcell
KSHMSDFRWPYAAYICWQGEL,1,IEDB_bcell
WQNRHPRKGKGDHVEVIDH,1,IEDB_bcell
QNQNRGYAEITFGHLDVPV,1,IEDB_bcell
KMEKQDHKRSYQQCSEPIVCHD,1,IEDB_bcell
HIVIDLRNSNMNPSNISYEG,1,IEDB_bcell
KYRHWMIAPWLFAWEYCKMFDI,0,bcell_shuffled
CQRSMIYTSPWYECLSPSEHEI,0,bcell_shuffled
YEIWEVWAIREMTVTPIKCNCP,1,IEDB_bcell
DRKMPIVYDSKKFPRDMCSAV,0,bcell_shuffled
YKIKKGEIPYGRQYSSHYA,0,bcell_shuffled
CKCFNDDYNICLRWGMTI,1,IEDB_bcell
YNDPTAWTHKLWRHI,1,IEDB_bcell
INYMNIFLHWRYDTWLM,0,bcell_shuffled
YDLIRCKDPHYITFVWMMWVK,0,bcell_shuffled
SENVDAKQIEGKLSKYVYNG,0,bcell_shuffled
HQGSNYENRNKHFAELFGRPPSMFE,0,bcell_shuffled
WHCYVCHKPVMDMMVGDTTEWHV,1,IEDB_bcell
LNDIYYHFAGKDFCVCWQNKRH,1,IEDB_bcell
MCMWEPAVNDIMGCVMQQAGCT,1,IEDB_bcell
LCYSGGYGHIQQKLVKAYRNIETE,0,bcell_shuffled
HSPMRGQFWSQEPISSMHCISD,0,bcell_shuffled
LQFPIDDYTHMWWAGDIWSP,0,bcell_shuffled
VCLFHESGILFQMTYKWGYKDYEYG,0,bcell_shuffled
STSDMKQRADEEFSIRDGNFRKI,1,IEDB_bcell
QNREWTTCVCFHERLEYMQQTL,1,IEDB_bcell
PFGVADRINCFVADGSTHIK,0,bcell_shuffled
WPMALRHNPLMRQLLCVMVMQV,0,bcell_shuffled
LNMHFARVLGADLDARDYLFV,1,IEDB_bcell
WAWLCRHTWNLECISP,1,IEDB_bcell
SRNLPKGHIARMSFKYCVC,1,IEDB_bcell
YQFVDDCYSMIYRTVVGN,0,bcell_shuffled
PAPCRPWKRCNLADTMANP,1,IEDB_bcell
REYTCKNQDVCQQIF,1,IEDB_bcell
MKANAEMFSRHYYYDDWYTA,0,bcell_shuffled
FPEWTWNRSDMNREDEVAIPRFLW,1,IEDB_bcell
EGDFVFNMNDHMSCQ,1,IEDB_bcell
YEFKPHFQVILTNVGPADQNSG,0,bcell_shuffled
KLMGWRTIWGESERQ,1,IEDB_bcell
QSQTIMIIKYKVDINYSHWDHECV,1,IEDB_bcell
KRAMMCPKAWDQQGK,0,bcell_shuffled
NVVGNIRKELIVDVPLKKI,0,bcell_shuffled
TMLRDKASPSTYPYMGNECEA,0,bcell_shuffled
NDLMIESQIEYIGISNNV,0,bcell_shuffled
NAYDHKVILVQPYVVVMYNIW,0,bcell_shuffled
KTNPENQTEATQQICGLT,0,bcell_shuffled
EKAVTVYIMRCDSCPCAFM,0,bcell_shuffled
EEPAKDGPGCLKVYCHMARSRTKCI,1,IEDB_bcell
MKGKMVEKMNRIWYPY,1,IEDB_bcell
EQMFGLGIRSSVGCFCRYNGCV,1,IEDB_bcell
TKNTRIEPHHWMCYTRM,1,IEDB_bcell
DLRRTHHSGVEFYYKVA,1,IEDB_bcell
TVLVHYIRQTCHSMWEWGPFKRA,0,bcell_shuffled
KFLSRIWNVAWYKFSKEYATHY,1,IEDB_bcell
WYQNDYQMPTDIFQSWE,0,bcell_shuffled
DEAHQFSHPWYDWTCAIKTV,1,IEDB_bcell
GRVFNQCMMWWYGACIGCQS,0,bcell_shuffled
EITKNVWHLYDNVKVGTNQ,0,bcell_shuffled
CYNAQIQKIAWYTAMRYWKTQ,1,IEDB_bcell
IIHTVRCTEQLPYMFQNWIM,0,bcell_shuffled
GTGWNHTYKCGLSASVDCWTPL,1,IEDB_bcell
SYFQATFLEMDEMCNSKWRM,1,IEDB_bcell
YLFTGHCKGIFCLMRTYLNALSRTL,1,IEDB_bcell
GQFIDLNHVKCEMWC,1,IEDB_bcell
KPGTFYYPNYLHADHANYMAQWCVY,1,IEDB_bcell
VVTRENGWKIWQFHFFPAFFWR,1,IEDB_bcell
NRAYMCTCHDKTFRMNATVSQW,0,bcell_shuffled
CVRTQVRCCLYTAHVNSN,0,bcell_shuffled
MQWAIGGEMVREMPSFWIGMIND,1,IEDB_bcell
RGEKWQYIPNDVDVGNSV,0,bcell_shuffled
MHPQIRTEMWVSDTT,1,IEDB_bcell
RTNRVINMDIVGDMAKLSKKQEI,0,bcell_shuffled
EPRLGNWYAVMCACNQLQNPTFW,0,bcell_shuffled
THNQNQMSLHELTHAGYGWH,1,IEDB_bcell
MSMEHFAAWPNGIIIDVGHNAPP,0,bcell_shuffled
FWLTWKEMNQQFLTQ,1,IEDB_bcell
MKVRELMINHMPNHDGSYRPVNVLN,1,IEDB_bcell
FKFIRSVWFGVWLTIKKQ,0,bcell_shuffled
GCWHWPWAQCVRPDEFGIDIEG,1,IEDB_bcell
WTCGGLTPWCWSWAQTYYEDY,1,IEDB_bcell
VSNTFVGYECSLKLTMDEKVNNF,1,IEDB_bcell
MLDWMRYWVKNITWHN,1,IEDB_bcell
QHPMLFCWVLYMDWGEPYWEL,1,IEDB_bcell
IRDGNSQTFIFDDMPTAFVCF,0,bcell_shuffled
DHNQWWYMFKTRTFCGAMEYNYA,0,bcell_shuffled
GFDRNGFGTTFNQEEYGYLHK,0,bcell_shuffled
CQCANEFWEAHEGCV,1,IEDB_bcell
CSELHHAWDWRNHSVRD,1,IEDB_bcell
QKHHAWHELECAWRPYYGRMN,0,bcell_shuffled
PEDRNKGTFARVIMLCQVLYPR,1,IEDB_bcell
FEDPPTVNNWDPTGVNRAWH,0,bcell_shuffled
VCWGEQFFTTLDMTRCWFMWPLDFG,0,bcell_shuffled
STLNSCGKCAHYQHDIAY,0,bcell_shuffled
LLRTQKEKIWAWYAKFCF,0,bcell_shuffled
HMQFFRYDGMIPGPK,0,bcell_shuffled
HIDIGVWMIHVKDLCWVKCKF,1,IEDB_bcell
GIVWVVNKDTNGIHIRQGGKTNW,0,bcell_shuffled
MIWAFKEGTANIADGE,1,IEDB_bcell
KQYYTLTERDWYPAYEE,1,IEDB_bcell
QRNWWRWSNQVPQNDLVDFEMMT,1,IEDB_bcell
RNHRFVRYKQEKSCNYL,0,bcell_shuffled
EGYSMFFSLFNVPIRR,0,bcell_shuffled
KNIFHDWGEPEHRRVTIGFSTMHQ,0,bcell_shuffled
TDKTKHFYYYRIDKIVENVYVTDD,1,IEDB_bcell
RWVKQNSVGLIRLNIAAYR,0,bcell_shuffled
NWFQNALEYTEYPLNHM,1,IEDB_bcell
ENVHHQRMKAFHRGNI,1,IEDB_bcell
CTFSCCCKDADKKVIRV,0,bcell_shuffled
LNVIQVCQEAYQERYVSM,0,bcell_shuffled
QKDEPDVFQCWFWTVLQ,1,IEDB_bcell
MARVMDAYQKDGTAMWAFI,1,IEDB_bcell
RGVDRIAGEECRGIKNNWSIGLWHC,1,IEDB_bcell
NEWQFKFLGEKYNECCHLD,0,bcell_shuffled
RWDVYMAGVAIGSTFSDFYWE,0,bcell_shuffled
KTGNLFLIVADIAKDLFE,0,bcell_shuffled
MAVFMFEAPEMQTRIHEVRTPY,1,IEDB_bcell
DGDLPWSESPMVKYDIAPMFNSQ,1,IEDB_bcell
FLQRVGQPRKCYHCAWNRTIEF,0,bcell_shuffled
ATIADIKPPPWGQHDIR,0,bcell_shuffled
DCTANYMDGWGTENSV,1,IEDB_bcell
MMYICMHDNTQLDFIYCC,1,IEDB_bcell
NNMSLGNCRGTGQYTHNNECVGPFR,0,bcell_shuffled
LCMQYKKQPPRECTETPKFGGMH,0,bcell_shuffled
EDIMCRMNDRLPMVTQ,1,IEDB_bcell
ADDWNFQLSFMWHVWDLNPLPA,1,IEDB_bcell
KMHTEYDAWHYYNPNKFYRQDGWK,1,IEDB_bcell
VVDHYPDNPMSYTYKLDMATYI,1,IEDB_bcell
CEPHLNFMHWWCVHIRECPYI,0,bcell_shuffled
QNFNFEMMMVDHACMNPRTFCSSL,1,IEDB_bcell
NMQCMQPQMSKVPYNERHAVAAYV,0,bcell_shuffled
YTSMWLFRIHKWRGVVHPCTEAQ,1,IEDB_bcell
VYPNFRMYGNWMAMY,0,bcell_shuffled
NCCQVDHSPHEKHKSICD,1,IEDB_bcell
RQYMLWIFVMQPPWFGYQGA,0,bcell_shuffled
REKFPGIAEAHVSRWFACITCD,1,IEDB_bcell
QHQELLIQHMWQFSQPLDN,0,bcell_shuffled
INGCYCCFWKVRQFWHKYIL,0,bcell_shuffled
INGYPLKVQWLELSGNTSFI,1,IEDB_bcell
YWPGHTDVGTNACWCSTLGSKL,0,bcell_shuffled
EQHQSAWMLCEEVCVIAQNAHH,1,IEDB_bcell
DPVNCWCDVEKCKHPGFLC,0,bcell_shuffled
KSYENNGYPMIPALYQRHMWGSG,0,bcell_shuffled
AWNYMKNHHWFDGHVIVIVYE,1,IEDB_bcell
PALQPRKHLCGVICNGLPN,1,IEDB_bcell
YTDLLHCFHFFQLDMCPHGFNGSC,1,IEDB_bcell
LDINVKAGSPPRMHFEGQ,0,bcell_shuffled
GKTNIDLPHQETFLHC,0,bcell_shuffled
YPRKAYCRRCDCLTDAMLPIFCKL,0,bcell_shuffled
AEGPDWKCFWTSSLCHLNEVE,0,bcell_shuffled
QDSPKTACEGHCHIAEDMGI,1,IEDB_bcell
EAYTIFYFCLWYSWHFSLRLSEIMK,1,IEDB_bcell
HVDGANDDVQKASRPNWIH,1,IEDB_bcell
FCPSHHIQTVDCPSRMQNTKGY,1,IEDB_bcell
WCMPSWTCEWMDQKVWCFFN,1,IEDB_bcell
HKVLFSHIMEPGPVIIGMFK,0,bcell_shuffled
FSPIHQAHCFPKFHVLGHYHSENMI,1,IEDB_bcell
WHNTSWWNLCEDVRCEHWFG,0,bcell_shuffled
NEDNSSFSLNYNIFTRCSLWCW,1,IEDB_bcell
KNADAALHHPPYNFGYDVYHTC,0,bcell_shuffled
QGEELYHQSSECKVA,1,IEDB_bcell
CEEKCCKQVVCHEWDHLHVH,0,bcell_shuffled
GLSAELNEVDGVNHFRAMVENT,1,IEDB_bcell
QFIKYAANPGRYELAGR,1,IEDB_bcell
KCMAHNQGELIYRPYYIHTRFT,0,bcell_shuffled
DMFWEGQTLMCDDVHD,0,bcell_shuffled
VPCLIQLMQEMGWPDKRDE,0,bcell_shuffled
FMFHGHMGIHQICWEYDKKDSHQ,1,IEDB_bcell
WGMKPMDLEFWSGLPS,1,IEDB_bcell
INLSTCDNSCFEWNLSYWSFNR,0,bcell_shuffled
KGAKSVYGYTFSMAMWRGFHPMSE,1,IEDB_bcell
LYQHKFAYIAAYHPFWQGDEIGLY,1,IEDB_bcell
FMRVGYCKCPGMSYQATA,1,IEDB_bcell
DAAMVTMKCDHENHRGPFRRAHKGD,1,IEDB_bcell
TQNGRDYGMEWVEIHRI,0,bcell_shuffled
DYKPTVPECTNGDCFSDYHSKKIA,0,bcell_shuffled
ADQHNIAMGMQKNYLLDKEQ,0,bcell_shuffled
CPWNESCHYMYGYALWCQ,1,IEDB_bcell
STTMQACMSRTQSNK,0,bcell_shuffled
ERAETTMIIFQTYYVSTCQW,1,IEDB_bcell
QYTTAAICNWGAHPA,0,bcell_shuffled
RIEGQMYIHFVWTQIEPT,0,bcell_shuffled
QAHCVGLDKSGFNILNYGSMRWA,0,bcell_shuffled
ASCERQAGSKEQNEIDQY,1,IEDB_bcell
VHHYCCNRIGDPHTHQWEYVVIC,1,IEDB_bcell
RATRNYTVHPWMWPKQKK,1,IEDB_bcell
GMVCKGRGSHQEYVYGNCWS,1,IEDB_bcell
QYQMTWWEGHLTGDWVRDPGPD,0,bcell_shuffled
NRPRGTLNPIMEYDGECSYTLLA,1,IEDB_bcell
GWPLWCIHAICGMLRRWGQ,1,IEDB_bcell
VRTAQYNNHDHCVNVK,1,IEDB_bcell
GFNNGNRVMLWIPRQTRCGRSQTG,0,bcell_shuffled
ELKMFTKFASFCCFWDLS,1,IEDB_bcell
KELSRLKADEIQKFAYWELAQ,0,bcell_shuffled
RNTQVWHEDAMMPENKFT,1,IEDB_bcell
YEVHHQKLVFF,1,IEDB_bcell
KYRQIECYTILNFGDETHRA,0,bcell_shuffled
CYGHYIHTCQCTHGNAIGCYWH,1,IEDB_bcell
YFPDSLKYKICEACWMDDCASYVC,1,IEDB_bcell
EDCMWGYHWDTCPKMHVTVMVHV,0,bcell_shuffled
TRQQMAAFQCIYLMDCFIIR,1,IEDB_bcell
DAHPKFGQQAQGFWY,0,bcell_shuffled
WVWVGNGHCKPQNKANTFGVCMIFE,1,IEDB_bcell
RHIKIWLMTLRDKYTDERWAQSMNT,1,IEDB_bcell
INRYGARPEAYVRWCDMSFLHC,1,IEDB_bcell
QTCNVDCAYVMYSQIC,0,bcell_shuffled
WHGTNERWLKMAYMGYLFKKKHW,1,IEDB_bcell
VGDRQFGTVHMLARIYDRWGWTYT,0,bcell_shuffled
HYAELWGHTHMTGLSHQNNQ,0,bcell_shuffled
GDCWFDCCEWQLNMEN,0,bcell_shuffled
LYHRLPHPCGYSVMEPP,1,IEDB_bcell
LCMAWSIAANVKDPPFIHGMCADG,1,IEDB_bcell
QSIHHDINRTCQGECERDSKWG,1,IEDB_bcell
MSHQLCGMGMPSDGDDCVRNGNMS,1,IEDB_bcell
WKVIDKRDVILRCRILQDM,0,bcell_shuffled
CLEFKTYLVTSPYHRNWAHPQNW,1,IEDB_bcell
GKIPICCCRQTQSMPIAW,1,IEDB_bcell
THTHRNKYWAMDYPPRRRF,1,IEDB_bcell
SLNHIPPNVWLAVKEH,1,IEDB_bcell
HYIPDPSTFHGQMHSPVSKEFQTLQ,0,bcell_shuffled
TPLDVTREPHRLCGEMMQMYMDC,0,bcell_shuffled
WNNDSPYLANNAWCKYRE,0,bcell_shuffled
KDLFQTLSREWNLFLSWKYGDT,0,bcell_shuffled
CHVRYCFPAAEFHLKWYFWDFAHI,0,bcell_shuffled
ESDDTKCYETPWNMYEVHQWWGCV,1,IEDB_bcell
LMVGLTSTDRPIDPGFTD,0,bcell_shuffled
ELESNHWFYTKWVER,0,bcell_shuffled
QVWYAWYTELKITQQPS,1,IEDB_bcell
HYHWQSEPTMQHCTPSHHYYSML,0,bcell_shuffled
ESRLNYEYNGATLMVAK,0,bcell_shuffled
SERCWMFNAMQTYSMELDKF,0,bcell_shuffled
QEVGCCYTDKLRQDWPDGKEEIIY,0,bcell_shuffled
GFDLLCYEACVSARIEW,1,IEDB_bcell
NVMQSQVTKEASPAF,0,bcell_shuffled
ICGMWFEAQCTEHWTGIPNAWPA,1,IEDB_bcell
ADNYGYQTCFCPLFREPM,0,bcell_shuffled
VTNFELVASLIPREELAGNGMI,0,bcell_shuffled
KHLTCQPCKYQTSFDN,1,IEDB_bcell
PAWIMDYTVMGWGCGRYVY,0,bcell_shuffled
EPSWQGYMDKYKVHFSKWMNDSDNT,0,bcell_shuffled
TRESKSNKFEQNPYTTDNKFHMVC,0,bcell_shuffled
SDHYMNYKADVHGDKVC,1,IEDB_bcell
NAQWTVVHYLAKMDHQK,1,IEDB_bcell
LYKQVHIMGFDQHEHTSQPFTSPSP,1,IEDB_bcell
YYHNMSKMSWDNRFPTGQARGV,1,IEDB_bcell
HEQNLNTGGDADGDGSFEYFAVG,0,bcell_shuffled
HFMVLQHDQLRRIHQQAHNQVMF,0,bcell_shuffled
DKFMQFMPHNFEVPMNTQKYW,1,IEDB_bcell
LQPHIMEINNHHFISLVL,0,bcell_shuffled
RDCDGFFDKAASTFQPWGLGLF,1,IEDB_bcell
VCMIETCYFNICHYCKRDPDV,1,IEDB_bcell
RKEAMRACNAAFQYGTIKYQRN,0,bcell_shuffled
RMNVQANHHTIHEINCRW,1,IEDB_bcell
VKGHEPPGRNLLWWCGHCR,0,bcell_shuffled
WFHGMRYPSAPPQKYCMAQKSGSYP,1,IEDB_bcell
SVWFYMRTAAYTAMQMLA,1,IEDB_bcell
SVRCLIQFTHCVPNSM,0,bcell_shuffled
EVKPHATADQRGPLA,0,bcell_shuffled
IPPRPWSDMCYNRFNEYWFLGWWLT,0,bcell_shuffled
IFYWKEIAAMFDYHH,0,bcell_shuffled
RPYEMRTRQDMGVDLASEPWC,1,IEDB_bcell
YWDEWIEQMCLNDSIISLMMSL,0,bcell_shuffled
AEPENTHRKHAHSWFEPNSKY,0,bcell_shuffled
RFENRVSGQVNKANVGYSTIVRPTS,1,IEDB_bcell
VTYGTFAILKDTMMLNMAKNL,1,IEDB_bcell
QCLYAPSGCWMWEYHYNC,0,bcell_shuffled
TLQPSAYQQKVNLKEMDY,1,IEDB_bcell
SRTFVCHSPKISGKVHWHFP,1,IEDB_bcell
CNIMLHNITHFKGYFGHWCYNPPGH,0,bcell_shuffled
FIHIDDQPYWRLFHDPFQDKEAA,0,bcell_shuffled
VPHNVPDQFGYKCCHMVPQECLRYA,1,IEDB_bcell
HEMQHVDCDQEVPCNKDWDR,0,bcell_shuffled
EVWPFVPPHCNQGKWTVIGSWY,0,bcell_shuffled
GTIWDCAETYDLTSWIPVSA,0,bcell_shuffled
FPGSQWLCTCMWFGPKCIT,0,bcell_shuffled
YPNEVWKSVDYGMLN,1,IEDB_bcell
EPGMVIGWQVTAENYFIDN,0,bcell_shuffled
IIAAHLKWMWMGCMFAATVPRPR,0,bcell_shuffled
TDGVCCLYWCRWEGHSFLSWQA,0,bcell_shuffled
GVHVGCFKQRCRQMLDNH,0,bcell_shuffled
YWSQCWMNESFGWAHMHYCEV,0,bcell_shuffled
AHGMGIAGFCMHCYCQ,1,IEDB_bcell
PTPEGIQQGFLNKGFINPHYMDLY,0,bcell_shuffled
TPIMITEGEYYNRMCCRAGD,0,bcell_shuffled
AQNNIILIHERGANNEPAKWSI,1,IEDB_bcell
SQQFRYLSDQTNVMDNHMVRFS,1,IEDB_bcell
HVWFFFFHANKEFSIDDNCWN,0,bcell_shuffled
VIRPFGLVDMRKPRFALNPNLCALL,1,IEDB_bcell
PLQLISTYDYSTVNTGEWNHY,0,bcell_shuffled
QVHASRRPHFVDAASRR,0,bcell_shuffled
YYDEKNAQEVECQVEYCVYECLHY,0,bcell_shuffled
NVIKSQKTMQIIEKRETWTFN,0,bcell_shuffled
CSAIVDLGDPAFGSIMEQVLMH,0,bcell_shuffled
AVAWLLQQMTPQKYMMWSAIPNFY,1,IEDB_bcell
CYTWPMTSWHKMQFDVSDQFMET,0,bcell_shuffled
HEVNALNHTAPKVATFGKI,1,IEDB_bcell
VIQNLPMASKFIYPAWGA,0,bcell_shuffled
QWQTWSAAFMQYTGQQMADAYRMR,0,bcell_shuffled
SADGEHRKFTEYTNHIG,0,bcell_shuffled
HKVDNHDIYCLAYKRCQFNGWF,0,bcell_shuffled
MVSNVSIEARWVDRAMMPNN,0,bcell_shuffled
MHGIFDTFAYYPAELNALRRRKYW,1,IEDB_bcell
KISANIIKAAIQHDHACLQHELKW,0,bcell_shuffled
QAFNIDRWMNHSLNKVIADSHF,1,IEDB_bcell
GWTDWCQWYYGCCMWNS,1,IEDB_bcell
ISLMWKHRTQFKLMYLSRQPAI,1,IEDB_bcell
HIGPGRAFYTTKNIIG,1,IEDB_bcell
SFVARHKRHEYCIHTA,0,bcell_shuffled
STTTFFIAQDHHYMGPHARF,0,bcell_shuffled
DRNKFTKYYDPPLKG,0,bcell_shuffled
NYDLGHFGQQDCQQDQTWWI,0,bcell_shuffled
GLMYTAVTMVEVKTGNNRMPQ,1,IEDB_bcell
DVQWPRSRICTDHNQCRGCIV,1,IEDB_bcell
GGFCQCDNIVCKTGENVN,0,bcell_shuffled
RHISHYVASAEIIRHQMTAWFGHCR,0,bcell_shuffled
GKYSHTCGEGVSTQAHGF,0,bcell_shuffled
EDWKPQGKANHPFGGYLEPWMPYG,1,IEDB_bcell
RHRQMVTWNSEDHGYQPASRKT,0,bcell_shuffled
VLSYTNMRLFKVCCP,1,IEDB_bcell
ERVFETPWHRPTQYAWSS,1,IEDB_bcell
NVTVTGKKWKDAINFEP,0,bcell_shuffled
LCGLASNCLHPPFLEHDPTF,0,bcell_shuffled
NRRSNTWLWWHFLGHCVGFH,1,IEDB_bcell
IADTCRGAECDVDTEHDSDAMLDR,1,IEDB_bcell
PWFQRVGKGWVRTRVNSLVKI,0,bcell_shuffled
TLWDVGYWAKYDSCIQRTAM,0,bcell_shuffled
TWIDHQKATNGVCER,1,IEDB_bcell
MFLSESRVYECGIQCDIPH,0,bcell_shuffled
WINIVICSDRKLLRRHTGGTTNCD,1,IEDB_bcell
TVYVCSLIGPEWVEWNKGGEKGP,1,IEDB_bcell
EKSMTMIHLKKYAKT,0,bcell_shuffled
RVQQEMMCPHKADGMVSPF,1,IEDB_bcell
YLFSGMASWQWIYFMWYFTGFLCI,0,bcell_shuffled
LPWLGYYQSYGRRFDPH,0,bcell_shuffled
DSGTQGAPGGYQVCAQGDFCPDQKI,0,bcell_shuffled
DRGRWARVSALKAIQ,1,IEDB_bcell
EDNDVTIVETYEVISA,1,IEDB_bcell
AHHRDYSFEVPLPLLKLYQG,0,bcell_shuffled
HKMKCKSLFMISIFDHC,1,IEDB_bcell
LIKIQNSTMASHPWSA,0,bcell_shuffled
AHCIQMEKAYQWEVDYRQMSEINQN,1,IEDB_bcell
AQGLFDMTSMGLEGSM,1,IEDB_bcell
RLAWYANVISVEGVVWVCHC,0,bcell_shuffled
FYLPHPDHRNISMFYNQD,1,IEDB_bcell
CSWNGWIVHAFCMCQPLYR,0,bcell_shuffled
GNINMCDYSIHDEPDSVHW,1,IEDB_bcell
LWNTRNRVIVHNLHRLEENSFAE,1,IEDB_bcell
WKTPENPEIESSGLRIVTP,1,IEDB_bcell
EMLWPTCNTIRGMASHDSWC,0,bcell_shuffled
YLSNNNEGTAVEETRMT,0,bcell_shuffled
FREAIDQMSPSKWEQSANLYY,0,bcell_shuffled
FPQHNKHLNYELCHCGSVQRT,0,bcell_shuffled
GDYSWFKIGCFFEINLMEYDPWGLK,0,bcell_shuffled
WNYDWIHHNHTMKPMW,0,bcell_shuffled
MMPNMLRHINDKFHYDFADYS,0,bcell_shuffled
ECGAHHKWRQVCPESP,1,IEDB_bcell
KIFQHGQTHRIWCHRAQ,0,bcell_shuffled
ISGFTPILVQNWLYLKNSEG,0,bcell_shuffled
AKGLGSDIGQRVMFWSHYALNNC,1,IEDB_bcell
DCMPFNPPKCFMKLVELEYISS,1,IEDB_bcell
PVSKPAVQTGCPGCGIPKCYRHIWT,0,bcell_shuffled
KIPHEYVMPCIMQDETILQMPTWV,1,IEDB_bcell
YYPNQRREDRVGIFPYH,0,bcell_shuffled
YWYWKHMPNWARTLYSTCYLPYAMT,1,IEDB_bcell
VQHDGQGASQMKIKPWDLAPYK,1,IEDB_bcell
MPANCWEGLRDITPWPVNEL,1,IEDB_bcell
DHGEGKDMYEPISRYEMDPRGFF,1,IEDB_bcell
PIYNVSHTHDANRGPFDFY,0,bcell_shuffled
YHFNWHTIPNFCAWQCIYCI,0,bcell_shuffled
ISHTTVQTLIRFAYCD,0,bcell_shuffled
GEQNEFLWGNCCTGDCLWC,1,IEDB_bcell
EPGVIMKSGCPVFCVRECNI,0,bcell_shuffled
CWLWCANYFLASGCIWYIRWA,1,IEDB_bcell
AAAQADSGALSMLHAGG,0,bcell_shuffled
AAGFGDQEIWEWDFWYQKCQM,0,bcell_shuffled
ECYLEYRQQDCWQLMYMWVNLPH,0,bcell_shuffled
SREFVFIAAQVYTNPILQYKTRQ,0,bcell_shuffled
HRDGDNMYNQIIPWEAAE,1,IEDB_bcell
KERMEGYNDSPNMRSTAL,1,IEDB_bcell
LKRRHEYTMYTWCCCVRVNNDRHL,1,IEDB_bcell
GIIKEGQNYIPERQSCKYVGVMLI,1,IEDB_bcell
MLWFDNHIHDDFNEDWMPINKH,1,IEDB_bcell
TMVGLGIAAKNDPESH,1,IEDB_bcell
HTVMICKMNIMVVEHVLAK,0,bcell_shuffled
TENRRMHYVWSKEQYRNEL,1,IEDB_bcell
LSGVTTLLYGTYNNKKHNNDDC,1,IEDB_bcell
RQDWKKTVHRWLQDGT,1,IEDB_bcell
CKWCRGQWGVRGSYDS,1,IEDB_bcell
LRYCLMMTERIIVQPQLCSCYNIER,1,IEDB_bcell
VKIALENPDAQEGDNLTGAMFQ,0,bcell_shuffled
WIDRNYAEAIMHSSLCTALNN,1,IEDB_bcell
MVYKYSMMDCASRACPAQADPMCT,0,bcell_shuffled
ANKECHRHLQMDSVSATRAF,1,IEDB_bcell
CAKYKMNTTSHDANTCMVTEYESMP,0,bcell_shuffled
PIVFWATALHPGDAKTAKMY,1,IEDB_bcell
TKVFNMDTQSQTEFHCCMMA,0,bcell_shuffled
ETPRETYWFFHCTMK,0,bcell_shuffled
FMTMSWHCAEFCAYWLGTQKRVCC,0,bcell_shuffled
KKPKKQMGFKQHQNWSPQWRHTEN,1,IEDB_bcell
VWNHFRQEHTGLEAWTDSMF,1,IEDB_bcell
GCRRTKNNTNCAWQHGTA,1,IEDB_bcell
PMADLNTKKSQFPWNAMIQSRI,0,bcell_shuffled
ASLNQHMNLYSVPQCYIKYIGS,0,bcell_shuffled
QPHHHTDLPVCSQQVECA,1,IEDB_bcell
ADNHCYPKEMWDFWERDKIPCMTGF,0,bcell_shuffled
DRGNRCMNCDYMKCANTCSVF,0,bcell_shuffled
IKMRMGGTIYSMKPQWNRFDAAYWV,1,IEDB_bcell
PQWTSQQEMNMSPSWFMSAFY,1,IEDB_bcell
YLDVHQRFVQTQKPNAKTTIFPHG,1,IEDB_bcell
GYIFTHPWIQIEMQRVTE,1,IEDB_bcell
YVMDVTQKQGRAEQM,1,IEDB_bcell
MINEQIGEEPKWGYYTH,0,bcell_shuffled
RCFGYMDTEFDFPMEHIPAAYLPQW,1,IEDB_bcell
NPGACATYHWYLRVI,1,IEDB_bcell
SMFTPQSMPYWMNQSEAFSWQ,0,bcell_shuffled
GYELVPDRDTRLTSIH,1,IEDB_bcell
KWNNPVYFDPTEPRQQ,0,bcell_shuffled
CTTCYKPASPHCDITW,0,bcell_shuffled
ITMSWCSERNLFAGPWA,1,IEDB_bcell
LKSHYKPDAANPTDKKF,1,IEDB_bcell
CNYEEDPKNITYQQCQMSPWFIKN,0,bcell_shuffled
IMQYIAKCLNQHDWFPAYQQ,1,IEDB_bcell
EDIPVWVSSFRHNLCPMAH,1,IEDB_bcell
RSYFFQPSVMMNSWANM,1,IEDB_bcell
TETRIVDTKLFMVWCCKHLW,0,bcell_shuffled
HHRVSCWGAPSANIVSL,1,IEDB_bcell
RCRWHMHMSADRKTR,0,bcell_shuffled
NADTMHAELAHSTKVGIMNFLQA,1,IEDB_bcell
TTSGDWNNQHDTDTWRYLVSCEG,0,bcell_shuffled
GRKPKHWAHTIIEWTK,1,IEDB_bcell
MAGLWNNIGHYGMQVQDET,1,IEDB_bcell
HNEVKNPRVGAPMHHH,1,IEDB_bcell
RNCCPGLWKPHGREGHWVL,1,IEDB_bcell
IPCHNWVCHLSYTYNDWQCRPI,1,IEDB_bcell
EEDYCFAYTAGYSFKADDDERAGW,1,IEDB_bcell
RNTRMTFCAAFRIFGKVRTTQMPH,1,IEDB_bcell
CLAWNYSATDKKFGKWKQYLG,1,IEDB_bcell
GVAYIVRFSNHDATSWVWN,0,bcell_shuffled
RINYRGRCDQQMIDV,0,bcell_shuffled
AFMEWQFNYPYLYIQHVCKD,1,IEDB_bcell
YRPLITAECFAHQQKGPHFAIP,0,bcell_shuffled
VLGVVGFPRVWIQWKTSRKRN,1,IEDB_bcell
KNRWTCNFCGDDLMCIIY,0,bcell_shuffled
TGQRHCIMGEFVMVYPWQCPHPS,1,IEDB_bcell
SMIPWCDMEPASVAQCAMW,0,bcell_shuffled
LFFFNDVTNASKWHHYKTPN,0,bcell_shuffled
DTTPLDYWIQHKWKNAYT,0,bcell_shuffled
GKAANMKLYPKISDKPDSERFASLP,1,IEDB_bcell
CRGCGMCQFMNFFFTWRLKWYD,0,bcell_shuffled
VDGSYLWDCHWFWHFVMDLIAPWM,0,bcell_shuffled
AQSCWAKVTYLCCVITMFDMKLN,0,bcell_shuffled
QWYYQLDIQYNLRFVVPPGWP,1,IEDB_bcell
YMMGSVGVYEYVEYAHEFKVMNPYP,0,bcell_shuffled
GESHKVLCEQASQEY,0,bcell_shuffled
EYDIHEALYSFACGSYCV,0,bcell_shuffled
CWCWAIWVIWQEVPNDYAFELLTMA,1,IEDB_bcell
LCDVHPHFREWVVAETYDL,1,IEDB_bcell
CFTPSKNCNAYDLSWLIK,1,IEDB_bcell
CILNRWNYNWMWEWESEG,0,bcell_shuffled
KHMEHSPERQYIGQGDQC,1,IEDB_bcell
WYFVNQVMHPVQQGSL,1,IEDB_bcell
GMGCGYITAHTHVVRFYC,1,IEDB_bcell
ETTFITVYRMIWATEQCQYS,0,bcell_shuffled
RSGVDRRKDPHWVSQYFLFNVFY,1,IEDB_bcell
FRQTGPCNWPAIKLLSYHI,0,bcell_shuffled
VRAYSNYKSWYNQLKLEWWGWAVGA,0,bcell_shuffled
ACFKVEWRRPHFWCTA,1,IEDB_bcell
MKCVYDPRGGNGCCDTEDG,1,IEDB_bcell
RCWTELCYQQYNLHNF,1,IEDB_bcell
MCNEFDPFLTRHDCVQAW,0,bcell_shuffled
TDYHAALPRMQFHMVVQC,1,IEDB_bcell
QAIAPPSGHRYSKHNKLVRMAMFYC,0,bcell_shuffled
ANWGQVIKWIMNCGIPHP,0,bcell_shuffled
EPVPCKCAWYLPHIDIYPDEQTGCG,1,IEDB_bcell
ANMSTCHFQDMFQECVKTTM,1,IEDB_bcell
WPLSDGFNNMDYRWKTYNKEQIGM,1,IEDB_bcell
LHDMYECPPRTYFQFWMQADMNC,0,bcell_shuffled
DSRCEFSHDVIIESYIG,0,bcell_shuffled
WFTIKFSSVVSLLGVLWDAQRIIAI,0,bcell_shuffled
NERFMESYGTFNYAQWRHIGVSCMH,0,bcell_shuffled
EVAQKKMWCALVMWCYK,1,IEDB_bcell
IITYWMTCQMRRIWTNQYADRDLL,0,bcell_shuffled
DGGCRVICHEQQAALFEHA,1,IEDB_bcell
QMAWEYDKFDTVCPWPDLRPPDD,0,bcell_shuffled
SCAPWDLKTNYKASFRSKQ,1,IEDB_bcell
APQYGMIEATHGAILTF,1,IEDB_bcell
GEVQVHFWYLKVFCHDRT,1,IEDB_bcell
CYQNKKGAVTYELFQSQQTREPKQY,0,bcell_shuffled
CYKEPLMPATEYANSMSTDRG,1,IEDB_bcell
AKQARPYTNQFTFMWYMDSIWIFFI,1,IEDB_bcell
YIGNSNMQFLRDRKTKI,0,bcell_shuffled
TYLTGDDITNFRQFYHVNDHRYHN,1,IEDB_bcell
KFSGAKPLVGNQYDTAENAQDQFYH,1,IEDB_bcell
SHFRQQDQCYPDHLQT,0,bcell_shuffled
GLLKNMLARFWIEISFELSIQHDE,0,bcell_shuffled
QNAIMSPNHICDCYDAATRMAQYWC,1,IEDB_bcell
AGKDWERQTCKNWVWMMP,1,IEDB_bcell
LLEFKRWFDGFMWNAYADMAY,0,bcell_shuffled
CANVNGTPYQRWWFAPMQNCLLE,1,IEDB_bcell
AMRLMEFHTWEHYMQSFVMSPFCH,1,IEDB_bcell
GKIFAADWTSYNVLSD,1,IEDB_bcell
LIFQWDEWTNHSVALVEWPTF,1,IEDB_bcell
EVSQRIGYQKLQFYYMTYDYV,0,bcell_shuffled
ENMGYWLNMGFYNDCEHDVY,1,IEDB_bcell
SPTGYYFGPVFYQTSVGRHCCHEMM,0,bcell_shuffled
ATWQWGTTKFRGIYCECMYDQKK,0,bcell_shuffled
WDYAHNMEQYNWKRKYKHGPYTFD,0,bcell_shuffled
DHERQYQAFIESIMINLVDG,1,IEDB_bcell
WLAFRQMCILDNDTRHSGSYK,0,bcell_shuffled
GRFKIDLVVESEMRIWWYQE,1,IEDB_bcell
CRGANTDRSHPQYDIYKQR,0,bcell_shuffled
FPSYGACVMQISKKPKPYKDAGFI,0,bcell_shuffled
NIWHMPTSNVRWNTECYDWYIIE,0,bcell_shuffled
QQGGQCWGQQCKAFYGFERY,1,IEDB_bcell
RCDGMDHLGDEMMQRKAHFELQKQI,1,IEDB_bcell
VPRPAPAADAFTITSKPV,1,IEDB_bcell
ANWKTNAQYWPNNRHEPIE,1,IEDB_bcell
ADWPDNMQCPHSIVDETTSEGYY,0,bcell_shuffled
TVTEPMNGWNERWMKRCWHLNQ,1,IEDB_bcell
TQCRHSAMMKHDDEPGVPGHFV,0,bcell_shuffled
TARTQQCSIKVTEQLMR,1,IEDB_bcell
IFIMPEWIGQHIWGINCSIEFLW,1,IEDB_bcell
CHDQVDIDWDMMFDVN,1,IEDB_bcell
DSYEHCSYDADLAKGKNDCKYTCFL,0,bcell_shuffled
LLRDQKRAFMQEHWTKDIFTYLS,0,bcell_shuffled
VQSIWPNSHNGMPHAKEISGKT,0,bcell_shuffled
YMIFVKKQRHICWPMPWSVFETEQI,1,IEDB_bcell
QDPVWHCNVEEMTDDDHWFQ,0,bcell_shuffled
HDFHGEKQTHQWNKTWFR,1,IEDB_bcell
DTKTLCIHTKELQEGPLIP,1,IEDB_bcell
FCHIYVYHGPSWEALMLYVFCSI,1,IEDB_bcell
RDKKALGGIVICSSCPMTWTVEKNT,1,IEDB_bcell
PVATMTMGPHGYPGR,1,IEDB_bcell
HQWEFHYEPCMVFSFLMHMRMSAT,0,bcell_shuffled
HMHGGFTYAPDYGRRLFGDNFAP,1,IEDB_bcell
FARKEQFTGEMVSHTLVWAHTW,0,bcell_shuffled
HSGEKEQWTFCSVSNMCTTYDWMR,0,bcell_shuffled
IPHDDSMPCVVDWYIAEGVWSH,1,IEDB_bcell
RLEVSMIHTNLTNRMVCPGK,1,IEDB_bcell
CTKANLMFICRIARN,1,IEDB_bcell
MNKIGGWESHALTMM,0,bcell_shuffled
SAWWQYYNVEWGNYSKWRVKALLGA,1,IEDB_bcell
QNCFIHQSPYETFQYFWWWEQVCH,1,IEDB_bcell
LVTTASGHEEFVQWMAFWKTHR,1,IEDB_bcell
DTFNNWCCFHFNNKYCFMIQ,1,IEDB_bcell
YTASYPNAACIAGMGNQI,1,IEDB_bcell
QVCHPTTDQGMCWHPLGNM,1,IEDB_bcell
PTDVYAWKSICKVRVHQPP,1,IEDB_bcell
PLWMVKRMLYMQQQYSSVAF,1,IEDB_bcell
NNSKFMLSTYVTKENELDVGFVC,0,bcell_shuffled
TFNLFVLRSYSTHLMSEHH,1,IEDB_bcell
TAIMYRDHEKDNAMVED,1,IEDB_bcell
STHMIASNGEPGEMAY,0,bcell_shuffled
GNQYWKQAHQTTQGQE,1,IEDB_bcell
CFQYTDKGPCMTWMVGLMMWI,1,IEDB_bcell
NVVQEFYDLLTMYRMSAVAMNHSA,1,IEDB_bcell
CSANLHQYIQSNPVWPRTNH,0,bcell_shuffled
RKMHQEIQRVPHGMVMGW,1,IEDB_bcell
PCLWWCCVEPTNNERRTWGR,1,IEDB_bcell
YPSITEDRYSEDCVINGSSS,0,bcell_shuffled
FGINHSFFKHRMGCAKIESTG,0,bcell_shuffled
WRQLGVCVVCHMEFERAYCAYA,0,bcell_shuffled
RCAWCAMECGSNMIFAWDCLI,1,IEDB_bcell
VQLCDDWFMHETDDMG,1,IEDB_bcell
PWYEDMPEQFDEDANFR,0,bcell_shuffled
ADRGKNFLTKFFPRAAS,1,IEDB_bcell
TVMQRKETSDVQTVYQNMEDSNHE,1,IEDB_bcell
RTCSEMWFGVMICLMGFDML,1,IEDB_bcell
CGTLCMTHYRGGANIE,1,IEDB_bcell
LYVDLIETDRLHWWGNRTQHQAK,0,bcell_shuffled
YDYGHFYNSWALRDDGWYTTKYPNI,1,IEDB_bcell
IMSTLCVRIMIVTCQIWNEWGWDY,0,bcell_shuffled
NCMPFLDQSSYIHVVTCGWNCNIV,1,IEDB_bcell
CYWQIESPLMRSCHETYPSEIS,1,IEDB_bcell
TFWKWCQQGRCQYPGTQH,0,bcell_shuffled
LGRSSLMPKFYKWFLILP,0,bcell_shuffled
EPGTSCNRDFGQGLRAGHFFMI,1,IEDB_bcell
FMFDVEQRPAYQVYI,0,bcell_shuffled
TQWHGGRDITVECTQDKRTW,1,IEDB_bcell
RCICRLAEWETRCRPHQN,0,bcell_shuffled
FTHYVHCQQRTMRQNDT,1,IEDB_bcell
KNHDPPAAEERYFLCHKIFMKP,0,bcell_shuffled
DMGTISEEAKMRMTHLEHFQF,1,IEDB_bcell
NYCCFVIHNWLSWEWHAAT,1,IEDB_bcell
SPTPRHCIDVHTDPD,0,bcell_shuffled
DFAWIHFRPEPKSNVLQQMTSLI,1,IEDB_bcell
LRSWDQLRFNGSIDCKTAYHM,1,IEDB_bcell
WDFLVTMCIPENLWWQAECVIYWAA,0,bcell_shuffled
DQSLWAAVMNWWNFDLHDLPFP,0,bcell_shuffled
RGKTRIGARGVIPFQ,0,bcell_shuffled
IMRHWTFFNSWRAHQCWAVYFTHY,1,IEDB_bcell
QKHLGGHCWRAFQQA,0,bcell_shuffled
IWLSAILLKWWYLQWFPSY,0,bcell_shuffled
LFIPRRQDQIEWAAL,1,IEDB_bcell
WQSMTFYLMCVVSYRTETAV,1,IEDB_bcell
FTYDNGYQSWRFYCID,0,bcell_shuffled
KNGLFLGNHQCYDVHGYG,1,IEDB_bcell
WQCHLSCEMYHSLTY,0,bcell_shuffled
TWVVGMMQSSWEEVEDY,1,IEDB_bcell
VLLAHSSVMFTAAEYKNYEHIE,1,IEDB_bcell
QNWLENINPKRIAHSEIANIAG,0,bcell_shuffled
LVECGTRMTLPVRMKSNIHN,0,bcell_shuffled
LRANHFDEHRAVYAYC,0,bcell_shuffled
PTNDHDHQCFKQEKDYDLTHMFS,1,IEDB_bcell
RQLSFFPKTFGKQNEQ,0,bcell_shuffled
HSDSPCFSPFEPRHID,1,IEDB_bcell
GPLYQRLPRIVQDLHEYTQNQSKNV,1,IEDB_bcell
TSKIVDDDKVNPPMTPECNSRQIFM,0,bcell_shuffled
GLELNPWQMMMRRVNWMPGMQGKQK,1,IEDB_bcell
MKTRVLFSCKHEMPHSTHE,0,bcell_shuffled
NTPYLEAWQDFDMYC,1,IEDB_bcell
SCQTLNEHRYQYMWNN,0,bcell_shuffled
KHSGCKMSVHQGIEV,0,bcell_shuffled
FIMIATLICRAQYDRQFQMC,0,bcell_shuffled
EEWCFGQFMMGWMDGD,0,bcell_shuffled
QTFCKVHVKINYTCRQVAL,0,bcell_shuffled
HYCIIVHQVFHKSQLQVSKRC,0,bcell_shuffled
RDAMYTDQYNLYDTIEPDH,0,bcell_shuffled
LEFPLIPMHFDWTFR,0,bcell_shuffled
DTCIRCEYYGVNIVHPQAW,1,IEDB_bcell
SHEEMKDGNASPAAYRDDLAREMKE,0,bcell_shuffled
WEQHHIPLPDQWRKMVMTKMDK,0,bcell_shuffled
QWLLGWDSLSPTKTMWI,1,IEDB_bcell
EQSIPRDAGHIGAIPTC,1,IEDB_bcell
LVQNFGDHPMCDPKICVSQK,0,bcell_shuffled
LAQKRMTWLIRPSYLQSHIMFK,0,bcell_shuffled
HLDNNQGQGWWWSVNKMDKCYMPP,0,bcell_shuffled
KYIFESNTPFKLMTQ,1,IEDB_bcell
DHNQITETYMYADYRDPDL,1,IEDB_bcell
QTILLVVCKPDQGWPAIYPQYEN,1,IEDB_bcell
FRFSWSKAWPANSSSDQPMIMSRCS,0,bcell_shuffled
AEIETIVVTDESNVYD,0,bcell_shuffled
DGIFWRSFVVKCCTKSP,0,bcell_shuffled
EDEIHSDDQYRQPEKSWVHPWY,0,bcell_shuffled
SEAANHCDVTHSFGTRTRKRCGPMW,1,IEDB_bcell
QAEHNIPFLTWHWDCSAVNEWSVN,0,bcell_shuffled
KPWIMLIWECSDSQFQGHEPP,0,bcell_shuffled
AHWPDPDCDMRGKYTMNCKFEWEIF,1,IEDB_bcell
ATKLVVWVVEVKRMYKSLIHEWT,1,IEDB_bcell
DTEDCTMFDFNCWRGHEMLAVDVDI,0,bcell_shuffled
FAGYCTCENQYLKGGFLS,1,IEDB_bcell
GCYTYKPMFMQVAGCRSA,0,bcell_shuffled
CTHGQWIYTDGLPYNWGW,1,IEDB_bcell
WQPWCSACACIGVGCGFWTMRSY,0,bcell_shuffled
EGKYNNFCFDLEHWKQLEC,1,IEDB_bcell
GRGYEVSTFPYMHSAFKAMKMSWG,0,bcell_shuffled
SFNRPVMHESTTQLRVHSC,1,IEDB_bcell
WFAAKELVCECGCRCPIVE,1,IEDB_bcell
TESQMVFEVCVANLRQGLFVTTTI,1,IEDB_bcell
AIRDNYLIKWNPDLYYVQAIMHAYP,0,bcell_shuffled
CFGCRPWWARKWMIAICREKH,0,bcell_shuffled
LQFIDIPFARIWMFSRL,0,bcell_shuffled
GNYLWFKAPNDGDRC,0,bcell_shuffled
HYTEEEDEVDRYGFEHHFPWMQ,0,bcell_shuffled
VDMFGQGKEPIFHHVRID,0,bcell_shuffled
QGEPWFNNHDKEEYNKTM,1,IEDB_bcell
VWHMIATMDWWLHSR,1,IEDB_bcell
WYAFWHIDCTPPRSSAC,0,bcell_shuffled
HDCCPPCKTWYLMVYIDWH,0,bcell_shuffled
QWMVSFKFAAPVSSPDLPGI,1,IEDB_bcell
CEVCEAVHCHRENLEVTEKHMW,1,IEDB_bcell
QRPSDPYYLRGHFYWLG,1,IEDB_bcell
RIDYYRKRTCASDQGQHNP,1,IEDB_bcell
MNHQVSGKLFDTIVD,0,bcell_shuffled
NYQLHEIKNFKFDPDCRK,0,bcell_shuffled
DTTTPPWLGSIVDCG,0,bcell_shuffled
TKCGDEPRFFQRFFTWSKVMV,1,IEDB_bcell
LWKHSLKIFVQTPCTAS,0,bcell_shuffled
ERIRGAIMTPRTIHWDLLYPLS,1,IEDB_bcell
HTKYTADRQHPLVVFQQKPGFNIT,0,bcell_shuffled
RMQYQTKFDCTISFRVQG,1,IEDB_bcell
FFAWDVEKWRITNQSHVYRCGK,0,bcell_shuffled
RPYCTMTTKEFFEWH,1,IEDB_bcell
QSTGHNWYTVLYITPELDYNS,1,IEDB_bcell
IPNFWYWMGKFWDKYMLFLCYKLF,0,bcell_shuffled
VWYAENWRRFSTDVKK,0,bcell_shuffled
TEEFGWDMHNYENQKKNP,0,bcell_shuffled
HECTFTVSMFDYGLNSECTDMGDLL,1,IEDB_bcell
YMPWMLIIMCAWFERYKLTIISY,0,bcell_shuffled
AMNAYDDTNYVLMKLVYK,1,IEDB_bcell
WCDQWEWCTVMMCKFPNSFW,0,bcell_shuffled
MNGQLCHAIMRTHIP,1,IEDB_bcell
CCRQSMNERCMKNAWMEQ,1,IEDB_bcell
SRCWSPDCRDYRPHHC,1,IEDB_bcell
LVMIQYMFTLDKILNG,0,bcell_shuffled
FQGGCFMDDIIFKGCVSH,0,bcell_shuffled
HFVMVMEHKWLRRETAKCPREHIEK,0,bcell_shuffled
SFPHPQPICLLPMTCLGEYPRT,1,IEDB_bcell
ETVAEWEGTMGQFACKTHPMGCHN,0,bcell_shuffled
FWMARDEWSAIRPIKVRSPT,1,IEDB_bcell
DFADIHPFRYVSYTNPHNG,1,IEDB_bcell
WYGWYACLLIWQYQRFLCTAK,0,bcell_shuffled
MHQNSWTDFDQDPSRY,1,IEDB_bcell
YIACYGGCHIQWHTCYHTCHNG,0,bcell_shuffled
NHVRQRECYYYLFECFFAGWKRVN,0,bcell_shuffled
RPSSSGKTFMIDAKPFGRTDMHHQY,0,bcell_shuffled
VSRYQTTCSFLYHWEMLRVPHKHG,1,IEDB_bcell
WFDHIAMLWGDIPDQSTYPW,1,IEDB_bcell
CMQPRFYDHKFRDWTFFDENNMDFM,0,bcell_shuffled
MNPCWQFCGTLCRGEVISDP,0,bcell_shuffled
PNKMTWQLWTAYGAKRHVNCPMC,1,IEDB_bcell
QTVCHLIKIIRITVLKMQYWRD,1,IEDB_bcell
DMQPAPECDYLMEEQKWYLVVHCE,0,bcell_shuffled
WFSWNFWKWTQYKID,1,IEDB_bcell
NAGTWKDQPDLKGCHQAWFDIYPD,1,IEDB_bcell
QHPQLVYVCQTQPFR,0,bcell_shuffled
FPRSFERAGHQNESII,1,IEDB_bcell
FDCECATGDRMWHVQKMMAFIVV,0,bcell_shuffled
FWSENIAFWCDDYNPPKWDG,0,bcell_shuffled
TEPIMPTWPHPHTWK,1,IEDB_bcell
TMTFWPLMINTRGYMRVDWAIR,0,bcell_shuffled
GDYFYNEYMRQPCQREDWDCA,1,IEDB_bcell
VEDWPEVQFSRMAMCRSLHYDWCY,1,IEDB_bcell
NVVVQRCKQYTHATFIKLC,1,IEDB_bcell
GEYLQKMGYLGATDIDYIPMF,0,bcell_shuffled
LEYQMASKPWVGTGIMC,1,IEDB_bcell
HVHRAHTCAIRFKSYE,1,IEDB_bcell
KDGAKKELIFRGIHCSMHTA,0,bcell_shuffled
CMRGRYRNASKCWVIGWRALQR,1,IEDB_bcell
ENLRMRPTTDNKMMYACCGIDKIQH,0,bcell_shuffled
DCVSTIVLEITIFVKDN,0,bcell_shuffled
QPDMEYGKGCHVMIVVY,1,IEDB_bcell
GETHFQLHSPHLNYKCCVRNQ,1,IEDB_bcell
RSNWCIEHFHGHMNDGRSGFHRG,1,IEDB_bcell
EREDMRKNQMWVPHRRNA,1,IEDB_bcell
RTLIWMWAGEGAGQGQLN,0,bcell_shuffled
ENWHWPGEQIAPLPDGHSPFKW,0,bcell_shuffled
PEYAISMASKWNRGEAMFKTFFDA,1,IEDB_bcell
FQKKFTSFWLIRKVVWGI,1,IEDB_bcell
NRTWDPYARWGRLGS,0,bcell_shuffled
ICNLHKECHGMQQEFVFCFITYL,1,IEDB_bcell
HGACRFRFDMCKSWCGWRLTYKQ,1,IEDB_bcell
LWGMVKIQWKTTINCRKKSGNKYQF,1,IEDB_bcell
HLRGLQFEGRSREMPSKWSDV,0,bcell_shuffled
SHPWMAHYMLHMCQFDEAIQG,1,IEDB_bcell
CCTESYIQCTPIPDYI,0,bcell_shuffled
LIALYPYVMQMHHILK,0,bcell_shuffled
THHLVANYLLSCGCDKTA,0,bcell_shuffled
GQRAYGKGCQQWFCYQGFQE,0,bcell_shuffled
ATRRMMFVTCPRTRFHNQKIATGF,0,bcell_shuffled
MNVVETSQPSQPSKRT,0,bcell_shuffled
WGIHHLIYGDHYSVEARNEWQPHG,1,IEDB_bcell
WYGFWKASVPVASPPMPGF,0,bcell_shuffled
CHFIPFKECSCFEDKRCRALWKYW,1,IEDB_bcell
DPHATYAGLPVAMIAKWFTK,0,bcell_shuffled
VLAVMMQTRIRWSYLKQQYKWMWF,0,bcell_shuffled
TFHQYHNFPARDQANMMNPHRMH,0,bcell_shuffled
CCIWPCAQRSGQIPMIKT,0,bcell_shuffled
PGEAWGAIVLHQSKYFI,0,bcell_shuffled
KCTKCQCRMCYCRVHQS,1,IEDB_bcell
GPHGLQRVTRLTPERAYGVHYP,0,bcell_shuffled
IRDVYLTENKMTRFRYICCL,0,bcell_shuffled
EFGDGYSDAYDKEATERFDYAAWC,0,bcell_shuffled
QHQFCGSPYAFIRQGYSID,0,bcell_shuffled
YMQMWTDQWSYGMFQQRTARAAQA,1,IEDB_bcell
DHTLEWECDAVVGGVRWKEPESW,0,bcell_shuffled
FSPPVGNMDHAFEGVDCSVYARE,0,bcell_shuffled
EPFGWKWSMLGPMDSL,0,bcell_shuffled
GAIKRIHTTWKHEPKW,0,bcell_shuffled
TKERWCRIQGGTDHQTDTWV,0,bcell_shuffled
DRMGRISEWCHMPKNRKKAFDQTQS,0,bcell_shuffled
QMANRWRLGACSKIGCRWYRVR,0,bcell_shuffled
HFASEFKEHICSFGEATA,0,bcell_shuffled
SWLQMIAFLARDEEWANNPRITKFH,0,bcell_shuffled
NPPPAYGKAQGPMQWY,0,bcell_shuffled
VPCKRKGIVTTGCILSAKNWTEDMS,0,bcell_shuffled
VDKKNVEYTQNIRVHKA,0,bcell_shuffled
CHRYIKSLNYPQMNDDY,0,bcell_shuffled
WDNAWINFDRLLIGYWWV,1,IEDB_bcell
QHWRFLAQKGCQHAG,1,IEDB_bcell
YTRMFWKVCVGAAMEFNC,1,IEDB_bcell
LPRITVMLTDDGFTSGPD,1,IEDB_bcell
FGVGAFLREFLLSVNM,1,IEDB_bcell
QLTWHTKGKTMCELHCKFEHEL,0,bcell_shuffled
DDAACYWSEWRRSLLHECMCR,0,bcell_shuffled
SDNQSKMNDESYQSDGCRN,1,IEDB_bcell
PMCVAIVNHAQAFKANFR,0,bcell_shuffled
GCSPDSNPLWWANNEYWYQSIYAW,0,bcell_shuffled
TFRCNDNSGIAYLMLLP,1,IEDB_bcell
EARVRECALGEMTEGRILWFQ,0,bcell_shuffled
HADNCPAEQEQFYQDVNSSTEDTQN,1,IEDB_bcell
PLTTRPCKNISNQWKIVVSLCIL,0,bcell_shuffled
NGWKFKKDNRMYGRYL,1,IEDB_bcell
PILTRTQAMCYHLEH,0,bcell_shuffled
FDHPIPMARVSESPDVQL,0,bcell_shuffled
GVNHNHLIVHFAEGPY,1,IEDB_bcell
DGNIWWYPESWINNGKNWYIKQQ,0,bcell_shuffled
HGFCHLAPEPLCPLTDLNFS,1,IEDB_bcell
WQHMYEDKAYNGYFATFNMWRTC,1,IEDB_bcell
MHSSRKCVLKRIFIYPD,1,IEDB_bcell
HTPQCQSWWQFYQVFWEIYCEFNH,0,bcell_shuffled
IMRPCCIKRLSIPMNQTVATHQGTS,0,bcell_shuffled
APSYDMYYKWWDIMY,0,bcell_shuffled
WRTRIRHELAKGCWY,1,IEDB_bcell
DKDQWCPCTWYLEHSRNISYG,0,bcell_shuffled
SNWNNIEYVAGWIKGGWKNN,0,bcell_shuffled
TIHCRPIVPEDCVLKQ,1,IEDB_bcell
CSFKWCQHVICLLMHGNPFLAWDC,1,IEDB_bcell
GLTTIVTTYPVPRNANQTPWNF,1,IEDB_bcell
IADPRLTYKYIQQIIAAREN,1,IEDB_bcell
MWHFVRNCIDIFLTDADTNELCS,0,bcell_shuffled
QWPSQSASKMFYPGKPGRHCPYYMA,0,bcell_shuffled
TASNWYVNWNSRRENCWYVGFDWR,0,bcell_shuffled
KSVEKQRPFHWMDHYFP,0,bcell_shuffled
TTSMQGRGYTWVWPKSRTFQ,0,bcell_shuffled
KALRMQWFSNVSVMPFNDMPPSPNF,0,bcell_shuffled
IIPFKQMIYEDYRMWKQG,1,IEDB_bcell
HPPTCVAAFWVTVDYWGVDY,1,IEDB_bcell
HSANPIGHDRDVAQWKNVD,0,bcell_shuffled
KWITAHLTLYVQHANDDYCGEY,1,IEDB_bcell
LHDCHYPCWVICSGLHNILF,0,bcell_shuffled
FNYQHFHTLFSCLDHMGDCGPCFL,0,bcell_shuffled
QKDGIACHQYRTSLAYASWIK,0,bcell_shuffled
EVIPIKCCFVVMPREGNSGC,1,IEDB_bcell
EFKNRVKLSMNEVQVNPK,0,bcell_shuffled
NCISNMTTCHPCELWESWGTED,0,bcell_shuffled
ACAPASPSYARVVLYGIE,1,IEDB_bcell
HAQNDAHRRMIGQKDKIAWLREGM,0,bcell_shuffled
ATVVRCMCNTTFKGWEWSQW,1,IEDB_bcell
EEGDEQKGSVGYESEFQQWDKIEGA,1,IEDB_bcell
CRSPRMITHVEIHVPECRIPKEDG,1,IEDB_bcell
KPVMVEHCNVLLQERG,1,IEDB_bcell
FGPVAGHQWWFPILWIHTGSKLST,1,IEDB_bcell
SHQPHTTHKRSKKMCDPFQQQNT,1,IEDB_bcell
NNMSTHCLTENKTCRCFMTDV,1,IEDB_bcell
VCIRSPEYAICNEREDMDMAMDT,1,IEDB_bcell
FSMNKVAQQHMSQCK,0,bcell_shuffled
TMECDQYWMYCMDGKPRKRGAYVNT,1,IEDB_bcell
LQPKTGFASVGELNVRCPNMPQD,0,bcell_shuffled
QDMDSQMMSLNTISMVVTD,0,bcell_shuffled
NNWDEVDHVTKEPGDHW,1,IEDB_bcell
YTWQFWRTRSQEIPKNCPWVM,0,bcell_shuffled
LHVLKDTAYPLLGQI,1,IEDB_bcell
GFESFKQNSFYDTLMNDD,0,bcell_shuffled
ITLNEPRRKNYSPCGVDPFPRP,1,IEDB_bcell
LHDYFTYDCGCLSAECKDKSYDANK,1,IEDB_bcell
TETENKKYDCMFMGCKYKANDMGYM,1,IEDB_bcell
LSIENTWYEGCIAWD,1,IEDB_bcell
VRNNEEGSCRFYNCC,0,bcell_shuffled
MSYFIEVFAEDARFNP,0,bcell_shuffled
PYEYKCQAPSNSSPHRWGLHQAEQY,0,bcell_shuffled
CEATVNDWPECGAYDINNVSIP,1,IEDB_bcell
DHRVEKNNGERKKYCTVMISGSQE,0,bcell_shuffled
EEIEIYKTQVFIYQW,1,IEDB_bcell
GKNIIFLHVYNAKDTCEYK,0,bcell_shuffled
HTSMCLHQGTFVTMRNDDPTHLWL,1,IEDB_bcell
WQLPQHKEWGQYQFQDQIPL,1,IEDB_bcell
TAWEKSKQDDRCSTYYGQVEDAPN,1,IEDB_bcell
IYMYCFCEFEVIWWQSHAYPS,0,bcell_shuffled
PRSFQFCGCPTYKKHGGNHYSV,1,IEDB_bcell
EETHTVAYTDVTPRQLMWMKTG,0,bcell_shuffled
TFGPMYRQSGYTTFRT,1,IEDB_bcell
HAGPMCYNLQYGFHIYNVQ,0,bcell_shuffled
KGGGPQACFDDYQITGQGQVASDCP,1,IEDB_bcell
ADCHFSIKFMDQCNITTTGKSNLY,1,IEDB_bcell
HSAYCFYQDYIIRMGMIWCT,1,IEDB_bcell
VMDHISEEVATQMYDYMFGYFPE,0,bcell_shuffled
KMCNEGWAYQIDNENFQPCIFTNI,1,IEDB_bcell
DEGHQWQFEKLDAHNGWTT,1,IEDB_bcell
WFYGMLAGATGGIDVEFGGGIWG,0,bcell_shuffled
IWSWIPPALHTNASKCVFSSYPAE,1,IEDB_bcell
EWQVMQLFGESQECD,1,IEDB_bcell
LTCTDVTIIFQAHRYS,1,IEDB_bcell
AQNARHHFQIKDWRWSYHQV,1,IEDB_bcell
NLPVRFYYCTFIPIKLYH,0,bcell_shuffled
PHARHAGCIKYILEFPFPQTQA,1,IEDB_bcell
ITIITNWWNWPNEYYCHMSVDER,1,IEDB_bcell
HSFFNSYQANWCGQLPIYMPNMWR,0,bcell_shuffled
GGKESWNIENDYVSEWF,0,bcell_shuffled
GCFMTCSWRCLGLVSYSLC,1,IEDB_bcell
QDEECMMTIEDFQFAE,1,IEDB_bcell
SMKFDMIKRYKTQCRDPHCRWTWY,0,bcell_shuffled
LRPKWWQCCIKDGLPVK,1,IEDB_bcell
MAWFSRICNAHVWEKDPTHI,1,IEDB_bcell
HKKNSRYQDMMSSGNNFWSSR,0,bcell_shuffled
DRHCQNNTTRHCIVAVPEP,0,bcell_shuffled
GYDPILDAKSSPKEAALNKKMSRFP,0,bcell_shuffled
RDAYSIILLNAHNNTMACSWE,0,bcell_shuffled
CMVQKLMDKDILNRQAITRIC,0,bcell_shuffled
PQNSECDLVMVQIKIDFQSASI,0,bcell_shuffled
NPAHTMRGNSYQRRAK,1,IEDB_bcell
LTHWRTPFACCSNAAHSYNCGLFT,1,IEDB_bcell
SDNQDRRYKYPLCAMFLMD,0,bcell_shuffled
PHPCVPQIQCSSMWT,1,IEDB_bcell
MYSWDKNQERIWSHVHSEQ,1,IEDB_bcell
CVCTGPCFHAILWHIWQPLKPE,0,bcell_shuffled
RWARSESCCPHMEWDDLYMFYVQV,0,bcell_shuffled
AEGISVPKYRVLRNMDCTTD,1,IEDB_bcell
QDTPYRHMMMRRVANAMVQ,0,bcell_shuffled
HNEMYMGEYNLYWGFNCDVD,0,bcell_shuffled
PKYAYYCRFFTMEQYD,1,IEDB_bcell
MGAYNYQYLTMRFIQDSLWTQS,1,IEDB_bcell
MCPWNTTKVAMWRCLHKNAGQYP,0,bcell_shuffled
SEKKMAMKGCETCVLD,1,IEDB_bcell
HVTKYGVMVCGYRQPL,0,bcell_shuffled
PKYVKQNTLKLATR,1,IEDB_bcell
QIRVMKYGPGYTPNLIRH,1,IEDB_bcell
CFMAMKTDAITIAIMDNFTFLER,0,bcell_shuffled
MSHCHEDSVYDWIDVGPAWIVP,0,bcell_shuffled
TDFMKVIHCWRYVKPYLMWDI,1,IEDB_bcell
LLPLDTQKVYHILGA,0,bcell_shuffled
PYVRCKVRTEWAMIDDFCNHPYPG,1,IEDB_bcell
MTFADYVSTEYYMLFPRTIPGM,0,bcell_shuffled
SYWKQVMWDHFEDTTTPFSMMCQ,1,IEDB_bcell
SNIYNHGNGWGHIDWRCL,1,IEDB_bcell
GHCDRYVFQFFHMDNQLYRWN,1,IEDB_bcell
HKMVTQDGCGREHSDHVMFPAP,1,IEDB_bcell
YWIKFYGIPAHHNPMQSV,1,IEDB_bcell
MDHQCYHRQTTRFVNQT,0,bcell_shuffled
CGNAHLLEVSKMMKGCVVNRLFQ,0,bcell_shuffled
RTDGEYWKTLYHAKWGQ,0,bcell_shuffled
WTTWSIEQFKMPQYCPRVRNW,1,IEDB_bcell
PAPLKHFAAPCVRHCHRDEEPQG,1,IEDB_bcell
IFVMCAPTQRNPIPLLMRQWKNSY,0,bcell_shuffled
TCCHDPPNKQCSKDYPIFCPNVA,0,bcell_shuffled
RKVFTDIGKGHFHAGNGVTDAYHM,1,IEDB_bcell
WQMSPVLFDCWMYVVHQESGGH,1,IEDB_bcell
TAFRIKKGTEQMLERWRGS,1,IEDB_bcell
TSKQYCKLDNCQFPHT,0,bcell_shuffled
EIHYECEFAEAVNQKE,0,bcell_shuffled
HMWMHLQLREPEHVTYAEWTIDRNC,0,bcell_shuffled
KMKAIRQLMMHYDIFHHK,1,IEDB_bcell
DCHLVLCNVILDRAWMRCI,0,bcell_shuffled
CCSFHQMINPWQVNSKI,0,bcell_shuffled
RWFPQSCCKFNCTIFEM,1,IEDB_bcell
KATTNWVSDKKGYSDVDG,0,bcell_shuffled
HQWCTSSDMHEGNYKKIWCTCK,1,IEDB_bcell
VDLPGGGCGKQQGYLFADQLETP,1,IEDB_bcell
VMPLHRFMMHLVKPE,1,IEDB_bcell
YNYDMQEPTPTDEVRMT,1,IEDB_bcell
ELSEKYTRNWFEHVW,1,IEDB_bcell
FCMKCSQCMRYPVHHV,0,bcell_shuffled
LRDSMFTEGICCVWLFMMGM,0,bcell_shuffled
SCTKHLHKLRGQHENCR,0,bcell_shuffled
FRALHCFGVYWMDIGRNGKEV,1,IEDB_bcell
YMVAILMYPLHHIKQL,1,IEDB_bcell
CFSPWCAFDPPTGNWYFHRHFCFKS,0,bcell_shuffled
FIKRFQVRGVFFHPWWWNTEAF,0,bcell_shuffled
TFNNCDNACPFYLAPIHGDHQWNNL,0,bcell_shuffled
RKHHLLCQKHMIWFSDEMANLW,0,bcell_shuffled
ELRVAECYHYARFCAVCQGWMV,1,IEDB_bcell
MTDVIPIDRSENTPSDKVNKPMFQC,1,IEDB_bcell
LTITARLRTNCMFYW,1,IEDB_bcell
RLTDVHISPETRDLYG,0,bcell_shuffled
ADFWHWTARAFLEYV,0,bcell_shuffled
HFACFMLGAIPKMTTIWQKMIQ,0,bcell_shuffled
KRHSSIVTYKMHYQQEPGTMKYM,1,IEDB_bcell
LMIDLVWTYWVGYAYSWT,1,IEDB_bcell
SKSLGWNHYDIGTARIFMWV,1,IEDB_bcell
VKQGVILHNTCWWTRVHPACPERC,1,IEDB_bcell
NMKISCEDQDGISCWEQNIDMHHIF,1,IEDB_bcell
NLIGKNSGHDFSWFTHH,1,IEDB_bcell
VCITNVQAQMYCDSCY,1,IEDB_bcell
CPECWPNDKMGIKFHPPFNHTNFEF,1,IEDB_bcell
VHPKHAINPWSLNLEV,0,bcell_shuffled
NTRMKSLLNEMDITK,0,bcell_shuffled
SNVSAEHTLWHRFQLYEFQSWTH,1,IEDB_bcell
PICVLQIIMTADYWYMSNN,1,IEDB_bcell
WKSTFDKYNWQWFIW,0,bcell_shuffled
WHLDIFAAWILLDNAQI,1,IEDB_bcell
FPEMCWHNKGTKCNGPIEDGADP,0,bcell_shuffled
EHHDCVECQCVHKCHWKELV,1,IEDB_bcell
IGNGWNKQKQIYNWYWISWEDPN,1,IEDB_bcell
SYFDMNLGLPCTIRANL,0,bcell_shuffled
YLTVWGCVSVKINCWAPNNCCSHY,1,IEDB_bcell
GGYYQTAECLNLFGSKCF,0,bcell_shuffled
VIQWWQTQTQEVNIPGKQWM,0,bcell_shuffled
FPYVSYYNTKAVTVWDMDDP,0,bcell_shuffled
HAGMRSYQESEIYRPWFFNRRF,1,IEDB_bcell
RKYTNYEIDRTGCAD,1,IEDB_bcell
FGWNGEGQGRQTQPMGMFCQS,1,IEDB_bcell
TEKVDFLRQGWYKWRTRYELPNQD,0,bcell_shuffled
IPVRYGFDPYYERHNRQ,1,IEDB_bcell
QNSHWDVGFDPNVDRSNHTCQECW,1,IEDB_bcell
FICYVRQCNRLRAILD,1,IEDB_bcell
EWLMGGVGSHWHGERFEIWQCAFH,1,IEDB_bcell
DHYIDIWPATVIMLPHGCRFRR,1,IEDB_bcell
QLDCQFHYQTDQHSRP,1,IEDB_bcell
AFYWSRDSAKICKFTM,0,bcell_shuffled
ALCPPYYFRQDTFRTFHP,1,IEDB_bcell
FRIAGYYDSKYTAYSACNKMQDITK,0,bcell_shuffled
CFDNGNNATWKLLRGFTDHVGFVC,0,bcell_shuffled
DCAHYGVCIFRFHCWHWYYWT,1,IEDB_bcell
FPHVTENNWSLNRLDNLPWLLN,1,IEDB_bcell
IFGLRICVLSLINTHADDMNHQFE,0,bcell_shuffled
FTGTKMCCLTFYNLDWQGVNC,0,bcell_shuffled
VMICIWWQWFEASDECI,0,bcell_shuffled
DNKENFARANSYHFCKRG,0,bcell_shuffled
KGGLWTIEVPPCLSQDIHCSDYLSA,1,IEDB_bcell
HVGTVISQQNGTHIYTKC,1,IEDB_bcell
WCRNDCWKCNWVIDN,1,IEDB_bcell
DKYGACRKDFATNFL,0,bcell_shuffled
LIIMQNTCWFINPCTHRWH,1,IEDB_bcell
QYCHRMCDLPLFPRAFRQRDTCT,0,bcell_shuffled
VVKLIEHACGMLYAKW,1,IEDB_bcell
LPVWWPTDLPQVFDRMG,1,IEDB_bcell
FMLGGCQHNISNNCKDEIHDVLH,0,bcell_shuffled
HDWQEDQGLQTRSFMGFDYVFLD,1,IEDB_bcell
MWADFYDEQNQPVSTEFVHDQ,0,bcell_shuffled
HCVEMGDFRETHCPMWNC,1,IEDB_bcell
KPFKMEAFQASFWLMN,1,IEDB_bcell
NRVDREWASIWMRPFDEWLETFPN,0,bcell_shuffled
ANSRQQSHCHIWCEPGQMK,1,IEDB_bcell
HKQPEEYPRCMEQQMYRVTH,0,bcell_shuffled
LWRMNHTYITCAPDAGTKKCC,0,bcell_shuffled
FQLERWCRACREEPH,0,bcell_shuffled
SYSWWAAWMCGPPPTTWHAA,1,IEDB_bcell
DNEPKAFTRDDPVPSFQ,1,IEDB_bcell
TNVCARKDVLKNLNECWPMSVPQHY,0,bcell_shuffled
MCFVVCNIQTCENAQVCWILQILHI,1,IEDB_bcell
WGIGEIADRDFHHTFF,0,bcell_shuffled
HNELRWNDDGVTISLWYMWRCGWSR,0,bcell_shuffled
LHDYHCPNDYKGWLEQNQNANAHMK,0,bcell_shuffled
GHVPTQWCCPFHYQMIPEGVMRS,0,bcell_shuffled
RRNCMCERNIPMENAGGHPSDTEEV,1,IEDB_bcell
DPDGMQCGVNNMKPKYQLWWNWSH,1,IEDB_bcell
KCMMHGIPKRAKMWNDA,0,bcell_shuffled
KSHVQKQVDWVTHDSITRMWPIVW,1,IEDB_bcell
YQGAWPNKPPFEWYHMGEPKDGGL,0,bcell_shuffled
VEIIKSETIFIWENNCQTV,0,bcell_shuffled
YAPAQPDCFWMQGIWL,1,IEDB_bcell
MVSAKATGHEGILDPN,0,bcell_shuffled
ASDNMKDRNVRRRPNR,0,bcell_shuffled
SYGTHEGSAFGTQHCKGV,1,IEDB_bcell
PFLTYMGCFINSQIEKNHQR,1,IEDB_bcell
SNWSVAQFRMFMNYMSP,0,bcell_shuffled
ARNIVSGNFNIIMIMH,1,IEDB_bcell
QHWECTNFLNQKFRVSPRVYLQ,0,bcell_shuffled
RTMCEWCEVENLKHVCAEEHHV,0,bcell_shuffled
TMMGSEPVMIDNIVN,1,IEDB_bcell
MTERYCGFELTWNAA,0,bcell_shuffled
DCMSKWNPVSTVMVRF,0,bcell_shuffled
AKEGFCWRYEVQNKGKVMSWPTHP,0,bcell_shuffled
FPYAWRWAWRIREAANL,1,IEDB_bcell
YYSFIQWTWQDMEQPDN,1,IEDB_bcell
RNCNLKHVNERVHGRGSFVDWMGE,1,IEDB_bcell
YMISYIQWLCAAAKIYHHHQK,1,IEDB_bcell
NFKSHIGFETRHFCKGGAMSI,1,IEDB_bcell
ELENAHGLASMGNFVNDEVVTR,0,bcell_shuffled
LAFSIDDYDTNMHTQL,0,bcell_shuffled
GGGHVEECLSEPSWHVP,1,IEDB_bcell
TIVLPQHRYTYDTMQHTWKHK,1,IEDB_bcell
AVCKTSMENKAKCNW,1,IEDB_bcell
KRRTKMWHCMYMVVRQPIYW,0,bcell_shuffled
PFPKICWFSRCCSCNVMCWCRL,0,bcell_shuffled
ETDCTHETNVSRYQSWMFCGKMWS,1,IEDB_bcell
QWWRRCHVYRSMWSAEKTWTM,1,IEDB_bcell
SKFHLPINDHADMQFP,0,bcell_shuffled
GPETDMFWDWIGKKSYHAQHL,0,bcell_shuffled
APGHTIIQMHCLRNM,0,bcell_shuffled
MTAFGLFVAPTRFPVSQPLEN,1,IEDB_bcell
IQLKLQALDQNNYPQSSG,1,IEDB_bcell
ELQAMAGTVFMWWDWLFSQYTEHSA,1,IEDB_bcell
AWPVKHNSYGVLHAFIDACQTDKAM,1,IEDB_bcell
TGHPADLLSPWCHQW,0,bcell_shuffled
WAIGKWVHHKTEECHPHMVQEGG,1,IEDB_bcell
WDVSHEDQPGLLCVMTN,0,bcell_shuffled
VQPRFYPRWATHTESWES,0,bcell_shuffled
PPPTNSYARNVLKFYPGHVYRL,0,bcell_shuffled
QNRPERCAAYTKLWKHFL,1,IEDB_bcell
SNGYQSHIDGDWEKR,0,bcell_shuffled
DWIMFEKQNCNCDMDIEIQHSIGHS,0,bcell_shuffled
EWKSPKPAMLCQYAWMHER,0,bcell_shuffled
MLHKYIQPNTFLWLEGHEMNGDNTV,1,IEDB_bcell
EIDTWFRNKMHFHLLHTPPNYHRE,1,IEDB_bcell
WLGDMLQIGRTPDSQECK,1,IEDB_bcell
MCCSPQCCCVFVDYNSVQDGL,0,bcell_shuffled
MNFDPTKKYLHWMNPRM,0,bcell_shuffled
WHCDPKAGMQMKPSLTGV,1,IEDB_bcell
MWAKKRFMSPVKKDNVMFEPNIR,1,IEDB_bcell
ERGTCWIHTEVSDKLNIPKVFENV,0,bcell_shuffled
EHEAMAMSANFKAEN,0,bcell_shuffled
LTTVTKSHQFTKPSK,0,bcell_shuffled
KHRLFSIIPVKMTQYDRYYM,1,IEDB_bcell
RGWNYAGFMICELVDVFKHGR,0,bcell_shuffled
REEPWRHLEHMYCPWELWVVRFT,0,bcell_shuffled
ACTFEEENASVDRGQS,0,bcell_shuffled
QNDDRFKMKPPIYICSQKFPNGKDH,1,IEDB_bcell
EGVPAAMISEFMRHHD,1,IEDB_bcell
QKYNALFMRKRKEYTYPKTKPGVKQ,0,bcell_shuffled
NGLCAFCCNMDIEGWQNMN,1,IEDB_bcell
CPDMFATKRVMSPHEQNIHG,1,IEDB_bcell
RDPKLFGMASGQNPIHVE,1,IEDB_bcell
KDHKHWWMNPHFWGIGEWMGCT,0,bcell_shuffled
WTKCVELRVRDMIWIGC,1,IEDB_bcell
MGCISMERANTPECVGHNENRRPDE,0,bcell_shuffled
TTADRYWSFSIFCLGQF,0,bcell_shuffled
YKGFQNIHLPNCFIRTQEMS,0,bcell_shuffled
IFYMSTWCRYNIRPAINCRTQRS,0,bcell_shuffled
IFAYKRTGPQDKLMLNTVIGHM,1,IEDB_bcell
EPKDWNAIGWNYSWCDFDPF,1,IEDB_bcell
SPAEWMCTRQIYDPHNCQLQYNCRW,1,IEDB_bcell
MCQNKDFEFCCGWGAC,0,bcell_shuffled
HMYKAWIELACVKGLV,0,bcell_shuffled
AYWCILYATSGKTWQDVRDM,1,IEDB_bcell
KEGIFPRKYCFTCHP,1,IEDB_bcell
VPQTTWHPVYSLVHMPTVVFMICI,0,bcell_shuffled
SEFVQWDDLYKVHYMQYADPYKK,1,IEDB_bcell
NRHCRQVAWLEYTPPYEAHWAGQV,0,bcell_shuffled
WRWKTSMAHYGIDHRYGPWCV,0,bcell_shuffled
AGEVVLWYQADKMAMAPE,0,bcell_shuffled
PWWGWREGICDIGPDCVEFHAQ,0,bcell_shuffled
WLCQLRYFWRPCIRDQFLPASGCT,1,IEDB_bcell
IGWNESTKDIVVRHAWFDDQL,1,IEDB_bcell
QHPLIQELDGHRPYYGKD,0,bcell_shuffled
HICFTAIWAGNCQHERPLG,0,bcell_shuffled
CAPKARFMICMCVSTEVDY,1,IEDB_bcell
AMMKSDDPRRYIVCFDKKVPS,1,IEDB_bcell
MQLQFELQSINQPDHWHLQ,1,IEDB_bcell
EMRDINNLMLKKTST,1,IEDB_bcell
VNSDIEHNDHNDHSSV,0,bcell_shuffled
HCDWGNTMKWFEFACIDNHCLYH,0,bcell_shuffled
FRGCKTFFCYWCWMQMRLNFDG,1,IEDB_bcell
WQADFSKVRTVYCRDFT,0,bcell_shuffled
DQSNHFCDRDSIYAMPNCACA,0,bcell_shuffled
FRANYALRYHEACVHD,1,IEDB_bcell
KRAFARDVARCHDEKTHDNGMHPMG,0,bcell_shuffled
DNNCKYGNHFMNLDVDYM,1,IEDB_bcell
PWECHHQIIGTCPPWCKLVFLA,1,IEDB_bcell
GPYNNEWGWPMFACIKSRWWLMKLM,1,IEDB_bcell
CENQWSYPERPGMFHC,0,bcell_shuffled
CFQFYCAHWTPIYCNHNWII,1,IEDB_bcell
AVYMAKKSSLQSGRHCNLYTLM,1,IEDB_bcell
LGTQNCYDQFVARAPADERLHQRYV,1,IEDB_bcell
TMDDWLLNNCHQTINYARFSAMDN,0,bcell_shuffled
MDCDCKWWTQSLTLTNC,1,IEDB_bcell
QQMPVSDDQDSQPPRN,0,bcell_shuffled
KPTITQGWDLHIADTHDQIEFAMHF,0,bcell_shuffled
PEAFIWELCSMAFMCAEEEL,0,bcell_shuffled
IWRDIYQKQNISLRQMTSIHRDGD,1,IEDB_bcell
DAWVACTTYHGPPVVDWVFY,0,bcell_shuffled
MHHLVYYYRHQTVQYFNHRCQNLCE,0,bcell_shuffled
YSKCQTVDKLLLTAMYCPRA,1,IEDB_bcell
TANSCLWEKTPTGDMGPFRH,0,bcell_shuffled
CTHQLCIKEESGLRQ,0,bcell_shuffled
YNVYTQHWRLMTMERKGD,1,IEDB_bcell
TKMHQGEMRQEWPTWNDQME,1,IEDB_bcell
VEHQYQMMEDTCDYHDSDQPCKM,1,IEDB_bcell
LSVHYFNKPRDSAYCSMDK,1,IEDB_bcell
YHNTAARLVGNQRAWCFMHGSFLNH,1,IEDB_bcell
DSSWFKTNNMERYYSGRAC,1,IEDB_bcell
DKAFDCHPPCDCGLLRDNWRA,1,IEDB_bcell
EGPGCPMEVSLYTSVQHF,0,bcell_shuffled
IIQKEWCMNQTNFFGPANDNIECY,0,bcell_shuffled
HEYCAQLWMIIASPTRCS,1,IEDB_bcell
ISQAVHAAHAEINEAGR,1,IEDB_bcell
NCWFNGFTNADDCPSQMT,1,IEDB_bcell
YRIVPCAPMAPDYFNFP,1,IEDB_bcell
RMHAQYKNRGATPNSR,0,bcell_shuffled
CEWRYCWCKSFHFCRAIDKKPLFE,0,bcell_shuffled
VHARRAYNCSPIMYQDYW,1,IEDB_bcell
ETKAKIHMKLKSTMY,1,IEDB_bcell
EYKKSVKDGIATHDNIQHT,1,IEDB_bcell
RMNPGGQQPACDGHVES,1,IEDB_bcell
ESTETHEKPPPCAVRMYAHFYDKNI,0,bcell_shuffled
HRPRYFKSPWNPGAER,0,bcell_shuffled
AVCWKMCKKATNENS,0,bcell_shuffled
IITVYMWCTPACEEERNPWKIV,0,bcell_shuffled
GAKATPLQQNEADFGDELIMNV,1,IEDB_bcell
QKHPAGYKFIEGARQPIHQH,0,bcell_shuffled
YNAEPFPDWGGYISRHIDV,1,IEDB_bcell
EPHTDGMINMTTPMCFALHY,0,bcell_shuffled
AHNRRDKYMFPHRYRTPWT,0,bcell_shuffled
WNWRFFILQGACVNSTYGFTT,1,IEDB_bcell
PADCWLQRTRRCPCYSFLFGQIWL,0,bcell_shuffled
LLFKKGYPYMMMPPDTWHS,1,IEDB_bcell
GNEAISGGFTELNGHHMVPNCRMCF,1,IEDB_bcell
YVRLQLIQDCKNPFC,1,IEDB_bcell
CYEGHDGQYMIVPMVVK,0,bcell_shuffled
AANYSDKLKQKYKWTLCGWGF,0,bcell_shuffled
QWGYEFATDEAELCLGVAERR,0,bcell_shuffled
KTGRYMDAYRMYDNGMCVTCPQKWE,0,bcell_shuffled
QWQEHQLQQFLPGWIPYKQD,0,bcell_shuffled
ATQWHKIQRGYAISDSKCLAY,1,IEDB_bcell
MYYQVNIHHANNTFFIVCE,0,bcell_shuffled
WKWDYICMCHEPMVKCRDNARK,1,IEDB_bcell
CGNWVERKLCMLSDIFEAFFLDYP,0,bcell_shuffled
WWAPANARIRYFAERLW,0,bcell_shuffled
GLLKCKHYSPTQQNKRINT,0,bcell_shuffled
ANDTGAPAERVTLGEC,0,bcell_shuffled
TPDHQKRPWVPKVIYCSVA,0,bcell_shuffled
DQCMLKQASPKGPKPAMLLIH,0,bcell_shuffled
WNLLTEKTYSGHQTTLCS,0,bcell_shuffled
SLTKLYFLCFNGLTHYIRCLGMTAR,0,bcell_shuffled
ECPDMFEENKELDKAV,1,IEDB_bcell
VKEAHRFRHTLEIPEWKMKCMEVRH,1,IEDB_bcell
IICWPGIKEKFHNPPQPR,0,bcell_shuffled
VLVVHMAEVSTRTVIWKKYEWLK,0,bcell_shuffled
AMWEMFRDDKCRNFIFVDERR,1,IEDB_bcell
RECHAMSVGHDNKVVTLMQGHPM,1,IEDB_bcell
VGFNCNLKGWLTFTDDANFCGRVH,1,IEDB_bcell
HRHKLHWHVGHRSPNLE,0,bcell_shuffled
HCSCQGQKGWNFTGLRFIYLTYLPP,0,bcell_shuffled
VKGNVGPQFKPKSMTRKCKT,1,IEDB_bcell
SWHSTCSGIMHQWLQQCHP,0,bcell_shuffled
GEWQLNRDDWQAIPKDCADYFDDCK,1,IEDB_bcell
KAIQQACCHYLASWNSYR,1,IEDB_bcell
DAMWMADKTSWMFFCTYVQ,0,bcell_shuffled
AQWRNGVYILDLRDKHWQTELTH,1,IEDB_bcell
KGEDGMFTEQEYGHWRG,1,IEDB_bcell
IAWKCLYRETRHWGR,0,bcell_shuffled
TNIDGELMYFYIQYCQS,1,IEDB_bcell
PINDPCLEKRDHGSSWSKNKVCR,1,IEDB_bcell
TAFEANGSCVRQEESD,1,IEDB_bcell
IENKPRVTMLMWYMIFPYS,1,IEDB_bcell
DQPDSFKFDSYYGCLADQK,0,bcell_shuffled
MAFSLNIAGGTNLRIPVLEVEE,1,IEDB_bcell
LCKYTFMISNMEGNHMW,0,bcell_shuffled
NRHANYRWCGMLSNPTTMI,0,bcell_shuffled
SIHQGWILGDPMQWCGTWRSNICS,0,bcell_shuffled
YKVVITKIGWVVDKNDGCQVNHEW,0,bcell_shuffled
PQKQNNDLALSYLQQSGI,0,bcell_shuffled
GTIMRECMAHCWGIINQ,0,bcell_shuffled
IAYMEMWIKYFWKFTGMGSWEV,1,IEDB_bcell
KHIFYRAMATMIHMRAW,0,bcell_shuffled
TDNSDPERPKVDFQFAP,0,bcell_shuffled
ENRILKHDCKLPHLWYMCHFEADRA,1,IEDB_bcell
LIHCQSRFIKETVGIRFHRT,1,IEDB_bcell
QYGFVSGTQYNHVLVGN,1,IEDB_bcell
AKHPIAAVCVFNRMQFNA,1,IEDB_bcell
FECACLVPMEMKTRYR,1,IEDB_bcell
QRFSCTPTQDGHMVNYIKPSCH,0,bcell_shuffled
PQFYNDRVGFVLYYP,0,bcell_shuffled
SFSTCCWNNDYAKLLIKP,0,bcell_shuffled
CLFMRKQCPNLRHFYHQ,0,bcell_shuffled
NTSKLLSNWCEQRMIVTVCWYKLKC,0,bcell_shuffled
SQHIEMEYYFIQDGQESWLQPR,0,bcell_shuffled
ENENTMSLNYGRETTVA,1,IEDB_bcell
NMLWGLNIHMAIFTMMG,0,bcell_shuffled
YEDGYKYARSFMWDIEERS,0,bcell_shuffled
HFVFLEKQYVH,0,bcell_shuffled
HFPYSDCWTWFEIHYPTWSR,0,bcell_shuffled
IHEKFQYFNCKRPNLDDK,1,IEDB_bcell
IKKWKQHSIIPQVNMFPRF,0,bcell_shuffled
KCFMLRQSFYQIFRRSASICATDE,0,bcell_shuffled
QRVFQAPITISTWQDADKSD,0,bcell_shuffled
NTTHFVREHEIHHWPYFRCY,1,IEDB_bcell
NPIYRVIQFIDDYYA,0,bcell_shuffled
YIYMWYNVDPYKGDTD,0,bcell_shuffled
MGGGRMEFIQNIWMDAPVSWIEM,0,bcell_shuffled
QIHQLWFYDCFTAETEHKVW,0,bcell_shuffled
ERFSKMLNVVNQNEKKVP,1,IEDB_bcell
HHFCSPNASAYWKIFHMTSNSV,1,IEDB_bcell
PKIQEMFAHGIGVHKNNDIQQ,0,bcell_shuffled
ERHFCMSHEECADKK,1,IEDB_bcell
CTWWCSCPHWVCNKWGHFKYFGK,1,IEDB_bcell
CSWPMICRLVFMTGEAFAWFL,1,IEDB_bcell
GCLHDHVCAYSKTATLNL,1,IEDB_bcell
EMKIQVHHDEGIWTGRNHTFRFSP,1,IEDB_bcell
ERPFEHWMWCQGPTV,0,bcell_shuffled
LTREAMCHLPTHYIQ,1,IEDB_bcell
VGCKNVTADWCRCFD,1,IEDB_bcell
TDDHCQTALQRLFWKSLLFRTAN,1,IEDB_bcell
QCVKHYDIIQVKIPC,1,IEDB_bcell
RHGFLWRWEMAYKAPTDVHIAMKAP,1,IEDB_bcell
NYVYSIMGFVQDYDCVRT,1,IEDB_bcell
DADDNDVQIRLMQPRWQPT,1,IEDB_bcell
YRHTDYHEYEYEYFELI,1,IEDB_bcell
GYPWGPMETHFQWPSMAVIPH,1,IEDB_bcell
FMEMCHRMPEWMAYGDPQTDWGW,1,IEDB_bcell
ARGALSMSEMINTWGYMPQFATPD,1,IEDB_bcell
IRNAYVSLRVEIMTVRPNATGMCDG,0,bcell_shuffled
EQGMTLSMDGMSGALF,0,bcell_shuffled
CISHDNSDFKNQERYAEINS,0,bcell_shuffled
WKTRSRNDGYPHAWGRKTGSPAL,1,IEDB_bcell
DSRPKVDGKTYAEKAVTMTM,0,bcell_shuffled
TTAFMQINRKFRLPEDDDWSKWSF,1,IEDB_bcell
EANVTQFWVVSIGWDSYICM,0,bcell_shuffled
STCLWHAFWEMCIYR,1,IEDB_bcell
VHMPWGDEQGSFSRERKLLRS,1,IEDB_bcell
EFNHDRMTIQVYPVSETS,1,IEDB_bcell
MFLELPWQTIQAYKGLYPMR,0,bcell_shuffled
FYFAMAWHEWKNACI,0,bcell_shuffled
TCWPGDPEYAWPGQLKFK,0,bcell_shuffled
EKYSPSSNCRMVVIWKSQ,0,bcell_shuffled
LDAAYSTNKFTHAFD,0,bcell_shuffled
YPRMEQFDTFDDRMMDWFHNCFKNF,1,IEDB_bcell
PHCLSEKNRGEGQDMDRKCLL,1,IEDB_bcell
KDSQSFGRHIEMTHENDI,1,IEDB_bcell
YCCRIAFLIKIAPTGPDGPIWGHLP,1,IEDB_bcell
AKWQWKEIHQAYCTARFRVEWDDH,0,bcell_shuffled
LTWWSYEYGNLAATHQPCAYHA,1,IEDB_bcell
ETFVPWAIQKNDSQQRGWFQNA,1,IEDB_bcell
QHRVRCCAMRIMCWVI,0,bcell_shuffled
GNLAKNHDTINQCGMR,0,bcell_shuffled
RHGKCAECSVWPHPQE,0,bcell_shuffled
FTHCSGCTRSANLAWLNPTHAFYC,0,bcell_shuffled
QSHRSHTDRTEMISIDTIWDNCGCR,1,IEDB_bcell
ETDHYYVKDQCGYWAIHTNALL,0,bcell_shuffled
PDTQWINKMPMIFNSRKALQAS,1,IEDB_bcell
VSIQGFWFCHMGFGPEDQMDSNH,0,bcell_shuffled
LVDDSLFKWNDDLKRRTIGDVD,1,IEDB_bcell
ETLRLMIWDLHVAFCTKQHK,1,IEDB_bcell
LLCNELSSDVQPQMSIRRVLY,1,IEDB_bcell
SKAENQILITMVKRDMIRGKNDV,1,IEDB_bcell
SIKFYPLRFPWKLGSMLL,1,IEDB_bcell
TDPVFAHEGINSWAWVICHAKV,1,IEDB_bcell
CDEGQTLQKDQHKKNTRTGTKLAW,1,IEDB_bcell
PYPKLYYNVMAKKQKKRGETKRQTF,1,IEDB_bcell
VDAISNERTGLMCRPYKVTD,0,bcell_shuffled
RYARINMCPRCLYHYHAVD,0,bcell_shuffled
HLYVNATLMDHCCSWSQA,1,IEDB_bcell
MSYGDQWGMNDPTRLAVHWDDV,0,bcell_shuffled
TFTCCKQNCRQFMSY,0,bcell_shuffled
QCVRRVESWKTMGFTFDPFKF,0,bcell_shuffled
PQNQRFREIQIVQHKR,0,bcell_shuffled
HWECNSEMNACSRPVNPDLKFI,1,IEDB_bcell
EFMVVTVPAHQPFHQMRRDIQT,1,IEDB_bcell
LVQWSNHSYNGYFAE,1,IEDB_bcell
VANVDDGLYPNIHPTHKDST,0,bcell_shuffled
TETLFNNVTELRRFIEKNGRL,0,bcell_shuffled
MIHSEEFRFLAILQKIWSDGELNL,1,IEDB_bcell
AKVYCRYSEWRVQANFY,0,bcell_shuffled
RLNSCDPKNQANPRVDPWPPWL,1,IEDB_bcell
QFAFQREICPPYSKFPAMKPP,0,bcell_shuffled
TTLHGKRWCNFPESWY,1,IEDB_bcell
QWDNISVSSDCLTQGKRYVVIHP,1,IEDB_bcell
IPFTQAPQRMEQDFMRHVVTHV,0,bcell_shuffled
TKKFYWLEWSKEAMNCWGTQPH,1,IEDB_bcell
MMHPIWAYLMNVVEKTIQSI,1,IEDB_bcell
DPFQDGCAEDPYMSIQKFPPNSDR,1,IEDB_bcell
PADDYNVLKEVEKWCVFVKD,0,bcell_shuffled
AIMWLGRTDRNDYDSSWPNMANITH,0,bcell_shuffled
FSYAVQCCDKENFYKSCLL,1,IEDB_bcell
DCGVGPFIRDHIWPSVYHARH,1,IEDB_bcell
WCMWPCPIMMSKHATMAIVP,0,bcell_shuffled
TQKQDCQQPMFSTHSHKPHRTKN,0,bcell_shuffled
GMIKYKYYPQRNTMYREPPTCMIP,0,bcell_shuffled
GISPNEEKSLRTVTPPIWE,0,bcell_shuffled
NVFYKQRMDWLKGTEECSVIFTLY,0,bcell_shuffled
SEFNDCPFLISFFGIMD,0,bcell_shuffled
LGMLNICVRKRDYICCRRSFEMLTN,0,bcell_shuffled
MPSRHGCEAQPVGQNDG,0,bcell_shuffled
GHGAKTVVWERGYANKR,0,bcell_shuffled
KKTKCPGFRPGSKVNTKVQM,0,bcell_shuffled
SHKAGIMLCMKPQLPLDPKAQ,1,IEDB_bcell
MNHWSYQACMRFNGSNIPQLYFPW,1,IEDB_bcell
SAKTVQPLYWLAFAWPYQMIMNQM,0,bcell_shuffled
IFRQAWDAHFAHRMWD,1,IEDB_bcell
TGVRYWMGTTGQAAD,0,bcell_shuffled
RCNPYAGRCEPKTPWGNVFGIAGE,1,IEDB_bcell
DGGWFDQAEKICQQWWYAEMF,1,IEDB_bcell
SATYLGCIVQDNGNTEYNTL,0,bcell_shuffled
EPYCQISPITDITCYC,1,IEDB_bcell
DRLTDPPPFVGWMQWLV,0,bcell_shuffled
PHYMKQFSMIPSKNGSHSRAIHH,0,bcell_shuffled
VYCCKQRGDNWWMWQPLLCGLTPW,0,bcell_shuffled
DVKRTAMAKENREQNRPEPKGGR,1,IEDB_bcell
RNRHVKHNMWWAFDNYDRCDQYDC,0,bcell_shuffled
QHLFTKEMYFDTWIDWNMGRFLKS,1,IEDB_bcell
DFFLKWALQEERVMPR,0,bcell_shuffled
GHNICDGFEKLVDHQLCHNNMIS,1,IEDB_bcell
NLVRDLPQGFSALEPLVD,1,IEDB_bcell
CDAEMHFEAMYTGQRNPAVCTEGK,0,bcell_shuffled
YYIRMDMSGVTMPFYFELAPTT,1,IEDB_bcell
MLERGCQCVGRVYWF,0,bcell_shuffled
GDSCCTLDHGENFCCKRPCIAMW,1,IEDB_bcell
EGPIANMETQATPCIWHCWWGFA,0,bcell_shuffled
SRNVLVFIKIRMSPLYMGGVSH,1,IEDB_bcell
CNCCMGFCNRADMRSYNKDVT,1,IEDB_bcell
GWPFPNQGQLGRPANRGHFTV,0,bcell_shuffled
LQAEGQGKGSHMNFVPFTCD,1,IEDB_bcell
KALLDHSHMKQIWNRMCFLEWH,1,IEDB_bcell
WWHICPAMDSVAWERAYCMFRPYS,0,bcell_shuffled
HYNKYCYEECQAEQDCYELVEVYV,1,IEDB_bcell
WPIFPDLWDKAGYCAQNDKTQHDG,0,bcell_shuffled
SHQWEYSMSRKHNEWQDVI,0,bcell_shuffled
HGNHKHKAALSMQNMHMMNALMTHY,1,IEDB_bcell
DTYFCWTIQHPWINICRD,1,IEDB_bcell
CVLVLYYIPAMKNEICHTGNG,0,bcell_shuffled
VYYRAEREGDKIQPFEGGTEGDQ,0,bcell_shuffled
SMARTMMKHFEGEFTLIDQHE,0,bcell_shuffled
CVFVQCCDHVYMILIHNS,1,IEDB_bcell
FLRVSVGHDQFTDEGSIAEC,1,IEDB_bcell
HQPRITCHVDTNCPREVAN,1,IEDB_bcell
MWERDGAMPLPKLTCTWAK,0,bcell_shuffled
RCDGKDLQADWLGAPFSFGTFF,0,bcell_shuffled
PVRKRRESIVTMECEPHCPGHIDI,0,bcell_shuffled
WEPCKLGSVTRQWKGWNVNN,0,bcell_shuffled
IQAETQMYTNLNQYQDL,1,IEDB_bcell
KHHDRVTWHKAGCVTWWCIH,0,bcell_shuffled
FCHILHLKPECDFYWEAGSRYNSG,0,bcell_shuffled
SNVKNFRKEFWGYPTNGPIPD,0,bcell_shuffled
ALFMRPRVLNNTAYPVLAMRW,1,IEDB_bcell
HGPKVFGDVLSRQLMPT,1,IEDB_bcell
VLYKPSFKYQSYGWPSLCQGAATI,0,bcell_shuffled
APPQMICVETSHEECMDFHYW,1,IEDB_bcell
CISENIPRPAHQSHFKAWAC,1,IEDB_bcell
TDPKPESRQFRNPALVR,1,IEDB_bcell
DRNSDHECCDGQNHSWTVQFNPWV,0,bcell_shuffled
KFWQPTLKNMHGWDCVQLW,1,IEDB_bcell
LPWFRVQTLEMKGHHHSVYSYRCT,0,bcell_shuffled
NNAGDHEDININKNQILTVYPQRHA,0,bcell_shuffled
YPGMHIVQWAISHKPYFN,0,bcell_shuffled
HQNFWVAYLYESGNS,0,bcell_shuffled
LLIHWILINQDADAFWA,0,bcell_shuffled
PWEPQWPGKHRWRDLNDNVTTC,1,IEDB_bcell
RHQRVAMSFATAHIHSIWCERIHYG,1,IEDB_bcell
AKTMYWFRDISCSKAF,1,IEDB_bcell
YSFHNIETDSWWVADCFMVAPWECL,0,bcell_shuffled
HDILVDQCPQAKFRLALFAN,1,IEDB_bcell
CGIAAIMLGNPQMGVMGE,0,bcell_shuffled
REDPKEPVALTLAHVMFQVEMAV,1,IEDB_bcell
PGMELHWYQAIMHCMHDFSAQ,0,bcell_shuffled
DFWRALKGPGCDYNN,1,IEDB_bcell
QGTNLLGCCGDFEWNCWEC,0,bcell_shuffled
VFETKMQNVVSGNSLEA,1,IEDB_bcell
GIVLMRQEGMKLYSQEMFNGKGS,0,bcell_shuffled
IPKDRGDPKDKKCPNFYIQNHMSFQ,0,bcell_shuffled
FPFFPLRTLHMEWID,1,IEDB_bcell
PWSKKTGKEDSFPSG,0,bcell_shuffled
NYGVSIWNFACCFWDP,1,IEDB_bcell
HVAQGMKDTMPCHRSNHVGLEMV,0,bcell_shuffled
NTIIMICNPWCRTMCVEQKGYIGDY,1,IEDB_bcell
HGWSWQAQRSTGMRGPSTDCRAP,1,IEDB_bcell
WVNILWLIWDDFYWRNAG,0,bcell_shuffled
PSACPEIWIVLSSKNATFWSHPAY,0,bcell_shuffled
FTRTVTYMMNGWIRWIALRPMD,1,IEDB_bcell
LCMAFQDAYATSTMTMCYYIA,1,IEDB_bcell
LSISEISYDWDLWQEMMNLMCI,1,IEDB_bcell
CGEPNMFKVYTSVGCCEDCSCN,0,bcell_shuffled
GQEWLHKNNHDDMPCHLK,0,bcell_shuffled
WPNLHYKQHKEPDWIK,0,bcell_shuffled
TAVEQNVMKYPRVNTLMTMGG,0,bcell_shuffled
CNIIQQIQVAWFNLEIHMCCTVCVL,0,bcell_shuffled
GICCASAFEDYLYFTHRIYY,0,bcell_shuffled
SDVICGHGGSQHDMFMPEWQFFN,1,IEDB_bcell
TSTYEDCLNPTQPWKT,0,bcell_shuffled
YSHRDQCCRGLKGVIAKKIAW,1,IEDB_bcell
TMKAHTKKHCGHYNFFPAPGYQHVH,1,IEDB_bcell
FIQNYPQYQLWIIDHTAHD,1,IEDB_bcell
DNWGFEDCFHDVTMATDLIDEVCRM,1,IEDB_bcell
QYYRLVFTTVVMTAESWCSM,0,bcell_shuffled
PTAVSKDVARTFPAAPIP,0,bcell_shuffled
THDFWMPHMIRPSCWEIDS,0,bcell_shuffled
VDQVDNMEWCDQHHDKERCP,1,IEDB_bcell
YPDFDQTHGMHQWWNHQ,0,bcell_shuffled
AMVHIHNFIHESKNYHTWTVTT,0,bcell_shuffled
WEDKALTDPELTYTFVIQPRQCWW,1,IEDB_bcell
QVRGGGWRNCDWDSQNKCPDQ,1,IEDB_bcell
HRHCVAGWPSVASLINS,0,bcell_shuffled
MLCQDCNRWWWVIPPMHKD,0,bcell_shuffled
WMRALVFANPMVYATPRLLRN,0,bcell_shuffled
QQNRGDRGQNPAWFAMPMI,0,bcell_shuffled
DIMCTMIITRDNELFAFKAFATM,1,IEDB_bcell
AHKRNAAVPYFKGIEFKNVHI,0,bcell_shuffled
YCREGNKSREKRYHWAHTLDDIVA,1,IEDB_bcell
LCFQLNSSRNHKPALMSCFCFAQ,0,bcell_shuffled
PAAYGKLGAERNRYFQI,0,bcell_shuffled
SPPPKTKLWEEPHSAPVGCFTM,1,IEDB_bcell
PVTSQTVGCCAEDNF,1,IEDB_bcell
EHRYSTRQLGPYAKCAS,0,bcell_shuffled
GNCSTTVWEYGMNADD,0,bcell_shuffled
DVNPTNYAQMRH,1,IEDB_bcell
IRTRPFICHHTDTVRIKNSN,0,bcell_shuffled
RHQAHSEHLGDAHHVRSCLEYCQ,1,IEDB_bcell
AWTWKFYMESFASSPLLHFWITYDV,0,bcell_shuffled
MIIYNCDGDWDHVNSESHP,0,bcell_shuffled
VSDHAWYLDFVQKQPKMYYKYED,0,bcell_shuffled
YMDWWTSIVYYTAWGLLV,0,bcell_shuffled
YNFKSHPRKECSRHMCPWAFKCT,0,bcell_shuffled
GVCMIFCWRNQGPDSELCTP,1,IEDB_bcell
WEGPECMLTIWDECTNHSCSTN,1,IEDB_bcell
ENSVWQTVNWRPLNQQRMMDFDW,0,bcell_shuffled
PWVGQYAFIYESHSFAC,0,bcell_shuffled
VAKDHNVFCMCNEMWTGAV,1,IEDB_bcell
DSGWKRIFIEFYEESNFIVNAIW,1,IEDB_bcell
DMLLMQCANIQEQISINWKIWC,1,IEDB_bcell
PRWTLFSWDRKMNYS,1,IEDB_bcell
VYFDKYKGEPVMDVKK,1,IEDB_bcell
CVRYNSNNGEECCRF,1,IEDB_bcell
FVCYDNWAQCVRLLFV,1,IEDB_bcell
CCGRMSQGSLNTYFC,1,IEDB_bcell
FAWNRPHYRLECTKQLKA,0,bcell_shuffled
WKVGKLPYVIWPVEEGESGGCTN,0,bcell_shuffled
IIAIPAWLFNPPCWDNNAKSQQM,0,bcell_shuffled
YIGEMRMSCIPLHRQCKTII,0,bcell_shuffled
DLHRMQLTGHSCFPGQ,0,bcell_shuffled
HESEQVMTLYHGMSQSWNGWFDAD,0,bcell_shuffled
TCRQACRDGCMDQCGPG,1,IEDB_bcell
PGALMSHVVTLCCPCTQAPGEM,1,IEDB_bcell
PPIHLSQLKDINVTRVLKMK,0,bcell_shuffled
YYNSNVWRYLPKENMVD,1,IEDB_bcell
RAHMRTWNTQPKYWPKKV,0,bcell_shuffled
WVQRTAGYRRINPRIAED,0,bcell_shuffled
PGDQCCACHMLRGVMWKDDKKL,0,bcell_shuffled
PDLKPKQMFNEPDEKMRRMRYWD,1,IEDB_bcell
WVFDHVDKMCGKKWIIICLVH,0,bcell_shuffled
QQKSYMWGPVFWSQIFG,0,bcell_shuffled
YWFMEECEGVFFRNPCP,1,IEDB_bcell
RMNKLHPGKWFCSPIDYEWNAFP,0,bcell_shuffled
CSCLHAVWPMYPTKRVYVH,0,bcell_shuffled
NWQNQNCYLYTHEMRS,1,IEDB_bcell
MSTQMKVVTNSDPCDKIPL,0,bcell_shuffled
ICSREMPNKSQQHGAWHCQ,0,bcell_shuffled
WIMQDPVNQQDRDTALRPD,0,bcell_shuffled
NSIIDFLTVDKCEVIVT,1,IEDB_bcell
QNMCFGSRLLDGCMPRKVCDWY,1,IEDB_bcell
VEKFFWKLFGWQKCSWIVSWWCWHV,1,IEDB_bcell
QFKTWGSQQVNWLKYLY,0,bcell_shuffled
YKTLSLVWQGCKPLPH,1,IEDB_bcell
IGAADTLHIQEITCMHWLNI,0,bcell_shuffled
PCIQFETAWFSWCRWLFMMQ,1,IEDB_bcell
HSCHRFENVITPEYNIFNNNWCSFQ,0,bcell_shuffled
CANELEIPAMVKLCG,1,IEDB_bcell
YYMHFYEKDWCKWDH,0,bcell_shuffled
LEHAPNHYTLWNRHPNFPCWRQ,1,IEDB_bcell
ESYSDEDWCVIPTPW,1,IEDB_bcell
SPEDHAIKRDEVLMFTPTKEL,0,bcell_shuffled
EHFYMDWKHDKYWCY,1,IEDB_bcell
YGDFVGWNYFALPNKNKAQY,0,bcell_shuffled
ERLVFGPDLNDSVLLQAP,0,bcell_shuffled
FNMAKSKERGVESPGKVKLYCPD,1,IEDB_bcell
TDCKWCTMEMFAMYQTDDWEALQ,1,IEDB_bcell
VTSFEFWAQDRHMYIFKYEK,0,bcell_shuffled
VMWQEIDRTAVMVLVWYMGMRYMTC,1,IEDB_bcell
CPTHREQQTLDSEMWQNAQSDFFKE,1,IEDB_bcell
MDYFDGHLAVANRFLLALDVR,0,bcell_shuffled
ERCRAEPDSKNSHEQAMQEEKDQ,1,IEDB_bcell
LFEPIGHCIYVDCSMSREQ,1,IEDB_bcell
WCCDSYRTKSYNPWDGIEQHL,1,IEDB_bcell
YWCKLKPDANITRMETQDTLSA,1,IEDB_bcell
QDTTKRSHWQTNTWAEP,1,IEDB_bcell
AQQRTIEIHVARVFA,0,bcell_shuffled
WTMDVVTAKHRETYLPMTGQTE,1,IEDB_bcell
GYTWTENTAEFSHCMTNPQWRV,1,IEDB_bcell
KQYDIENNIDNPIVGLQHAHNNRTA,1,IEDB_bcell
AQAFSWPKIGSFVPSVPMLD,0,bcell_shuffled
YCRRRWTEWTSNTGNCRTHM,1,IEDB_bcell
PLCFMCSNRQSACNLHSFKFQLA,1,IEDB_bcell
DDAYITCMHLIDMGCNF,1,IEDB_bcell
EVGLCNTGTNNLVFFGT,0,bcell_shuffled
MEIGHCNRCGTALTYG,0,bcell_shuffled
NSMVTEDQCVVSMKQN,1,IEDB_bcell
TIFVWLPGLTAGQSFPSIWGHKWH,0,bcell_shuffled
LCSLPCIMQGWHHFMRTS,1,IEDB_bcell
GETPAEFGLDETVNH,1,IEDB_bcell
QCNTSPLDELASRCAVKVNP,0,bcell_shuffled
GSLLPGRDPYFMFFL,0,bcell_shuffled
ENHFVCSWENWHAVQNWIPTLDAS,1,IEDB_bcell
HKIVTHNTWVMHYHAINFSETT,1,IEDB_bcell
NIMAQAEQVGGTMMMCPDCVWC,0,bcell_shuffled
KTCQLRIPSTHNLGYKKQN,1,IEDB_bcell
MATKAMWDFTDWFCQYVSM,1,IEDB_bcell
CVRGAYGHTYPWDRMDRESIN,0,bcell_shuffled
THTLDSRNYGIWNQLF,0,bcell_shuffled
ESMSHKLQTNHKGYDF,1,IEDB_bcell
EPGLCRAGAVTTNDAE,1,IEDB_bcell
IQMEIGVWHNWSIENYWSPRFNDGY,1,IEDB_bcell
VEEEYMKAGFFNVKQKLYEIWEGKW,0,bcell_shuffled
APEKLFKNEMVEDECD,0,bcell_shuffled
IISFGRPSPKMMAATLTSLSIGH,1,IEDB_bcell
KGQKSSMPALMHKWGYHSI,1,IEDB_bcell
MLMPEQLGGGGAPEMEHPRQTECN,0,bcell_shuffled
NMHHHFIKEVSKTIGQNTYELR,0,bcell_shuffled
HRLCILVSNVVDCRMAN,0,bcell_shuffled
AKDPDGTCQECQVQADEEIIIAVFT,0,bcell_shuffled
SKIMFTGTEWARQLEKRGR,0,bcell_shuffled
VMRITWNEPGRFLFHDPTP,1,IEDB_bcell
QSQKGQNVLVEAMDYCSWQNPPQ,0,bcell_shuffled
VSDFENYFGSKVMYQQSKG,0,bcell_shuffled
QPGCAWVIVIHHNYQPF,1,IEDB_bcell
SCVCINIIWNKLTPPQSKLTLVR,1,IEDB_bcell
NIIQDPEHMAEWYDAGRN,0,bcell_shuffled
ISVRGHKMTPMYTRV,1,IEDB_bcell
IVLTYYFWPWLFQITHAFEGM,1,IEDB_bcell
WNQWEFIPIYFWSRRESAEWPHIS,0,bcell_shuffled
WAFYFANGILVWWIR,0,bcell_shuffled
FPFMVPGAVFIDRWKEN,1,IEDB_bcell
HPPVELHDGREFPKCQPAACRAH,0,bcell_shuffled
YYGTMLLFDIDQGEIYKGPMA,1,IEDB_bcell
AAEVKCMFCYWFNGRVTM,0,bcell_shuffled
SYMTAARYAAQPNQINDCMHDCICW,0,bcell_shuffled
WPCRTSERHEREITERWIHE,1,IEDB_bcell
KYPVPMIWCKLFRIGGCRTKMMTC,1,IEDB_bcell
IAWKKSKWQEMWTKNPL,1,IEDB_bcell
IGYPDHRDIHVWCRAPGHFVS,0,bcell_shuffled
ATYHLFGWWTTHINDP,1,IEDB_bcell
EMTFHTPLCQHTCTMKPQCHY,0,bcell_shuffled
SWIRISEQAWPPYREWWNFIFESH,1,IEDB_bcell
NTDIHTPVMLSWMSDVCC,0,bcell_shuffled
NSDKERELHEVWTPIGVKCINVFT,1,IEDB_bcell
NEGGDADFRQSRCSVCSDASMGYC,1,IEDB_bcell
MLEQRTQQYWCHRCTLETENVF,0,bcell_shuffled
YTDSSEMWYRFQGRWASQ,1,IEDB_bcell
EIQAQHQGNHNRIAAC,0,bcell_shuffled
DQPSYQNWNFHRNKLMMDWF,0,bcell_shuffled
QTGPQINWQSQATVVPGF,0,bcell_shuffled
ADYCQRWDQCQDLSMAECGIFYYIG,1,IEDB_bcell
CKGCCFPKRTMRWMIMKPTGLIVY,0,bcell_shuffled
MAINLFHIGEWERESCRMDMAKISL,1,IEDB_bcell
IGHKTHEWQEHGHPKVVAMEGCW,0,bcell_shuffled
SDRHCKMMDQSSYNMFIW,1,IEDB_bcell
EALCSYSAYGDEIFVYCH,1,IEDB_bcell
TRQLGHDMCMFWYRYMQCI,0,bcell_shuffled
RVAQCMRMRIWVHICC,1,IEDB_bcell
NGIYKNTKQDSTSSTTGEIK,0,bcell_shuffled
QDYCCEPPLNMDAHAEMGSL,1,IEDB_bcell
IVGENNSVVIWKQEQLMHRMCIS,0,bcell_shuffled
PTLKIKGYHVRAKCCRSEDMGPACE,0,bcell_shuffled
VFAFYYWCTHIYHCGRDCWHW,0,bcell_shuffled
TGLMRMDDRSIMHSEISSIYV,1,IEDB_bcell
CGWNRNLPFMTDGALYNDHGD,0,bcell_shuffled
FKFWNYEFIADMEQYGVQNYGW,0,bcell_shuffled
THVMDEEVPNKKLPTIQPMA,1,IEDB_bcell
VYFDTLPHPQLSWPEYKVMPWCM,1,IEDB_bcell
QKQFKNFGSPYLSLNHDTKSKG,0,bcell_shuffled
WYCRLHQDLIVECLLKHSAK,1,IEDB_bcell
HTPVLTWPNWFKQWGV,0,bcell_shuffled
KLNQKSLQPDCLYDNT,0,bcell_shuffled
KQVCLPNMVEVGHREL,0,bcell_shuffled
GLTNYYGTDMFWWPWGLSHVAP,1,IEDB_bcell
MPKNNWMDFKIEFKRKSARMPVV,0,bcell_shuffled
DNQSSCPKLYRAEGR,1,IEDB_bcell
TGQWMHPYSPTSYRVQEQWY,1,IEDB_bcell
WYITSIAMQHAVWLICDVVDH,0,bcell_shuffled
PMDPFYDCWSMKHDKIQ,0,bcell_shuffled
LGWKNTLFRLSYQSFDWELTKD,1,IEDB_bcell
SKNLCRVLTIGHDECPPVANN,1,IEDB_bcell
IIMQNSWNVLEIGMRVSQHECKV,1,IEDB_bcell
FDVVVECPFADYGSEPNAHSRMG,1,IEDB_bcell
DMVFVIPKAMLNHFCRLWAT,1,IEDB_bcell
NNVTNCTSMMRILQNDVVQSN,0,bcell_shuffled
YKCALPFFFADCIYWARHHEVWFH,1,IEDB_bcell
RPQSAQCTHDGRWVAL,1,IEDB_bcell
MQKHRFLLCQHCNFRPY,1,IEDB_bcell
FFRPDDQITAVGNSDFITFCM,1,IEDB_bcell
QPNNICPPYLLFIAYAVP,0,bcell_shuffled
AKPQIEPRSQHWYIFWTRAGFPRY,1,IEDB_bcell
EIACYTFFWKRWAQLLKK,1,IEDB_bcell
CDWNEADEYTKYQDQGRATPVKSS,0,bcell_shuffled
QQEAYNCQKSVPYTEQGQYKRKLFT,1,IEDB_bcell
NLVPPEDMATLPRINWEWCG,0,bcell_shuffled
QWAQGNFWNQFKQAVTDPISER,0,bcell_shuffled
DRNKHAESSIVHNCWD,0,bcell_shuffled
AKHPVPFECDKQCCCWIQAWFKW,1,IEDB_bcell
QHMDHWDDNTCVFEPEVQWD,1,IEDB_bcell
IIKIWCEAHMTHVVFRW,0,bcell_shuffled
VVEIMKGKWDNEDGVYVEGS,0,bcell_shuffled
WPLCKDIVSPHYHDGFGS,0,bcell_shuffled
CCECTPGNRNERRTVPLWWW,0,bcell_shuffled
QLCDLQKGWWLAWNTFYAEPFGD,0,bcell_shuffled
CFSSQVSGQGPWWEE,0,bcell_shuffled
GECWFIRHQYVINNDSD,0,bcell_shuffled
SPNEVEQFCWTVGYCWFQVMAPV,1,IEDB_bcell
QEQMDGLLTSKQRQAQY,1,IEDB_bcell
WQIAIRSWMDLMHVVWMYEAV,0,bcell_shuffled
NHVISKEVGVPPRNMRLDMYMHNNL,0,bcell_shuffled
VEINRKQHPQQQRRIF,1,IEDB_bcell
VTHWAELQMSAMTSWEWLYFAFGDQ,0,bcell_shuffled
EMSKYSKRKIVDLWWRTHI,1,IEDB_bcell
WSNQPGRQQGCKNDDDVWRCG,0,bcell_shuffled
KLGHNESFREQVDTTFHLRVMMF,1,IEDB_bcell
HRQWLHGIDDGLQQGNAMS,0,bcell_shuffled
VGDLVAVQACGRDPMFWSYWQRYL,0,bcell_shuffled
VRTAARNGFVAAYDCLE,1,IEDB_bcell
RGARFPYWSSWIAHE,0,bcell_shuffled
LKLYWMGPYKTDFPPMHSM,0,bcell_shuffled
SRDPVSVCHIMAEPWFNHL,0,bcell_shuffled
NMQASTMPGFVWAIKMDGIWYYRKR,0,bcell_shuffled
LDPCQPVIYGQFNWA,1,IEDB_bcell
AGEQARIELHRRMGLFNNYFV,0,bcell_shuffled
TKWYRDLWHATQGKEGY,1,IEDB_bcell
NPHASYWHHMWMSCSCGN,1,IEDB_bcell
QWCVLALMDYYLRFEDRWMYSE,1,IEDB_bcell
GMNQPGRQGVMKMQLMNMLWWKPER,0,bcell_shuffled
CGMTFTDEVVFHLDYFKDYCA,0,bcell_shuffled
YQYWYSPRLRWRRWWRQKLMNKKF,0,bcell_shuffled
FRELIGAIERQTHKSHRRIT,1,IEDB_bcell
VAFVKDLELTQTRVWGFKMQHTTFN,1,IEDB_bcell
EAYNCAPDKMFLKKHFEIPHPR,1,IEDB_bcell
HNCGLLKHRQKRHSCTE,1,IEDB_bcell
QGFQMGMCLFWSFIEVLYASV,1,IEDB_bcell
LDPGPCISTGWVTDT,1,IEDB_bcell
QPANERAKPGQAGSPQIKLQNQK,0,bcell_shuffled
SHIGAKAGSGMFPFRIAIP,0,bcell_shuffled
DNKKCDYDHSAYMHVGV,0,bcell_shuffled
CMIEEWSAGHVHNTRL,0,bcell_shuffled
NGPFSRYNTWCKPFF,0,bcell_shuffled
HNSNGTCIDLCTDWVRRGRKIITL,0,bcell_shuffled
HDRNVMRKHSNWIFPHDGMPRV,1,IEDB_bcell
AYMDRMFQNNPFQHPRHHTANMH,1,IEDB_bcell
IVYHYVFNHQFNITECAMN,1,IEDB_bcell
YMTRAETGDRFCTFDVNLGLYAHRY,0,bcell_shuffled
YLLQRIKCPHEVCYDAS,1,IEDB_bcell
IECKRIAEWQGFRILGA,1,IEDB_bcell
FMIFNYAAENGLVMRFRHFDATYV,1,IEDB_bcell
GDCKRYQWDAWMWSWCG,0,bcell_shuffled
QNVNIIVEPDIQIPFCAAFHKDPG,1,IEDB_bcell
CNYALVKMCRHDFKEAYCGYGW,0,bcell_shuffled
PHILSRCEENIFIFCEESNQKDVN,1,IEDB_bcell
LFIMFRDHNHLQMQVAHQQRQVH,1,IEDB_bcell
RGGRCCCMADQCTPQGD,0,bcell_shuffled
YAWRVWAPYLMPEEH,1,IEDB_bcell
KSQKNYAGILFAWMMYRIAM,1,IEDB_bcell
LTAYAPCHQAHYYLWNATESGW,0,bcell_shuffled
HWGSSCYVADEWDWYFEW,0,bcell_shuffled
FSHMQIRKDPCIAKQY,1,IEDB_bcell
GGLLYVNVVSRPEDQFWQ,1,IEDB_bcell
DSLYPQCKRALFMDYMDRN,1,IEDB_bcell
EKSFDKCLKMWPQCIQNV,0,bcell_shuffled
EMYGSRRMWRTRKMRKHTAKG,1,IEDB_bcell
TEQVLLYSKYFIWCMDRVFGTKNE,1,IEDB_bcell
EEHPRRRHCTREESETWIIW,0,bcell_shuffled
VMVCQPFIPRHQGQQVTRGHSK,0,bcell_shuffled
TGWMCLFQFWVTDLDFMPRCFEWGT,1,IEDB_bcell
LGTGVRIMKLWVCNCGMYHNED,1,IEDB_bcell
EPCCCWGRITMIYGATPQ,1,IEDB_bcell
RCMLGMANNPTTYWHIRNS,1,IEDB_bcell
RDTYVTTGGGAAMQW,1,IEDB_bcell
MTGIAQAHAYIEPGFLT,0,bcell_shuffled
LNKIIVHTMEVKHCMAVVM,1,IEDB_bcell
CRQLLATAIKWCWGL,0,bcell_shuffled
HHLMLALEDVMVCCVTVGDGTE,0,bcell_shuffled
NQCRYRWFRNTRICYPSAMISIT,1,IEDB_bcell
HIAPSYYDFRQQSCYDVIFAFC,0,bcell_shuffled
ETFSCQCPHDKYSSFPNTW,1,IEDB_bcell
FYFWIQRSKFTNFWMQPDYIIAMAT,0,bcell_shuffled
IAKLLEMSYYIHCYYAGEEQLDKHR,0,bcell_shuffled
CPCEPPPNKYYLDYA,0,bcell_shuffled
IQEYITFVEWYQEIK,0,bcell_shuffled
FKHNRTKGDQWQTEFHWH,0,bcell_shuffled
GFQNTIEPLYLDPPGHNFMGIQYK,1,IEDB_bcell
QNLKTFIKWPYRWEGGWSKLE,1,IEDB_bcell
SSSQMFVLDERAPWPLFYPCGIHQ,0,bcell_shuffled
YLTHVHANPMYILCYIVSCRT,0,bcell_shuffled
CIYREHDWLERGFESG,1,IEDB_bcell
LWQPAGREWTDVFFWSF,0,bcell_shuffled
CNIKWDCDWWNRVCN,0,bcell_shuffled
VQQNHWPTADSIVQTKHVNHGV,1,IEDB_bcell
GVFSPYGWKIQHLIAEA,1,IEDB_bcell
HVEYYRASTDFVGLKHR,0,bcell_shuffled
QIMQHPGQQLHHPSMVNLWDNIVKK,1,IEDB_bcell
NLNNDMHIIIGVSSPYSNER,0,bcell_shuffled
LHKMIWARNWFSGTYSDVIG,0,bcell_shuffled
TPAFKYYMPMQMTAC,1,IEDB_bcell
MAAMMCEAWPQCVIWDSPS,1,IEDB_bcell
CHLAHCMKRYDKGAYDQLVTVGTA,0,bcell_shuffled
GPHIIKATWKCENRLYRRGMR,1,IEDB_bcell
QSNWSRHIKAGWGDYEGFVAYFLGE,1,IEDB_bcell
SIPEQITDMKPCDAICP,0,bcell_shuffled
MWRFATRCSDIKEFTYCY,0,bcell_shuffled
GHFGPGYRETPWSMNMPPTKSHN,0,bcell_shuffled
MTYWYPIAKSEKECFG,1,IEDB_bcell
HDPLVVCIIPQKETCR,0,bcell_shuffled
SWMEGLRWIVQEHAFWGEGHCFGH,0,bcell_shuffled
FQNDCFAKDEQDIDPSPMPPGYRS,0,bcell_shuffled
YKIFSEYPTECMGKWA,0,bcell_shuffled
HPLMTKPTHYEQTCMCQCFTH,1,IEDB_bcell
TQAFFQLQAEVTNMTPHP,0,bcell_shuffled
YCASCLLQCNSVKFKFDYE,0,bcell_shuffled
GFQFLCHSQNKTGVDGAPEM,0,bcell_shuffled
FGCVHLWPDVTYFQG,1,IEDB_bcell
IGDQFSAILEYWDWFHFDGRHNARC,0,bcell_shuffled
MPFDSSAFRWSPQHLGVIQPYCEL,1,IEDB_bcell
YMGDMEIYKKIRQWIPQF,0,bcell_shuffled
VNECECRDQCNIFAH,1,IEDB_bcell
GCIPLLGFPAGIPDTYCWHPIRAKI,0,bcell_shuffled
AIEKIMPQTDDIPSCPC,1,IEDB_bcell
AKKQGFYCETRITCDTKGQYWMW,1,IEDB_bcell
YSLQRNYDAEFSHNMVMLVMVAAT,0,bcell_shuffled
LDHTCWAETKGWGTRLPE,0,bcell_shuffled
KHYIHYPTHIWDHFQSIRMDHP,0,bcell_shuffled
MKMMQFCSKSPSNLYC,0,bcell_shuffled
QNNWFTEYLEPYLMHNA,0,bcell_shuffled
GLIQPGMHNKMIVLWSMDHYI,0,bcell_shuffled
PQYWSKQRQFRETVPFTFDNQTL,1,IEDB_bcell
MDTLWQWNGFIKNSPYYDENMRGK,0,bcell_shuffled
YWNTIYNCIQTFMEEVMDD,0,bcell_shuffled
EDVGNSFDAEMDCMKADNQDHHDYE,0,bcell_shuffled
QYDNANMVPRTH,0,bcell_shuffled
QWQSPFRVHKIKKNIIMPF,1,IEDB_bcell
SRASRIRSYICFHMCSKV,1,IEDB_bcell
EYIQMTNYWGEGHIKPE,1,IEDB_bcell
YTADTWYKNPMSPDVFVVDY,1,IEDB_bcell
WTHMASTVARQCYTRCMFNKND,1,IEDB_bcell
SNLIVTRMCSFQPHVC,1,IEDB_bcell
FIFMYYMDNWWVWSWKCF,1,IEDB_bcell
LTYGRTSCQPVPLPTPY,0,bcell_shuffled
CQETRGIPANIVDHYCYVW,0,bcell_shuffled
QEGLVQDRLVVWFSYNPG,0,bcell_shuffled
PDVERHLITTIFIHTYVWI,0,bcell_shuffled
APCMLEFEYVRKMRCT,0,bcell_shuffled
GWPTMSITVIKIDWTQAPPVMFP,0,bcell_shuffled
HWALWSRRWSKIHRMSRPPHFWG,1,IEDB_bcell
FDSNQDMNGVHCMFE,0,bcell_shuffled
DWYYIKMPRFCTSDKHKTQWMRRC,1,IEDB_bcell
GGWFWYPCNMHNPLWYC,1,IEDB_bcell
CCKHRFDWPQWTAAT,1,IEDB_bcell
IMRVEAVRPMYVATDIGTGLNRNSC,1,IEDB_bcell
ECSLLGHQLDKDREPMCRGNK,0,bcell_shuffled
PGGGFNINHKWTYPHYMHCNFLICH,1,IEDB_bcell
QDKQTTTRLKNAWHCKELGTQGDK,0,bcell_shuffled
GQAAAIKVFKNQIMWIVM,1,IEDB_bcell
KGHRTMEMMKRSRWARYRTKG,0,bcell_shuffled
QVACFFINDANAQKQCDVYRPHDIM,1,IEDB_bcell
DQPRYYNYHIMKNCLSD,1,IEDB_bcell
WAPIHINWPVIKGCMGNQ,1,IEDB_bcell
GYEDFGNYTTNDHHLKEFPRRTNVQ,1,IEDB_bcell
NYFDNAVMALFVEHRFGRIMFYAT,0,bcell_shuffled
PFVRPAPTREDGKVTNDN,0,bcell_shuffled
PCDKIATHTPTYSCWC,1,IEDB_bcell
YGCHWYPRSVWDFCSYNELLKH,0,bcell_shuffled
VHQPEIDQVMIMYLIKTCPWMEPT,0,bcell_shuffled
KWIPNPYRTQFRIMPNMLSACQVL,1,IEDB_bcell
QYCIMGTWTDMLPMFGKMWCV,0,bcell_shuffled
SVQQSLEFIYIQNYPC,1,IEDB_bcell
NWSHDLGNYKDQINMPWWC,0,bcell_shuffled
TKQIKKVGVPKQKEHTQDQ,1,IEDB_bcell
HVHGHNEAPPMVHKNR,0,bcell_shuffled
DMWDDNHDHENIHWFIMFKLNP,0,bcell_shuffled
ADNLDQSFLYMTHTID,1,IEDB_bcell
LIRQWVDLVILHYWLSKYD,1,IEDB_bcell
DCGCCREWHMTSWCMDQQM,0,bcell_shuffled
RHVAPMYQFCEPCKVQGVCNDLHYP,0,bcell_shuffled
PFTQKWFGCGTWMPCICSL,1,IEDB_bcell
RPQDGMTQVENCDGYTSKELSVMC,0,bcell_shuffled
ITVVTRMADAHGEVCY,1,IEDB_bcell
MVHYQRMKTRKPFYSIIDLY,0,bcell_shuffled
WEDWVQCFCRGQKEG,1,IEDB_bcell
LEDEWGHRRLKINSQMCRSNLLGGW,1,IEDB_bcell
EDQCRCAIYIITYVMIY,1,IEDB_bcell
YKFRDWSALGSMNMSCRG,0,bcell_shuffled
IHTFMSQEGQFWESQWQVSHPHCSI,1,IEDB_bcell
LKDHQQNHVTAVAKYMW,0,bcell_shuffled
GYNAHDRNNFDSNHCYGLGSLRVDN,1,IEDB_bcell
TASCDCAGNNKRLNRDHPNHGTGNM,0,bcell_shuffled
QYCHLVYGLYFKDMPTNDAG,0,bcell_shuffled
WLWCIMCAEFMTLRFFPGAVS,0,bcell_shuffled
MGRRRRTLFQGNCSNPGVWQTGIN,1,IEDB_bcell
PVIQAPPKKKFYYADSGSGCKIFM,1,IEDB_bcell
GILMGWNWICLWFYARCTLCAHDKN,0,bcell_shuffled
NSRSDWFKTSPQLKKYAAC,0,bcell_shuffled
HHTWDYRDREQSVHPGYVKCGIKC,0,bcell_shuffled
HTLIDMGCEFPPIYRD,1,IEDB_bcell
MGLMYIGNDDHAISHGYWNGK,0,bcell_shuffled
WWMGNFWQDAVHTFYPSDKIHFM,0,bcell_shuffled
CKDAMQAESRRDHYCEWGERWG,1,IEDB_bcell
VNELTGAGTFMCEML,0,bcell_shuffled
EEFCYKWVLWHPMRDSRFGMQWFR,0,bcell_shuffled
VYCTSGTIFSQGLVRNDGQS,1,IEDB_bcell
SGLPIMFILLNQWGHMDTQGVEC,0,bcell_shuffled
HQAFYLCVTTIWDHKQEFEW,1,IEDB_bcell
HQMQELSYHQYWPVGIWKPCKS,0,bcell_shuffled
CCEHPRCCALQAIGPEPQ,0,bcell_shuffled
SDHYFLIKMPNEHCDSTHNRWQLPG,0,bcell_shuffled
DRWKQDLKVVDRLIICRMI,1,IEDB_bcell
YFFAEMPSWTYWTSVLWKIFSHDLA,1,IEDB_bcell
KDWTHHWIQVSGMKQDPTSEN,0,bcell_shuffled
VRGPMKVWTSIVHNLQNWHHYRI,0,bcell_shuffled
DWCVCTGKVFHAMVMNAEN,0,bcell_shuffled
YQVESIMVNAQRVECYQL,1,IEDB_bcell
KMMNKCHPDKMIAWGRA,1,IEDB_bcell
PQAISHVGPKTFYSCAQRYYETML,0,bcell_shuffled
GKVDMYFTVMFCPAHPT,0,bcell_shuffled
AECNKWMWFHAIFAY,1,IEDB_bcell
GNFRCQDRWLGWHPFNSMKDEAQQ,1,IEDB_bcell
MLNHEWCPMKYDGDECM,0,bcell_shuffled
FWDAKNRREKVSWYVT,1,IEDB_bcell
IWAMEMNICHTIGQGCR,1,IEDB_bcell
EHWRVLDMWTVVKKR,1,IEDB_bcell
GRAWWQQRKNEWPDKI,1,IEDB_bcell
GCEYPWRVAPQYFHCAQDADNIKL,0,bcell_shuffled
VNDHTISKEGIKADTKQHY,0,bcell_shuffled
NVVYQMTEAPTVRWCV,1,IEDB_bcell
PTHRSDRRAVAMKNHEENHVMD,1,IEDB_bcell
AMNHHPTPMFTIECGTYLDM,1,IEDB_bcell
PMTIITVFHYPCWHVVQVVMPLST,1,IEDB_bcell
GDPLPHTYWCYIRVNTCH,1,IEDB_bcell
KTEDTYERWYLYYQEPA,0,bcell_shuffled
FFDGCLHRYTVYLYPGA,0,bcell_shuffled
NKTMHATVDTDNWHMDKKMQW,0,bcell_shuffled
PWLAWWSHRVTCAEGSWMML,0,bcell_shuffled
SSEDFDYCFRTGWQNG,0,bcell_shuffled
VSFGAGYMNEREMWQRFNIHYTHSC,1,IEDB_bcell
DMKGNQCYLCWRVSRPMLDFCG,0,bcell_shuffled
PHFRDLYTRDCLSEIVLTDTDVEFE,1,IEDB_bcell
RDHIGPFTNCNPDSHQKWHYLMSEL,1,IEDB_bcell
CRKDSACPAMSADVTMPMCYMAQY,1,IEDB_bcell
KPWAKESYPQLWCHWGPWVWNLDWH,1,IEDB_bcell
LLFLVGVMPPFYCLQHHTAFY,1,IEDB_bcell
NLGPAGCQLTTCAQQNPC,1,IEDB_bcell
VEVDIQFCKDNACFTWFPIAEG,0,bcell_shuffled
CVTQWGTAFKYQCWYMDE,0,bcell_shuffled
IFHFGVLRDHCYTEHY,1,IEDB_bcell
CATLMHGPWDATRKNKIYCCT,1,IEDB_bcell
NPATTIVWDGRVGSCHWHKLQP,0,bcell_shuffled
TEVTMHLRYSGVEMQGPWECIGGWM,1,IEDB_bcell
WCAEEHWPRGGKQFEYLTK,0,bcell_shuffled
WVGGLEAMISPQYTKCM,0,bcell_shuffled
TWNKWFWMMSCIKIND,0,bcell_shuffled
FVSVLNERIGGSRFCGGMCQYC,0,bcell_shuffled
HEICMKEPWKFQIYVVFMWPQTRIS,0,bcell_shuffled
EWDLNQNCFECMGWDC,1,IEDB_bcell
EQKNHVCFYIEEEAEA,1,IEDB_bcell
YSKSWSHIAFMVHNAHNPTCFS,0,bcell_shuffled
TRPINVDYSEMSTHQVFE,0,bcell_shuffled
GASMMCADVWMHHHFCHRWSGS,0,bcell_shuffled
HTNDPPSCYFWFTCESQSK,0,bcell_shuffled
LECSPFEMFSRPDGQEKNHWM,1,IEDB_bcell
HFYEDGHFRGLPGDRRTLEISR,0,bcell_shuffled
DWYGKNKHQHEYWDSN,0,bcell_shuffled
DVHRNWPKHIDGGQREVHK,0,bcell_shuffled
APYNEDNRTSSMRMGLEK,0,bcell_shuffled
MDVSVASNIDWMWPHEWMR,1,IEDB_bcell
SAHHVITKRTVCGGWWPDLQPN,1,IEDB_bcell
QHVHHPALCTVESPDQQC,0,bcell_shuffled
YYGWSFEAHERGLFVKQAGGNIDWS,0,bcell_shuffled
WDTEDEQKIYSVKST,0,bcell_shuffled
DCLHVSAHHRRESDWWN,0,bcell_shuffled
FEHTEKHFNEFVWYNRLEMKSH,0,bcell_shuffled
ASFEAQGALANIAVDK,1,IEDB_bcell
QGPPFDKIYLSDNWPAMMVSDSE,0,bcell_shuffled
CKRSKDNRISVPDCKGLEPWSHN,0,bcell_shuffled
IHLQFIKSEHTTRAGRRIER,0,bcell_shuffled
QSKVCYCPQMILNEFLFESAPS,1,IEDB_bcell
MQRDGAIRHSFSGNEVTEETEP,0,bcell_shuffled
ILATHGLHWIINDMIATQCE,1,IEDB_bcell
YGKHRIGQLYSSQDEPGHRYYK,1,IEDB_bcell
ECGSISFHRINGCHKHSKPYDN,0,bcell_shuffled
QRWVYSRSHKSIRLHTMQDDA,1,IEDB_bcell
IMFNHCVLDAMEDAHQ,1,IEDB_bcell
NLAMITMIMLFNHWMGG,1,IEDB_bcell
HQKQEPIIMNFDQNGAIHGKV,1,IEDB_bcell
CGLSYNTFVDLIGWTNMQP,1,IEDB_bcell
WIGMVLCEHSVYYALPIFSYFCH,0,bcell_shuffled
VSWHCDNFIFDTDIRNCELLAMT,1,IEDB_bcell
LCEYWNMQKCCRKVVILLNTWSTSK,1,IEDB_bcell
KGSWEWVYNNKNNNIGGIWA,1,IEDB_bcell
INHNPAYFTNNLQHLAPCGWDDFCN,1,IEDB_bcell
SEHWIPTTFDYDAKVQCAHW,0,bcell_shuffled
ADYWRKYEEFSDYGSMERI,1,IEDB_bcell
GTHRENATLTMKCNHMEH,1,IEDB_bcell
LVWWMIGVIVRICTKW,0,bcell_shuffled
IMSLNCDCPWAKHTCCGCDERGF,0,bcell_shuffled
WGYTMADWVPSLELEEV,0,bcell_shuffled
QRCHAPQTGVLARDSW,0,bcell_shuffled
RQWMNAMGHRADLIDHRIQKEGAK,1,IEDB_bcell
SHQKSVMREHTWRPTAQNDGRY,1,IEDB_bcell
SLTSPNFLVDSKFIL,1,IEDB_bcell
SPGEHMPGITGVFFHAW,1,IEDB_bcell
GLKMSVLMNFQQRIGESEYGGMK,1,IEDB_bcell
TTPGLTMHEVCKHRCYCWGM,0,bcell_shuffled
IDDPHTDTPVHRCSP,1,IEDB_bcell
RYGEFEMEDEVPEDHFYHWTQH,1,IEDB_bcell
FKIQNWVIESEINIETTVC,1,IEDB_bcell
FFRWQQYMGIAYQPWMPVLG,1,IEDB_bcell
CGMYDMPELDWDNPEMNM,0,bcell_shuffled
TLYCCRAEGIEHGYGRSGRDL,0,bcell_shuffled
HTDWAGNFGRQLTMDPK,1,IEDB_bcell
IPYLHDYRIGRCEDEEPLQGHSHV,0,bcell_shuffled
PKDVWCVKCDEPCFCLHGN,1,IEDB_bcell
YGIVTQFCREWLFCLCCKIEAGLT,1,IEDB_bcell
LRCNMMNSMACWRFA,1,IEDB_bcell
VDNTARWGWALFTWRTHEMNAFTW,1,IEDB_bcell
NVKGKMHLEYKWHTH,1,IEDB_bcell
STVQLATRRQEQCKMIT,0,bcell_shuffled
IINMTSNQWGWWYGPYDKGNL,1,IEDB_bcell
CLSPHQGIKNKMIACIKR,0,bcell_shuffled
EFSNSMEMWACVFFACAYWDS,1,IEDB_bcell
LDNETESELISHPVFSSETIIMV,0,bcell_shuffled
RHTQFMHNHFASRCAGLNGVYALNW,0,bcell_shuffled
FKQTTTWMTWQSMNY,0,bcell_shuffled
IPEPMGPKMTRINRYCPYTYQYKM,1,IEDB_bcell
PPLMVMHWVRIARIVP,0,bcell_shuffled
RQICNYRPEPSSGWACHAFRLE,1,IEDB_bcell
TFCHRHEKVGWYDFVVQL,0,bcell_shuffled
GEDETCFAHTRIIHRVRTTKWGDCE,0,bcell_shuffled
LFATVSAHIFRKSRAIIYKAKASW,1,IEDB_bcell
ALFEDRWATWHYAFV,1,IEDB_bcell
DWVVKVIINNGTNIGWKRGHQGT,1,IEDB_bcell
IHIYVYICDNAGDINVIRH,0,bcell_shuffled
DKVITAEKAPWKAPD,1,IEDB_bcell
KLDNRPYMNWMHPFTMK,1,IEDB_bcell
HRTWSQRHFHWIFMCYYNWVTFAA,0,bcell_shuffled
AEETSTTDCMYMHVKKTASNNYPMC,1,IEDB_bcell
FTQPFWVMHFYDWIKMDHGASNW,1,IEDB_bcell
RWLNPIQGSYPKMHGYGESMANY,1,IEDB_bcell
NIRMIAFVMSGIIHNN,0,bcell_shuffled
WGNTYGVDRHCRAGGFGAGTTFQV,0,bcell_shuffled
QDRLTDRWKQVKTHWG,0,bcell_shuffled
APPYDPVEAVRIIIVNPNYLHCEQ,0,bcell_shuffled
TKNMVYANDYLYDVALMK,0,bcell_shuffled
TRPVCDWLQIRDFRENVAKIPHLI,0,bcell_shuffled
CGVDLHCWHSTRMDTVQEWQR,1,IEDB_bcell
ASSVPPQWMKHHTKIV,1,IEDB_bcell
IRAPWHHGSWPLSWRSHFRWMKR,0,bcell_shuffled
CDLYFCVPDNNGYGKHVASRQMV,1,IEDB_bcell
YQFMSSNGYWEWDDKNHDKMSKVTP,1,IEDB_bcell
DASQVISWETMINFYGVCWV,1,IEDB_bcell
WEIQDELDHYGPCHPQANMKFVPL,0,bcell_shuffled
IPTFEATHNTQDVANE,1,IEDB_bcell
QHWIQLNNHEYFWGTPNRPFAEEPN,0,bcell_shuffled
KNDMCRLLVGENGTYVCHIMGW,0,bcell_shuffled
LHYSCLPWLPGKKVTQ,0,bcell_shuffled
DECEYCPMFQWSKQNKQYIINTPN,1,IEDB_bcell
IAYYELYSFCEWTSIRFFMLWSLHK,0,bcell_shuffled
MNPGSCGHLLWDPENAGCW,0,bcell_shuffled
NAHPLARIWYNVYMQYPIYDLAKID,1,IEDB_bcell
RNRAWLELINNTHVENFRSELHV,0,bcell_shuffled
DNQAADFCYHLQAWGPCKPIYVRE,1,IEDB_bcell
LAACIYLWCAFIRNSWYCWWG,0,bcell_shuffled
CCWPYLVMNAWCSFIQHGR,1,IEDB_bcell
GVWVIPPKMLESYIA,1,IEDB_bcell
MIWSQFSPSARWDSNRCMFSPKSAS,1,IEDB_bcell
FIMKQRHIMHKHYKDLMA,0,bcell_shuffled
CYSGEIREHHYIVAGGGRN,1,IEDB_bcell
IGLHCKQLDTLPETTEPIK,0,bcell_shuffled
QVWRGGCYGTRTDNFFGVHTGAAG,1,IEDB_bcell
KCIMLQDGFPNYVQASHMELKHE,0,bcell_shuffled
MPDVGYDKFNYNKKCWAYECMS,0,bcell_shuffled
CMTCNNNNFHFWDFIFYCQK,0,bcell_shuffled
GIFWDRFSDALFHCQEAHNYGRIWD,1,IEDB_bcell
QDFNDDLHALIECAKTNFQA,1,IEDB_bcell
FLPIKNDTVLLFSSS,0,bcell_shuffled
PYVVWFQMLSGQVNHQ,0,bcell_shuffled
VNKIRILLEACPTVPEE,1,IEDB_bcell
ILNMHWSFQDNRANHAFSVDKI,0,bcell_shuffled
PVRTGYLQRHAHYENPAEQCWWVA,1,IEDB_bcell
CYGWGLGISKKGGDDLVMI,1,IEDB_bcell
CPSGYERIYSDSNTSIESDV,1,IEDB_bcell
QFQNAIPSGGQVVPQTTW,1,IEDB_bcell
GYCHSEWYPQVSFIAFA,1,IEDB_bcell
FWSCDTAYSEKRLHCTIKFVGVS,1,IEDB_bcell
IGYHTGYWDYTRYLNYWADPFSNDK,0,bcell_shuffled
MDNLHEHLRPAIDTGITCKNPGVKN,1,IEDB_bcell
ENLREWRHTEIRMYG,0,bcell_shuffled
GNARTEVWVSYPFLT,0,bcell_shuffled
GWNFVPHESIQCHERTQLL,0,bcell_shuffled
TMHEYVYGDTRELWCST,1,IEDB_bcell
RVPPPENFGMNGFQYTED,1,IEDB_bcell
YVHGRFLTCLLWMTGIEAI,1,IEDB_bcell
FGRYINKVFDWEINEAFWSIEIS,0,bcell_shuffled
MGMIDFKKCHFCFYAQV,1,IEDB_bcell
WYSQISQYPMIPIHDKH,0,bcell_shuffled
ECRIDLIISMWESWLVEAWW,1,IEDB_bcell
GITRKWYKNWNGKLIQSVFTQCMKK,0,bcell_shuffled
HEEYWPSHKEFARAPKNSHTN,1,IEDB_bcell
GLHTYHPISLPRCRWAKATEQEIS,1,IEDB_bcell
IEAWINCPGEWRMIWIAMA,1,IEDB_bcell
VQFPGEVSPEHMLTSGCY,1,IEDB_bcell
FATEQAYGEPWIGRTQTSE,0,bcell_shuffled
RRYNYDFEIVVGINKCQPKWQK,0,bcell_shuffled
QPGWYMYKYEVQYEGFDT,0,bcell_shuffled
FSHYDCDEESFACYIMSICC,1,IEDB_bcell
PTHKFSLKKVTTTSQ,1,IEDB_bcell
KHHYWGRASSRGSMQPEFCKKI,1,IEDB_bcell
CCGVPIELWRNMIMDYGDVRSK,1,IEDB_bcell
CIIMIMHTCRQMIHPCHEDWVLP,1,IEDB_bcell
ADKSIISQWVRADTDFQTPQ,1,IEDB_bcell
SMLLQDYTYFMPTPWCMVE,1,IEDB_bcell
MNKEQVYTTDSEQRESNQDVMVTH,0,bcell_shuffled
TVNVKPEIAFGDKNWTK,1,IEDB_bcell
LMPYEDNMKKKRMPDWFQRPEDR,0,bcell_shuffled
EWWNRGEMNCYLIESNWW,1,IEDB_bcell
LRNAEHVFPAPRVVDEFITN,1,IEDB_bcell
MIVFALSFQQCSGLEYFGWMV,0,bcell_shuffled
ATSAWCLCYNVLHSDMQH,0,bcell_shuffled
CDTRISVDSRFRCWR,1,IEDB_bcell
TVQDMKLSPQYNEYAKLQ,0,bcell_shuffled
CQFFLDFGYYQKNLIRKCKR,0,bcell_shuffled
DANGQITYFQAGRFVVGNLDT,1,IEDB_bcell
YVLAWYDRATFNAGCDLEYDSQTNP,1,IEDB_bcell
PCWFIFCMVFVKQHMLLD,0,bcell_shuffled
CIPRANEAMMWIWIAEGWI,0,bcell_shuffled
YARHHVQLCGVFTVRMMGLS,1,IEDB_bcell
CIMPKMSMTLLLHWNVCWYIKW,1,IEDB_bcell
QDWKDLGKYWDSSHSY,0,bcell_shuffled
KMWDRNWFSCSYTQIGEQQQ,1,IEDB_bcell
RGDGAPFKCRATCNNCG,1,IEDB_bcell
RLCEATQVPKPMHYYQTSYGIAFS,1,IEDB_bcell
FTMRHKHYLINEHLDTNHPFRPEW,0,bcell_shuffled
ACGTVWFCNRDDVCK,0,bcell_shuffled
AFCLYQLGKIVRINSNCITCW,0,bcell_shuffled
PNQCLDKQVYRILCF,0,bcell_shuffled
AKKCEMKQWYVMVWLAC,0,bcell_shuffled
VDVLMGNPCHYGYNF,0,bcell_shuffled
EVFHGDQRDMFIHIVPGK,1,IEDB_bcell
ILICMWIGRTWVPQTEMMFHREQT,0,bcell_shuffled
MRHDLGEVVKLDGAIAVD,1,IEDB_bcell
NHDWSVFWVANGIRVASTY,1,IEDB_bcell
DNYCWCYGSTMWWWGCQ,0,bcell_shuffled
AEVCMYYHPERSIRHYGGEL,0,bcell_shuffled
CCQGVHNPTTHMDQPMWLG,0,bcell_shuffled
KISKCSMKEAPGVDHDPDRMTY,0,bcell_shuffled
RAHTMAKNEDYMIEVDD,0,bcell_shuffled
HFDLIHDVTVDFDAFDRVKCIHGHW,0,bcell_shuffled
DRFIKLEGAILFEFFP,0,bcell_shuffled
MGDFKSHFGNKQFMVKAK,0,bcell_shuffled
AFQQNIWYAIMLDQCKPQHY,0,bcell_shuffled
EGFESNCTVDYMFLDGTTDCLMLSH,0,bcell_shuffled
GSVVIPLHNRSFHMPVVMVKRQVPC,1,IEDB_bcell
VQAIVTREMDKSSFKKRMRNVDS,0,bcell_shuffled
MKDDAVCHHLTSWAPAQIGNFKYVA,0,bcell_shuffled
FEAMLAETGRWTNYC,1,IEDB_bcell
YPYKTDPCFDPRGCAWRNVHIEMV,0,bcell_shuffled
WFMGRSICHSSNMYNSQWMVSRPYR,0,bcell_shuffled
PDMVSDVALSEQRPFIHP,1,IEDB_bcell
AWRFWMQDFADHIHAR,0,bcell_shuffled
QQDLGDGVGGTPKGACLPFLEQY,0,bcell_shuffled
HSSEQMGHLVPMENWFCSGVEFV,1,IEDB_bcell
YIVLAQAMRQCCKHKKDV,0,bcell_shuffled
RRCEPYWASGQAPCRSIHNFEL,0,bcell_shuffled
CNACMMVNMWTKNHQSKHTMT,0,bcell_shuffled
CDNMFHCIDDAIMLYGT,0,bcell_shuffled
MFKCCWWCHYFGDNLATHIHNDE,1,IEDB_bcell
FFWKKHSDHSYQAHF,1,IEDB_bcell
PNWQVCRWSYCPTYHLIIHDCN,0,bcell_shuffled
LGAAKFIRDHTHKKSECMIG,1,IEDB_bcell
FWQIYLSPKSYWWWLLLIA,1,IEDB_bcell
NAVHYLHFLESTCNRTWWKQPPY,0,bcell_shuffled
NTRIIQSERVQPYCMCCEMLYLIRL,0,bcell_shuffled
QEFMRVMTFAHEEYMITAPRVP,0,bcell_shuffled
DGGDVFWNTIRPYEAMQC,0,bcell_shuffled
EQWIKQRRCNDRHDLI,0,bcell_shuffled
EWMFMDDGGECFQGMW,1,IEDB_bcell
FMFSPKDVGCGYQTAVF,1,IEDB_bcell
LGDWGGLRSGKNGFCG,0,bcell_shuffled
YGLEQDSAGYWIYQCCCDRDFMQIA,0,bcell_shuffled
KPIHHNCSHLKKHETVVCIPF,1,IEDB_bcell
SCYEIKTCWDTMFFARRY,1,IEDB_bcell
WTTLNPLRWRIRLNYRYN,1,IEDB_bcell
VMGQWHLKWDITIATMK,0,bcell_shuffled
QGGARYCIIMKGFYHVDIR,1,IEDB_bcell
KGAHNFIRPAVKEHVAFNYKI,1,IEDB_bcell
DAQQGFWKHFGPQAY,1,IEDB_bcell
LGWATRDWGYRPNSR,1,IEDB_bcell
EVVRTACIMDAGVYHT,0,bcell_shuffled
ILQQDYYTAIQPGLPCKWVPNVE,0,bcell_shuffled
DTGRHIQGNESQCDESIRKHCW,0,bcell_shuffled
HRFRCFIKCMNVEHDVLQSIQL,1,IEDB_bcell
EMNCEDRVVYMTQPPIGPGEVE,1,IEDB_bcell
HLMHHDGNPVAYHHP,1,IEDB_bcell
FPTNWILHVEKFPAHSYMSWG,0,bcell_shuffled
KGGMQDEWPRSDTCLIQL,0,bcell_shuffled
GMCYIAHYARCQRYRGNKVLPWKM,0,bcell_shuffled
NLFVQRTSSYHCWMWNECSYFACHC,1,IEDB_bcell
TQPMVVSTESKQNPRS,1,IEDB_bcell
MTPRVPKMQAGQALHGH,1,IEDB_bcell
DIIRNNKQSTWLNNTMAL,1,IEDB_bcell
IGGGQYFRAGRTWPD,0,bcell_shuffled
EIYADNDYSMAWTNVVIIIPR,0,bcell_shuffled
YYPWGNQPAPPQKAMG,1,IEDB_bcell
GNMMWKVIKYEKYMRP,0,bcell_shuffled
FQDYRSISWKNDMSCHMM,0,bcell_shuffled
DGRHPNIVYGMEENMNHCL,0,bcell_shuffled
VEHIMPEFNPSIKRRSKK,0,bcell_shuffled
FFIHEMRLNDRGPWTPVTP,0,bcell_shuffled
CYYFGAIDECRALSHYITFY,1,IEDB_bcell
WCTYQGDLTPYIGNWHWG,0,bcell_shuffled
NVNWFLGDHFYHYQCRRMFDQ,0,bcell_shuffled
WSRRRFMEQIDQQHCDEFHPNWDLP,1,IEDB_bcell
WWPNQCYMDPSDARGYKTR,0,bcell_shuffled
KIESVNASWIPEPAIISCPN,1,IEDB_bcell
PGSMRGMGHTPTPSWENKNYPFH,1,IEDB_bcell
DFYMAYAEIHHWFKI,1,IEDB_bcell
QFRTRAVIQEIVAAH,1,IEDB_bcell
EHMWTLGVHKHYKNK,0,bcell_shuffled
NVNICTHYYCSWNCLPWVSAKCGV,0,bcell_shuffled
MWIHCDPVLYEWGCRAMHYISWYIY,1,IEDB_bcell
GIGCSHTGGRLARYDELYCRE,1,IEDB_bcell
SCKDDTNARWYPRGQWMPY,1,IEDB_bcell
QMNRCTAVPEVYVVWT,0,bcell_shuffled
TTHHDGIRISDCMCNDQSSRWREIT,0,bcell_shuffled
LWYPGYPDEELMMCWHVQLFW,0,bcell_shuffled
IQFRDGYGAGPRTGW,1,IEDB_bcell
RGMDTDIKEEASSIQRKRFFDNS,0,bcell_shuffled
WRCPMPWGEHTVEFQ,1,IEDB_bcell
FWMKDYDYPHAHPLQLVRSDTWIFK,0,bcell_shuffled
YAAVGDDQYRTIHDL,0,bcell_shuffled
YPLRPLMTWSEIGHRADLIITR,0,bcell_shuffled
EYALFILDCEWRAVCSG,0,bcell_shuffled
TTHSACKRSFKIERFEE,0,bcell_shuffled
LCPGMACQSPGPRAFAPETDAQTWL,0,bcell_shuffled
RTPARMRNDVQMVMMQYHA,1,IEDB_bcell
FHLHCMSLGQAGIMAWQMVY,0,bcell_shuffled
NHIDQFPSAFHLPMDK,1,IEDB_bcell
HGRQTIDNKACLGNNM,1,IEDB_bcell
FLRSTSVNHSECMHQRTVP,0,bcell_shuffled
WTMCRRSMDRHHKRA,1,IEDB_bcell
SGVHMHMNSKQLFYPNWATG,1,IEDB_bcell
GLFGAIAGFIEGGWTGMVDGWYG,1,IEDB_bcell
WWVTVDSTSHVTTDQAQC,0,bcell_shuffled
YKTIACTSPWNKYCSANISYK,1,IEDB_bcell
DENGDIHWGPSARFYYPVI,0,bcell_shuffled
SNVCTGKCDAQFYKLQIGIFRC,0,bcell_shuffled
DNHLNILYPYWWLNR,1,IEDB_bcell
IGHWQSEIMNNPGACFIRMHAY,1,IEDB_bcell
TSRHSWIPQHAIQNQGMIGNQRMKQ,0,bcell_shuffled
YHCRGKTIYNETIDLEARQF,1,IEDB_bcell
RRPLYCFWWALMDVGSYDQVGVQA,1,IEDB_bcell
YDEWIMDYRYRLWTD,1,IEDB_bcell
FAKFSAAFTSGHIEHCEE,1,IEDB_bcell
MYCVACRELTAEWGFIVHKVNEMY,0,bcell_shuffled
PASWMGCKDLANAQMIRWTTLS,1,IEDB_bcell
IRYEEWNQPDFALAMQKYSSS,1,IEDB_bcell
NHSHKTLKFWENEFEVYREHMF,1,IEDB_bcell
MGENPDGTFDNWHECPPGKAKCI,1,IEDB_bcell
WEHCSLVPGPVESGHGE,0,bcell_shuffled
ETFESRIGEVSPDEMNTHAGRQ,1,IEDB_bcell
HCFWVCRQCYMEASTCFKLWTMAG,1,IEDB_bcell
FCFNYLDHNFLPDGAFGM,0,bcell_shuffled
DNHNWCKADHFFFSWNFVIEF,1,IEDB_bcell
FQPHQQMDHYGNDWTHW,1,IEDB_bcell
HSLLQGVYLAMNADI,1,IEDB_bcell
MFWFSPWSDWTMFFRLAQNSINSSI,0,bcell_shuffled
VSQQMHGLEGHDQTT,0,bcell_shuffled
LNSISATPSENLACNVD,1,IEDB_bcell
SFVNVKMCRMPSDWTV,1,IEDB_bcell
QMVGLVSWQAGVGGH,1,IEDB_bcell
YPHQREIPNENIVIACAYVPDVLP,1,IEDB_bcell
RKMTAEVDTTDMKYVASKGP,1,IEDB_bcell
YDTWGCYTAWKWYYRTGL,0,bcell_shuffled
CLNDQIKSFRRMCHIEVHFQLV,0,bcell_shuffled
CGQYCKKKMGHRLYPYQADSRVHF,0,bcell_shuffled
HYWWHALFCGYWVDHIIFKSHT,0,bcell_shuffled
VCKLTSWYQRETHMTCFYM,0,bcell_shuffled
CNRHYDDVTKSCQYVRSPVMW,1,IEDB_bcell
MRVQTDMSKQYCFNHQMS,1,IEDB_bcell
CHMLDPYYKCTDWWHCIVP,1,IEDB_bcell
CVQYKRCGTTDWYKDL,1,IEDB_bcell
AIDGEFGWHDFIFTHR,1,IEDB_bcell
IKFSASKTVWHCEGRTVDCLSFY,0,bcell_shuffled
VTPSFQEDLNFWQWKRE,0,bcell_shuffled
YRPQHGQCTGKWQQFTWC,1,IEDB_bcell
EPCTFPILQCRTHLGLPMPYPS,0,bcell_shuffled
KSFTNVSKFHRYQGMWFISHGNN,0,bcell_shuffled
IDMWSATWPRSDIMGDHRTYLNNNA,1,IEDB_bcell
NTHQIIWIRCHPLMCNWFT,0,bcell_shuffled
PGSSDDILETLSTIIQ,0,bcell_shuffled
QYRKRQLAFDQAFSIETWNNDQK,1,IEDB_bcell
LPTMIPKFRYIWSMNMEYV,0,bcell_shuffled
WPRVNDDLGDHMWTGDVSYAQM,1,IEDB_bcell
AISAAHVEAFELDPERYDKPSFWNR,0,bcell_shuffled
GRQWVGPKHQTPMFWVNHDRFS,1,IEDB_bcell
KERSMCSRKPHGAKGIQFWYHS,0,bcell_shuffled
TLVQPEQTWFHELSVR,1,IEDB_bcell
SGAMVGVLGGQVHWQ,0,bcell_shuffled
NYTQHNDCPSNAETVAEQQQESFDD,0,bcell_shuffled
YNCCAIDSDFMAHAPQSDCNR,1,IEDB_bcell
RFNWSVVMFFHIGMRTSQYYE,1,IEDB_bcell
EKGYQDKGVEFSGEAWIEDSQGEQE,0,bcell_shuffled
PTIDTNLKTDLVLKYWK,0,bcell_shuffled
ERMDTAANFFLRPVFDT,1,IEDB_bcell
CCDWHHSSYCPRPRRD,0,bcell_shuffled
EQWGMDKWRNVWTPAKMC,0,bcell_shuffled
PQVGSEFVIKNPGGQIFLQNINK,1,IEDB_bcell
QATQCLAGLCPNTNQGCP,0,bcell_shuffled
IGQEEVAQDHLAANK,1,IEDB_bcell
SEWGQVAFTLWDRFPWF,1,IEDB_bcell
TSLSGLGISKMYGDLYR,1,IEDB_bcell
SNFWIYQRSGGDINWEMPNEHVYIW,0,bcell_shuffled
NEVRWMVRCRTEWPMPCIYKHDEI,1,IEDB_bcell
QIIGQDEWWSPECKHPLMSFP,1,IEDB_bcell
YAPDFDFTARFGNRGGPMGHYLH,0,bcell_shuffled
SPQDLTISGETILIDS,1,IEDB_bcell
YSEMYMDEQIVEMFTFHDGPAVY,1,IEDB_bcell
QASLYQKAIAEKEEDLRLFWK,1,IEDB_bcell
VQLENHEIQADGKAA,0,bcell_shuffled
YNYAYFFIEKTRWKKLSVHASW,0,bcell_shuffled
EYMGNPGPNNDHCWDVNDRLQASY,1,IEDB_bcell
TLVVHHGCVTVMAMDLGELCED,1,IEDB_bcell
VPGFYLFCVWQHTGD,0,bcell_shuffled
VWHNYPDEFKNYCEHV,0,bcell_shuffled
DFRQGTYGAVNVAFDGQITNL,0,bcell_shuffled
KCWPWGLKNWHPWQESWYDWPVLAH,0,bcell_shuffled
TNPKDRKWIVRSALHDPWFY,1,IEDB_bcell
HSHSVMCDTYAEPDN,0,bcell_shuffled
KPCFDWDYHMPMIDSKQ,1,IEDB_bcell
KKLNSQQIAPQNGEGRAKQQPPA,1,IEDB_bcell
RKHKYVNNSCYLFQERR,1,IEDB_bcell
ECKCWNRIGWAVEDGSIHGRIRNGL,0,bcell_shuffled
NMVEWYYKVSPRLNYDN,0,bcell_shuffled
WHSHCRSKTVMSSWIGFPHCQYQC,0,bcell_shuffled
WDEYKLMPVVGNSNY,0,bcell_shuffled
WHMLPWNMSITRVQTDQ,1,IEDB_bcell
CCDDTAVFRKPIMDLNREYC,0,bcell_shuffled
YKTTTTSWPPECDLNQ,1,IEDB_bcell
WKANEIVTWTLCCAM,0,bcell_shuffled
HVERKMDQFVHFGMLETSNTLFR,0,bcell_shuffled
KMICGWPEQMMFWPSLFRADWQTLA,0,bcell_shuffled
KTIVHPDQKKEQVGTQKKQ,0,bcell_shuffled
NWVVLHAAYVVGEVCRIWCS,1,IEDB_bcell
QFDMVMLFTVKRLCKGENYTPGV,0,bcell_shuffled
SYDTYSDGYQAFKTRKVNHFVV,0,bcell_shuffled
HSICYRETKAEVAWLHKDNYDRGR,0,bcell_shuffled
KISPYEGMVWPLIAV,0,bcell_shuffled
CIHRMSMNWWWRSNAFHIMC,0,bcell_shuffled
NQYAQQDEAWTIPRTLNVAKR,1,IEDB_bcell
HTYTFHFKSTCFGHWSE,0,bcell_shuffled
TYNVWARQCWIFFTNFGLTSG,0,bcell_shuffled
LFRRYAYWQIMVDHPYKVVN,0,bcell_shuffled
DLGAKFMIWPGHYEQSHDKWT,1,IEDB_bcell
VPTQQSEKKLFRIIH,1,IEDB_bcell
TVSAISVMVRQMSRDRKKDFEKN,1,IEDB_bcell
VSPPAQISHHKMTVKW,0,bcell_shuffled
QRNCEIAANQHAHQGI,1,IEDB_bcell
LQIKLVMIFGYNMLDT,1,IEDB_bcell
KDGNCGVPMDEGGTCCYDR,0,bcell_shuffled
CTCWTPDHYGVRYNIPHL,0,bcell_shuffled
QYESDFQKGSVSYVFKNGM,1,IEDB_bcell
IQASQLFCKKGECQYVHDV,0,bcell_shuffled
PEWMQVGKQPDPNCHADEIYFHLL,1,IEDB_bcell
QLHEQLNNAIAYKGQKMDMD,1,IEDB_bcell
LTNVIWRGPPTTTATNFYPNQV,0,bcell_shuffled
YKDWHLEWQNKIHKPP,1,IEDB_bcell
LDYDGNIQWCNMWKHNWPS,1,IEDB_bcell
LWGFDNQMKQQNFHERDASWCPRG,0,bcell_shuffled
ATCYRLNFIGCLYLEVF,1,IEDB_bcell
DNNMVMQGCSHRMMSSGDCLDGGP,0,bcell_shuffled
THFYAMRAARHMKMIWI,1,IEDB_bcell
FTYEIQMANFYGHQMTWWG,1,IEDB_bcell
YLDHPLKEYQPGDIHQRG,1,IEDB_bcell
YYFWELKEGQTRQWPVTLRDKRND,1,IEDB_bcell
EGGHMMYHLDNNVIENCPR,1,IEDB_bcell
SFITERCKWPCNFMFQC,0,bcell_shuffled
PICLTMCVWWNKSWKYLLHMMI,0,bcell_shuffled
KHDPNAALKPFKSTYDK,0,bcell_shuffled
QVSSKWNTERSAPIPC,1,IEDB_bcell
MRNQHPMECGYAGIWNISHFAI,0,bcell_shuffled
TYHQHISHVMHGKHDISCCYSWTF,1,IEDB_bcell
YHHLHHDGAVPHMPN,0,bcell_shuffled
CHLNNSNHKHLMLAIYCYKWWD,0,bcell_shuffled
VVYYMLSCQAKTVGLT,1,IEDB_bcell
SCWPYTEVSPEDDWI,0,bcell_shuffled
QNIGKSNIHFYYVYVAF,0,bcell_shuffled
TTLCMCKPYHEGMRVGTWCH,1,IEDB_bcell
ALAMLISTSGIKSFTGSHPMPRI,0,bcell_shuffled
DPPPNYKRRQGRLQFKKHKTPE,0,bcell_shuffled
NGDFALKKAFYDTCR,1,IEDB_bcell
GSVNFWTTPLARVEY,1,IEDB_bcell
CWPILFIGESIEHGFIIIWMQWN,0,bcell_shuffled
DDTDHHASYSKPEMEMSIH,0,bcell_shuffled
PNPQAWWNDFKNPIILAASCQMI,1,IEDB_bcell
RRAPRMVSKDNRDRNN,1,IEDB_bcell
TEIDVISKNDKQHIIQYVCMWYHS,0,bcell_shuffled
FSGRDNLNYGWVNPCMNRYEM,0,bcell_shuffled
KYGQVIDSFMNITQEYVITVTHE,0,bcell_shuffled
GAEVIAAIREQNSHHAA,0,bcell_shuffled
GQAEPSKSNYECYPPRSHLWAYQHQ,1,IEDB_bcell
PARCRPDLNCMPAATPNWK,0,bcell_shuffled
ILFRLLSQINCYSCAV,0,bcell_shuffled
RLHQIHRGKSKQHKFMQKAIILP,1,IEDB_bcell
TGDIMKNGLALHPFTIKRVYMQ,0,bcell_shuffled
PDLKCKKNFVEQSWIQMC,1,IEDB_bcell
QGMTEIRWAQLAGNGGWL,1,IEDB_bcell
FLYFNDQADGTLEQKGWPWLWCA,1,IEDB_bcell
KVKQIEKPAQNATAPMRQTLHA,1,IEDB_bcell
ESSMNLETHNRNNHSV,0,bcell_shuffled
GYWCQEKKVGGSIQNMAVESFLEVA,0,bcell_shuffled
GQARFPHKQHYPEGIHKQAI,1,IEDB_bcell
LDFWSDFLQFHQRDTDMEGVYGQ,0,bcell_shuffled
RREIDRICMKGFCLVNLMNLSTRYC,1,IEDB_bcell
AVGQMYFEIYTHYDLPRQLCFI,1,IEDB_bcell
TSVREYNWYHSHMIGNSE,0,bcell_shuffled
RYSPFHTPVNVPPAMRLFMCKY,0,bcell_shuffled
NCTWCHDSQNLVMALNEKKVYPVRP,1,IEDB_bcell
WTSCMDCQDRCQEMWCHMG,1,IEDB_bcell
AFLSAVQIMHFVRNTGRNVHI,0,bcell_shuffled
WMIYLCPDDSASDRKKTSP,1,IEDB_bcell
ELTNTDGIGNIRLVMNAPCKDKPHH,0,bcell_shuffled
FKVHLQEPVVTALPMVAEDMEAR,0,bcell_shuffled
NLLRTDADDNHTSSSS,1,IEDB_bcell
WEGFCVDPAAICSTRRIKEFHA,0,bcell_shuffled
HANEKLDYWVRNHVTESNK,1,IEDB_bcell
DHWMTIVIKYKILRVRTCQQIL,0,bcell_shuffled
HFFCKQLNCGDWVTELMCMITEDS,1,IEDB_bcell
MWPITVLVFEAPSMPCVMFNPG,0,bcell_shuffled
WFWDNDPGTKERCYDIECRILI,0,bcell_shuffled
WMLPTEGKAYIFMLLQYQPR,1,IEDB_bcell
SNQVCAKQPFELLSCMYEPISF,0,bcell_shuffled
SNNMIVDADCEDGKKDDQAPTFWKF,1,IEDB_bcell
WTSLWRIWQYGYNRKEEAQMQ,0,bcell_shuffled
TNFKRNPRHKNFVVARSC,1,IEDB_bcell
EPGPLPDQAKTWGKWCYF,1,IEDB_bcell
VTNEERMYMDTDYPQTP,0,bcell_shuffled
AACMGIWEWCHKKRRRFIWPC,1,IEDB_bcell
APVYGMRPHTPMGGT,0,bcell_shuffled
TKVLHFKCSIPPIHNHKHVEC,0,bcell_shuffled
WQAIGYPPETSSANMRAMTFLMDG,0,bcell_shuffled
MPHNQLGEYCGDTQF,0,bcell_shuffled
SWYQHSSLATENQFHFERWLTHV,0,bcell_shuffled
HDWAPSMPASVRWCCWAIREFMYY,1,IEDB_bcell
YTFHVIKDYINQEITSEQTVVGM,1,IEDB_bcell
MMMGEQRQHIDLDLCKKGDHEFQRA,0,bcell_shuffled
YEIDFVKNTMEFDYTW,1,IEDB_bcell
SDWAVDTVVCSTTHTQQW,1,IEDB_bcell
SWCLFDAKFKFLFCTMES,0,bcell_shuffled
GRHNTFLVDWGVSGCQRY,0,bcell_shuffled
WTGGTFDNIHLSWKLCNVKVAANFM,0,bcell_shuffled
MTPVFMYSGDLFLVNDMI,0,bcell_shuffled
CMYYLCHNFQMTIMIDDC,0,bcell_shuffled
ASAMLAALHGQASDAGG,1,IEDB_bcell
KVLNWFFSSFNPVTVR,0,bcell_shuffled
KMWIWAGLQTNWYESEQQRRY,1,IEDB_bcell
INEKCDCREPNFVLWSANHPMS,0,bcell_shuffled
CNKHDQDDNRHYCYNDMRWVRWFA,1,IEDB_bcell
TYANKAKRNWWGHSIQGRSVGKWH,0,bcell_shuffled
AWPDYWMWLDCESNHAPSMLYWG,1,IEDB_bcell
YHLHYESCWSLCMTQ,1,IEDB_bcell
RIQRGPGRAFVTIGK,1,IEDB_bcell
YQMKHISAAWHAYLCHIKIQY,0,bcell_shuffled
MQKFDCENRFEPYQHWMPGA,0,bcell_shuffled
LWQIYMWQDSHRNFVLFTDIML,0,bcell_shuffled
GASDAEQGPMCIIFLHVDVMLS,1,IEDB_bcell
KHKPMQLASGMNYWGHSFN,1,IEDB_bcell
CGSVMFCDQSYCQNVCDVPLC,1,IEDB_bcell
GTTEPFIFQHKHSAWDQY,0,bcell_shuffled
IQCVSDWEYTVVWPDDIRYHVD,0,bcell_shuffled
PQMNVDCFSPNQTFMLTP,0,bcell_shuffled
VVRKIVQKPYRPAMVFLFIPWIN,0,bcell_shuffled
YMRHNKDRELEHNEPQMDEWIIIYN,1,IEDB_bcell
KDNYESYKIVLAENQKVGGS,1,IEDB_bcell
IVLMRKTNSKLKQHLVPPID,1,IEDB_bcell
QAQDPNWEWGIRWRKK,0,bcell_shuffled
MFVQQTLRSFDDSRVNQYMSNH,0,bcell_shuffled
SHFQHGSCIDHTWVIYMHKSYTCH,0,bcell_shuffled
DEIHDVWRSHCSKNAN,1,IEDB_bcell
YQHRNMEKNRGMAENGEQ,1,IEDB_bcell
FGDYVQADRMDRTFQPTHPGMTH,0,bcell_shuffled
ERIQEQWTSPYPLTY,1,IEDB_bcell
LCAHFKALQDRIVPDLQFAN,0,bcell_shuffled
KDGESDKKDIDEKLIFIISK,0,bcell_shuffled
GQWKKLNNKSRESSQSYTFDL,0,bcell_shuffled
WHLLMKSPGRPMPHPMNYSQQD,0,bcell_shuffled
IGHRLMWCFCTHLMQSSP,0,bcell_shuffled
PQKGRNVKYFRINWCEYKIDVQ,1,IEDB_bcell
RNNPAVMYFYMYMGW,1,IEDB_bcell
YIFFRYQSGCQIGSPDAQH,1,IEDB_bcell
GEWRDARAQMMNTLMMDIFNIG,0,bcell_shuffled
YQDVCVCFAMMWENPQVYYFHPYT,0,bcell_shuffled
DNIRRLQRACIVLCYF,0,bcell_shuffled
CKTFDACQRYFKGINLQSCGVI,1,IEDB_bcell
SWAGMRVCFGHDMHHMHSSAWC,1,IEDB_bcell
DRTHGRRRYQEPSSMP,1,IEDB_bcell
FQWCFCDNDATTGSPMNN,0,bcell_shuffled
MRAYRWSWEVVWNAHY,0,bcell_shuffled
QWQRWGYGKYSCGYNQGNP,1,IEDB_bcell
FTGVDFCHENETEAGKT,1,IEDB_bcell
PRPKIRFWHTYYARGWSAFQQIEP,0,bcell_shuffled
GGAFQIHIAAQFLEYWKYYHLPDY,0,bcell_shuffled
RDGAQMGDFEWTYPFFNTTKLESGI,1,IEDB_bcell
FIMYCHDCQGYMWTMLRQR,1,IEDB_bcell
SGWKRVDPQYYFGKVWFPN,1,IEDB_bcell
MYRDQARCLRCPRTFQCHDPLFT,1,IEDB_bcell
DAGQIPVTKMISPTWIPPMFWVT,1,IEDB_bcell
TPMVSFQEQAVSNAK,1,IEDB_bcell
DLGSYTPGKMIEFIPYQICVNECLS,0,bcell_shuffled
IGSGCEVLAWTMEGMKGQMMRIFQ,0,bcell_shuffled
RRFIKPKKSNVISPHEME,1,IEDB_bcell
PVEEEMGMYTRPEPDGCVQVNI,0,bcell_shuffled
EAMVLGERCEERAGWQFRTIL,1,IEDB_bcell
RFVGSITKEEKSCIHNPNVNRQQLC,1,IEDB_bcell
ISCFAIMWCWEEVQDWI,1,IEDB_bcell
AWQKHKTMTGIMLDWIV,1,IEDB_bcell
GMCGIAYHGQCHFCAM,0,bcell_shuffled
NLWNRNLWPEVHLNPLTLSNDF,0,bcell_shuffled
GGKFCFGVEHSMYGAARQVREHNK,1,IEDB_bcell
QQVVYLSHFNGTVYGGN,0,bcell_shuffled
HTFWKFNGCYKCWWSHWCGPVKC,0,bcell_shuffled
GADQPRVGNFYLNVIQEHT,0,bcell_shuffled
DHRASNTHMRVWWSYGTTMIRY,1,IEDB_bcell
LTSFLSEHHYNFLRSTVMH,0,bcell_shuffled
SNWCMHHEFFGSGGRRGDRNHHI,0,bcell_shuffled
SVLTVMSIDQSMNTDQDMM,1,IEDB_bcell
GGQRFYNYGELGTNTHFFEDK,1,IEDB_bcell
GYATGIEEFNVQDMPVNWI,1,IEDB_bcell
CCRNSTENDKTMMTVNFHTCL,0,bcell_shuffled
PSHRINEMPREDHMMEC,1,IEDB_bcell
WCRQYMYASWFNHMVN,0,bcell_shuffled
CIQPINTQNVKCEGLVHESRRSFNK,0,bcell_shuffled
WIPMNQKQCSVSHCNIF,1,IEDB_bcell
PMLKETIDVSGCYGECLQIYNPSIF,1,IEDB_bcell
LHNMPNATFWIMFICDKWSYLQ,1,IEDB_bcell
NALAMSSNPQRHIHNAA,1,IEDB_bcell
HIEWEFVLPHRCYHGKW,1,IEDB_bcell
IYPVFMIKWVPWVRLAWNNFSQQAC,1,IEDB_bcell
EQHASTPWWQACLRQEWYEVW,1,IEDB_bcell
CMSWNTMCYDVVQKATKALLIFC,1,IEDB_bcell
FGDFCAQQVRSPLKHMHSR,1,IEDB_bcell
QTESNKKFLPFQQFGR,1,IEDB_bcell
IWYSNQQAGFCFVDDSIFQ,1,IEDB_bcell
KLLLSDHLKWYIEVHRCCAQ,0,bcell_shuffled
SQYFMWRNMINYVSCRHWGSSPRSM,1,IEDB_bcell
HKEVSHCGSMIQGVK,1,IEDB_bcell
CIEEVCGCAALFVCKPEWR,0,bcell_shuffled
KKNDLPYTDLWTKIVTL,1,IEDB_bcell
TSLKSAETDVFMDSIWM,0,bcell_shuffled
SSTMWWRPEDCPHIHFDIM,1,IEDB_bcell
HDAVMIRLYHWQNNTQA,0,bcell_shuffled
TRHMVLENYSQRRNKWEYE,0,bcell_shuffled
LRTSSKMYVDHEVTW,0,bcell_shuffled
SYMDIQFPRTPRAAHTSVT,0,bcell_shuffled
NWEICRGCWCAAFALSIMMDC,0,bcell_shuffled
MQCVHDGWHEYSLVFMGWVQPS,0,bcell_shuffled
CVNFNFNGLTGTGVLTE,1,IEDB_bcell
MWIETKTGRLRCARTEHR,1,IEDB_bcell
CKDDNQLTMWCCTSWTL,0,bcell_shuffled
WDSILLCMANRKASDKRWPFCL,0,bcell_shuffled
GYWKQQGYYGGNWQCPNSR,0,bcell_shuffled
SCITNDTTIPSNTYTPSNRFVRFAR,0,bcell_shuffled
FDFQTEWNAKRYIQNSLAQDRKQ,0,bcell_shuffled
LKLKRDDASMSICFAWWNLPRC,1,IEDB_bcell
SHMETDWLWLNYVITMNDFIKFK,0,bcell_shuffled
GVEVSNKNSLVTAFQEM,0,bcell_shuffled
LPSPTDCAGWLQHHW,1,IEDB_bcell
NFVDPNSQGSSVTIDKADSLTY,1,IEDB_bcell
FKQCTMVSFFKASNYRLLVTRQ,1,IEDB_bcell
MILVNMIQYPMSHWTIAEVK,0,bcell_shuffled
RVYMIAWHAMWIYALETLFEC,1,IEDB_bcell
GTYVANRWYCLPAIH,0,bcell_shuffled
WEKPMCVASRCKNMASRW,0,bcell_shuffled
IHRCMWPSVRNMVAVNYLTE,0,bcell_shuffled
MPAGDCCWSKNNMVFVIVMTRTP,0,bcell_shuffled
YMINVNWHVRREPMSTVLCA,1,IEDB_bcell
YAVGMPFHCLFVYPQLLHTLF,0,bcell_shuffled
MWSYWDCKRDGWAGQCW,1,IEDB_bcell
PAIACSVRYYFFCDQYQSHIDF,1,IEDB_bcell
ALMWPQYTKYHMFCN,0,bcell_shuffled
ARTDAQQNWSLNCILSLYYRNY,0,bcell_shuffled
IYVGHPASCLLSNQSYQKNYIM,1,IEDB_bcell
DHTMMWILSVWWHRA,0,bcell_shuffled
YWMGKWFPFIQQVSGSQ,1,IEDB_bcell
ETRMGNADICMIPRYEYCGT,1,IEDB_bcell
IWIMVGRKWVCLTDCRE,0,bcell_shuffled
TEGYYPKHRHSSMCSFR,0,bcell_shuffled
HKNVFFNSSVRWSWYIVNDFPN,0,bcell_shuffled
AHEETITVHIRPYMGD,1,IEDB_bcell
NTEWGRDACIHKTVQ,0,bcell_shuffled
LMITIIVTKEDWLEYKAEVGRLS,1,IEDB_bcell
KMKSNRSDLCGYKEVPGPAVEFK,0,bcell_shuffled
FVGQRPTHTDEQKAQV,1,IEDB_bcell
NVHIMQWNTRIAECRNHH,0,bcell_shuffled
QWLNKIAEESPWPFHPDPGWHG,1,IEDB_bcell
VQCPQGHEKLAWCWAFLMRLQMCQW,0,bcell_shuffled
YGYSLSTGRLDKGMLIS,0,bcell_shuffled
TLFFPPITQQAKPWCE,0,bcell_shuffled
RGGSQDIATPCTEHGGTSCL,1,IEDB_bcell
AMPELMTHCGPNGEMPGQLQEERG,1,IEDB_bcell
IFECDRCEAHNNVQC,0,bcell_shuffled
VACQTYRCEMIDIYIYI,0,bcell_shuffled
PFTRRLPGPDHTESGWSCAMNGGL,0,bcell_shuffled
MATAHTAWNGLDNWWTRFVFRETW,0,bcell_shuffled
YGCILHMVWRTILLTAEFG,0,bcell_shuffled
PDDTTVQNSVKCKSMLPIM,1,IEDB_bcell
FLLMEYWTCMMVSDYPPQT,0,bcell_shuffled
DVCGKGIGIFRAYMRHQIY,0,bcell_shuffled
AIRAIVGAQWFVFCMPC,1,IEDB_bcell
GSMETAWVENCHHIRL,1,IEDB_bcell
YQDKRHGPPFMMIFG,1,IEDB_bcell
HQNWFFQKGGYDSTK,1,IEDB_bcell
IGCLCSLTPYNGKWHTQFFRGQLYP,1,IEDB_bcell
GDDLFMNMNRQTIERIAMAMGW,1,IEDB_bcell
ISFYSCEHFMAYDICDECSC,0,bcell_shuffled
DRRVHQFKWNFSYRSVDFGVLYP,0,bcell_shuffled
QDKVNQRQIEYCCTF,0,bcell_shuffled
AVVWRFWQWYGSQMNGAMEQMKY,1,IEDB_bcell
RYRLRIKTREAKNICWMHGPG,0,bcell_shuffled
TSNCIADKCKSPLDF,1,IEDB_bcell
DRWQNFVFKETMYFGGSSKEAE,1,IEDB_bcell
IWEWRPAHFRAYSSG,1,IEDB_bcell
SMGLTRRAPVIVELMETNFDKTHG,1,IEDB_bcell
PTAEFPQWCFQKLTPI,1,IEDB_bcell
DTCGYTLHWSNSRVDGQEWNTTD,1,IEDB_bcell
LNHVNGVYDMCFGPY,1,IEDB_bcell
TPNEQFKERMVMTHANDW,0,bcell_shuffled
ESGDNINQNSRHYVQKHSGDQW,0,bcell_shuffled
HLYQRSGFETKVSKGVS,1,IEDB_bcell
LHAPYMGHVQEIHRDPTIFWQILTS,0,bcell_shuffled
GKQEYQYWMYPYFTGEDV,1,IEDB_bcell
YCSQNPWPPDEMTKVEWFSGEAPRW,0,bcell_shuffled
KHPFYFQDHVQNSCA,1,IEDB_bcell
KSRWVQAQKWDEQACN,0,bcell_shuffled
EMCYDQPTIFEHKRLYHYLTWFPH,1,IEDB_bcell
WFKRNYRREHGPAPPS,1,IEDB_bcell
QLMWPMRHVQPAMLVVMRLNLC,1,IEDB_bcell
PDQINHRSDTGIQVVLWSSVYCK,0,bcell_shuffled
HKCVTVHPDIYRKGGRHSWEYCDQ,1,IEDB_bcell
WKFPDRCHQTCTAAW,0,bcell_shuffled
PYFPVDKFQGHHTFESIHP,1,IEDB_bcell
HNFYPDWGMLNVAYTYYKHAQYPAC,0,bcell_shuffled
QIGNDPFAYKEQTGIQYYQKQ,0,bcell_shuffled
YGFASESVMYRWVDIDFGWAT,1,IEDB_bcell
YTHSGMHFMGFVMKMY,0,bcell_shuffled
MCPPNHNFEIKGEFTPCPHWNKFFD,0,bcell_shuffled
LRASHVHHCLGQDHHAQCSREYE,0,bcell_shuffled
QTTVQPFYTWWRSKSMGTGR,1,IEDB_bcell
RWSVFILTWNNILNFQDKITMYHW,1,IEDB_bcell
TCPMSCVSDTDWMHIVNL,1,IEDB_bcell
GDIWHQAILHAHQTKITMDDFETPF,1,IEDB_bcell
PWKNRGTFTTRITSCFWKQEH,0,bcell_shuffled
NKQLDQADSECRTCSY,0,bcell_shuffled
PRNDANEYSWLCNYKANW,1,IEDB_bcell
SRQEGPPSYHDRTMRR,0,bcell_shuffled
LQVLRRYQESLLMPSSDVCNI,0,bcell_shuffled
VLAQIFLQRDDYHLMR,0,bcell_shuffled
NPWGQYLWWKLGWVLWAIFWKYHH,1,IEDB_bcell
MMPVEEDIKNPFCYFSPSLKCL,0,bcell_shuffled
STRCVDVDNWYQHMPKCSRVY,0,bcell_shuffled
LVLEDNHIGFLPMQGTIW,1,IEDB_bcell
IPQKSKSFWWTPDKGVND,1,IEDB_bcell
FSHKQQDPFCHYAVN,0,bcell_shuffled
MGYVHWNSRGQVCCGSEYKG,0,bcell_shuffled
LLWKHKCVGYYIEMTLRDMFHTRAV,1,IEDB_bcell
EWGQTEKRRMGWSIL,0,bcell_shuffled
SWKAVYKPREWGCHEKFTPVGNQM,1,IEDB_bcell
WSDYNGEKSVEENGWFI,1,IEDB_bcell
FLIRGEKAEFFFPLID,1,IEDB_bcell
LYLKTAFICVYKEMCPFIMR,1,IEDB_bcell
KYLMFKNNFAFYRGAFS,1,IEDB_bcell
KFPNNFSLVMMWPNPDMQSVRASFP,1,IEDB_bcell
RFASPDCAGVYCIWRCHANIKSVQR,0,bcell_shuffled
WTHACSGSCMNLMTDRIEPW,1,IEDB_bcell
DWTIDPIVSNSKYYHILKVHNM,1,IEDB_bcell
CECLMGKYNDAVYKWHGRACYF,1,IEDB_bcell
GTFPCSFFRCWPDYHCFNFSAPHKW,1,IEDB_bcell
MKATFPLPEGKCEHH,0,bcell_shuffled
MTHNWSTRDWPILQMVQ,0,bcell_shuffled
MNHKMWDWHHPIWYNT,1,IEDB_bcell
FAFYMDQLDGGWTETEFNKGPSTIR,0,bcell_shuffled
GMCECKNIQGSVENCKL,0,bcell_shuffled
LWCLQMLEIIAFRITMPHPISAQYW,1,IEDB_bcell
YSPAWELQRHMSRWEPEFSWTYI,0,bcell_shuffled
AVIYMGCQKQQNYRMACF,1,IEDB_bcell
NHHGQMDNHVVGVAPQEDKCSK,1,IEDB_bcell
LVPHPPEPSYYMGHRCL,0,bcell_shuffled
RATMWKMIRSRLTWIDTKLNQYEHD,0,bcell_shuffled
HPLGALFRMGNLEHLM,1,IEDB_bcell
VNKESKYDTNVHWANRHEL,0,bcell_shuffled
LKIEPGVIFHPVMIFHGMSK,1,IEDB_bcell
GWWCAIIRLWGPLMCRGQH,0,bcell_shuffled
GQTDKSYVYRQYMKF,0,bcell_shuffled
FECNQVRMNDMDNHAVTAHPMD,0,bcell_shuffled
WDWVNILWIICQRETCYVSTMIGM,1,IEDB_bcell
LVHSQDWVINNNSFPYVMCCTGCI,0,bcell_shuffled
AAHCLLQHLFDSRYSIR,1,IEDB_bcell
SGPWPKQKDGQSCILTEQ,0,bcell_shuffled
ENGQKGQWQTHAQQYT,0,bcell_shuffled
CGGPPHILAVIMNLWAQGVC,1,IEDB_bcell
DEHQNKHNAYMWHNDNYKQLCALPG,1,IEDB_bcell
YSTNLDWSREQNKKKQLSSFG,1,IEDB_bcell
GSGSNQCYRCLTMCF,0,bcell_shuffled
LMSTIWDWTWGPSQLKL,0,bcell_shuffled
RTLSYWMREWVDDWGWINSLNCGHR,1,IEDB_bcell
ASNYHGNKNCDKFFERAR,1,IEDB_bcell
CLACHKQYGYTIDASHNS,1,IEDB_bcell
LFFTLQFAKLEVCCIATCR,1,IEDB_bcell
YHQMCAFIYPNPSRSLGKAVRHMAK,1,IEDB_bcell
MFLRPEPVVHHMMLK,0,bcell_shuffled
HNNGGLHNCYRLDFSGNSVAYDRND,0,bcell_shuffled
NFGRLFQRKKIFCLYQYDKC,1,IEDB_bcell
KVLENHDIQVWMSFPQNL,0,bcell_shuffled
GRILELVLKMTEWKSTYADIIEV,0,bcell_shuffled
PKHCHNMADPHIARCGTRWLVAPQ,1,IEDB_bcell
TMLRAIFWCLPFKHNADVVM,0,bcell_shuffled
LAHFGNNGEHVYHIVP,0,bcell_shuffled
WEKVKRDICYHPMAMWKNDRCC,0,bcell_shuffled
WQIDIVSPASWLWQQTDYIREWMP,0,bcell_shuffled
GPNWRSRRVNNEDDLNVQDVNCHLD,1,IEDB_bcell
EFMQMDPFKKQPTMHNVNWFY,0,bcell_shuffled
NEGRMYNSWITHHESYSV,1,IEDB_bcell
EHISKYGGWQHVNCISYI,0,bcell_shuffled
LQGTEIMRFAYDQDPWTI,0,bcell_shuffled
NSPDIHHREMEMERCMP,0,bcell_shuffled
PWCQDCPVFVPNFRQWPKECL,0,bcell_shuffled
DASCEGMAGYNSDQVSCSGRCDRF,0,bcell_shuffled
RPTSLVQEQFVHLEWT,0,bcell_shuffled
YPWDVVEYHDTSCRWVVIQDDI,1,IEDB_bcell
RGCGPPGPAMHAHVAMCWMDCGDM,1,IEDB_bcell
PQSKTQGKENKQRHHKFWKQPWNM,0,bcell_shuffled
KILIIVTRMWWWVVGC,1,IEDB_bcell
EVWCMQDIFDFWANTEKS,1,IEDB_bcell
SKVTYNQHHQICGITTVG,0,bcell_shuffled
FEPHSMWIDEKSPPTD,1,IEDB_bcell
RRKYRFQQKWLMNYWYSRKWLWPR,1,IEDB_bcell
FCMWMAWPKRRRSNAERE,1,IEDB_bcell
IHAEDEATQFNPVNTT,0,bcell_shuffled
SGDCTSVEGPCMKCFCNNCVYE,1,IEDB_bcell
AFGYCIQRGEWMICESQKAW,1,IEDB_bcell
TFYGKSEIWCKFVGNFIEGRY,1,IEDB_bcell
NKSGDAIWTLCPQLAAMRWTSM,0,bcell_shuffled
HWVVGTRPDPWNNETFNAPD,1,IEDB_bcell
PRCWPIRHRGQEDISFKHQ,0,bcell_shuffled
HERFEDDPGMSFMYYIGDKRPEG,0,bcell_shuffled
FDKSLDVLMCCNTRQHEG,0,bcell_shuffled
KVTNGHKAVSMAWDGIYK,0,bcell_shuffled
HTFNKETIKGAVAALVPNH,0,bcell_shuffled
IYIIIERSPRGQMTLCHKMC,1,IEDB_bcell
EANLWCCSGKNDQNEITNNVC,1,IEDB_bcell
VPRHCKMCCYMFHVQS,1,IEDB_bcell
PENRMRWTVELWNTQCKWMGHN,0,bcell_shuffled
CQCATGLEIKDLSSSWDLHYPVIGP,0,bcell_shuffled
GKAGPDFMVTYFFSQVC,0,bcell_shuffled
NMVCFCFWPCCWISPRKRLCSC,1,IEDB_bcell
DQCYGDIEKYRKRLPHTIIYWHVA,0,bcell_shuffled
NEVYHPTESGCDYAWDITPSMQD,1,IEDB_bcell
KPFLAFQLERMEDWVR,1,IEDB_bcell
WWAETCQDAQIWERASVKEFC,0,bcell_shuffled
GNPKDQLVMDHCSNGVYYFRAVC,0,bcell_shuffled
AWMWWPTKQKEKLINKS,0,bcell_shuffled
ACYHSLAWAKHITIADPCYTEPE,0,bcell_shuffled
RTVFAFQYRGFQKGDWPCNVH,1,IEDB_bcell
TIFVAAFINVQWFNPDIQKPC,0,bcell_shuffled
HIISIPSPQYYQMKDHW,1,IEDB_bcell
GHQCTGIVRPICWPYTPKPCVKSGA,1,IEDB_bcell
MVIWFYPFCYDQKEYQNAHL,0,bcell_shuffled
YSICMRHEGLEGYPYRAEVH,1,IEDB_bcell
CMYEYQWAHVCGWPYWFM,1,IEDB_bcell
QKDQQKECIYDMCKKNNFHTRNFDT,1,IEDB_bcell
QWTVNGHAKQFFYCDFGRPRV,0,bcell_shuffled
ETLDYWDHWVQQSWLTQVLCS,1,IEDB_bcell
QWRKTHHGTVVCFFRGVVYC,1,IEDB_bcell
IPMGHSRRTMVVYTK,0,bcell_shuffled
ERTHWGWQQYSPSTQVMPYY,0,bcell_shuffled
SRTVQDYYQKMYKGF,1,IEDB_bcell
VVQNGKRYWSYFKDPFGPW,0,bcell_shuffled
NANYQFYDANFKGKWYLPGV,1,IEDB_bcell
RDKDLEMTARYTRCDE,0,bcell_shuffled
KPCIKCFPINQKNKIVGGDCNYIG,0,bcell_shuffled
KQKCRWPIHFEIGPPIPN,1,IEDB_bcell
PKEGDPEHVDYSGVPTCARPGVPM,1,IEDB_bcell
QFVGTNCNMYFDLCTKWTCLG,1,IEDB_bcell
TVWVTKCRWIEKNTHWFLRS,0,bcell_shuffled
VNMPDKSRVRSEQVSWTMKAWRCA,0,bcell_shuffled
MRDIQEWDTTFLQIAPYG,1,IEDB_bcell
VAYQWVLSVEKFESNMEGCGIQGKA,1,IEDB_bcell
VILDQRKWRARASGA,0,bcell_shuffled
QMKQHYCKNCSHILN,0,bcell_shuffled
MPAFQTMHSYWEESRPMAHYRC,1,IEDB_bcell
FCIMSMWWRACINHSRMNHW,1,IEDB_bcell
PNVSWIGHGIGHYYQHDRWHELAE,0,bcell_shuffled
AKTHGFWPTRQVRRLRKTAKLQQG,0,bcell_shuffled
IIRPALTGSPEQEHRCTLYSAWHK,0,bcell_shuffled
DYNLTLQQNMAYQEQIT,0,bcell_shuffled
TMWPMASKGTGWPDVCPKV,0,bcell_shuffled
SDGVFGGFCMDQKFCHII,1,IEDB_bcell
DMWIPARTSCKSSPKDLYD,0,bcell_shuffled
ATNQTEQLTNQKPGCITE,1,IEDB_bcell
KPWVCRWQPCEVLDQPFCFNP,1,IEDB_bcell
VSDFPKKWRCSTCGFIV,1,IEDB_bcell
LNTYHQPWFMMCKYA,1,IEDB_bcell
SQMEVTMVEWSEGDVYW,0,bcell_shuffled
TVISHSEESLSNIEDEPVTMILF,1,IEDB_bcell
CHWSNCPMFYGPEERQ,1,IEDB_bcell
LSIPDQIAFMIWFFLRR,1,IEDB_bcell
QAATWDPQKIANETNRYLRVQ,0,bcell_shuffled
STDFVHQQEKYPHSTMMWKK,1,IEDB_bcell
APPTWFPMYLCPCGDWYDSP,0,bcell_shuffled
GVPTIMNFVWTEHQRPICPLLKQK,0,bcell_shuffled
WTRLWFIIGLCPPNGLHM,0,bcell_shuffled
NYPMMINVYIVHGEYAKF,0,bcell_shuffled
KLVAYLMWQQVSFYPRSMMQ,0,bcell_shuffled
TSDEWINNTLMYVWIKFLKHDFM,1,IEDB_bcell
NMPELEIVLCKGAAC,0,bcell_shuffled
FQDGPQWVIPYNLCA,0,bcell_shuffled
KTGWAFAWRLIVPMARPHCMAMI,1,IEDB_bcell
AKSYHADNDTAFFLT,1,IEDB_bcell
CVTDAWPPEYVYHMYVNQQMFFYC,1,IEDB_bcell
FWMDIWNQASWWYDF,1,IEDB_bcell
FQATEDILVTWHVFWENPSWL,0,bcell_shuffled
EIAADCIRWMVNDMWTKGATHNNRT,1,IEDB_bcell
RLVTPVDMMAENHTEFSIKTRGLG,0,bcell_shuffled
EYNDNRWWHIFARSHRMTCNKFKFA,0,bcell_shuffled
SINPIYKFGFNFFRFNFSR,0,bcell_shuffled
RIVRPANRDEWQAGTRIY,1,IEDB_bcell
YQKHKAKVDTENVVRIN,1,IEDB_bcell
WGRAGKCLLREDKGWEQVAVIL,1,IEDB_bcell
DTKHLYLKDVRTGQACMCAHVAGY,1,IEDB_bcell
CNLMKAVIWAWECTT,1,IEDB_bcell
VPAQACHYMDRTFQLMHV,0,bcell_shuffled
ELNFYYLWKHCSHWDVCGYPRS,1,IEDB_bcell
WTTHDKMRSVYSVEL,1,IEDB_bcell
VNAYMSIYFHLDWWKLYYSSCFYG,0,bcell_shuffled
TWHSYVYHNSTWQTQVLFWSPQQY,0,bcell_shuffled
LQPFMRSCHLDTHQGG,1,IEDB_bcell
EVGYVNPVSYYMYFMEAGEVMYKHP,1,IEDB_bcell
TRPAYARNSRKHWSKLWGPGGDT,0,bcell_shuffled
LIMDWPIFFSFMSWFANSNSRSWTQ,1,IEDB_bcell
PQDTNIRNRVLDRVSVDMVGG,0,bcell_shuffled
DWTPWIDTATYKKYHNLQ,1,IEDB_bcell
FAEGKIGWTNAAEDIM,0,bcell_shuffled
CEQTIEFYPKIHMRSRSM,1,IEDB_bcell
VPMLTTQMNFPFDQCPNS,1,IEDB_bcell
YPVNSWRVQWWAKLAIFCQPVNFMI,0,bcell_shuffled
NWKMWNSFCIKWIDTM,1,IEDB_bcell
EVYMTDPMQCYQHMCQESDHDDK,0,bcell_shuffled
PCYNESNAEYCSAMEYCDM,1,IEDB_bcell
LLNEWNCIFGNEWWMKGMNCAAICV,1,IEDB_bcell
PMYMMEEQEVDMKRPII,1,IEDB_bcell
KRTMIATQSATFIIQQKSYKFH,0,bcell_shuffled
DLQWHGRGAFKRLYPLVFSCEN,0,bcell_shuffled
KQSRYYGYYQSEGDHGHPLRKI,0,bcell_shuffled
MHCEGYDFFDKVYTFCATDLV,1,IEDB_bcell
VFGMGMHMFYSMTYKH,1,IEDB_bcell
QYFVLGACKCVKQSQHDIE,1,IEDB_bcell
SWENTHASDMETLCGSAGDE,1,IEDB_bcell
CVNNIDDPAWKGNFDC,0,bcell_shuffled
HWMRLKIFRLCCKKTRYLQPNEWVH,0,bcell_shuffled
RLMYFGATVCGSMHHVLQVR,0,bcell_shuffled
EDYAKDLWMTKIPAQCSRNTLT,0,bcell_shuffled
SCPTNLVCEGTFNQRGNGGNNYHMR,1,IEDB_bcell
YQRIAPDFMVQYFEV,1,IEDB_bcell
WIQTYMIWCADIEEGNIQ,1,IEDB_bcell
AKTEPGPLARVDAQH,1,IEDB_bcell
EDGKGWSGNKEMYIVVDEVV,1,IEDB_bcell
NKEEHHYTDIFMEAVYAKCPPTSPR,1,IEDB_bcell
WHALFTTMLVVMSWCNNMEQQGF,1,IEDB_bcell
GHWMWCPDFQMTGNDYCP,1,IEDB_bcell
HCAWSCEYQTMISPALRI,0,bcell_shuffled
WHYRQINNEIDMNEDMILREKEYPH,0,bcell_shuffled
QSKCFRMYCCQTTNF,1,IEDB_bcell
GPWWIDRCELIGRKSADFTNI,0,bcell_shuffled
GKDYMPWKLQQPDAKHIAQSVG,0,bcell_shuffled
LKQLDCMTAMDVIRQKRINIC,1,IEDB_bcell
MVRFLQPGLNVADKTNGQPPECS,1,IEDB_bcell
NDDLACCHQYKRNHSTPRYVI,1,IEDB_bcell
SGHGNEQYHLDKIWD,1,IEDB_bcell
ALSDTIRYVECKRQV,0,bcell_shuffled
LQELGYQAQMDKRQQST,0,bcell_shuffled
SEENNKAFHAMAEAM,1,IEDB_bcell
DRTCPMQMIVNLREDM,0,bcell_shuffled
SRAWMKAHSVFDCNGRHTGETPCRT,0,bcell_shuffled
YNGPSQGQNGGLTQDIWT,0,bcell_shuffled
LMQGQIWCIDFGHGNLVTESMPL,1,IEDB_bcell
FPSKNVNNVVRWDISHNSFWFY,1,IEDB_bcell
QCATAMATYYTCDILSMYMAF,0,bcell_shuffled
WDMYANTQGRCGFPDVEI,1,IEDB_bcell
HMCGQKPREIHQSQYEDG,0,bcell_shuffled
LPTRGEKPSATAWHNHTW,1,IEDB_bcell
CMTYRTTNKESKHVNFFSENDQKP,1,IEDB_bcell
EVELHFYGVYVLGPKSTAMD,0,bcell_shuffled
KASNSTALPHIMIQWS,1,IEDB_bcell
GEIKGEKIICQMLNQVGYIPVSYR,0,bcell_shuffled
WIYQHDVFLFHPYSACTEFKF,0,bcell_shuffled
RNGNLIHKLQLVCPCPPGA,0,bcell_shuffled
YMQMHKIAFCVFKFGDC,0,bcell_shuffled
AQEAYISVEENPQGVTRSLI,1,IEDB_bcell
FQMMNRSMYLNIDDCYCDRAT,1,IEDB_bcell
LNPQENSFHMHHLLIVII,1,IEDB_bcell
ECLKGSEQAQYFSPLSQIQ,1,IEDB_bcell
QHFIAHCRRWQIGKTHQ,1,IEDB_bcell
LSRIYYYMFQEQTVGYKVYQD,1,IEDB_bcell
TAVGMLCLNEMGFET,1,IEDB_bcell
KQARPNCSLRYEGDS,0,bcell_shuffled
VQYDMVYVAIHWKLPNVNIVY,1,IEDB_bcell
QSIANSYREHKNCSEDNDFI,1,IEDB_bcell
ISYWADFQMNRTNDMTNDACLLNH,1,IEDB_bcell
IHCRQREFIGYCNHHSLWVYRI,0,bcell_shuffled
NMKRLPTDFSYWWRS,0,bcell_shuffled
HSRCKRPNDAEEEESAQMDEQQK,0,bcell_shuffled
WVTWHVQEAMYGMTRYMCMQ,0,bcell_shuffled
QKAMCRINKQAGFNATYRYERA,1,IEDB_bcell
AQEDRWVAWEKFACSECTIWQ,1,IEDB_bcell
MQNDRNWHDNNEYGSCPGLPDYAV,0,bcell_shuffled
CAVVSIFKQEYNNNTDQ,0,bcell_shuffled
WNLMKRGCWSQNEDIERGGHRLLSL,0,bcell_shuffled
RVMPAWTSGSNSNVFDDPDTLGVK,1,IEDB_bcell
ALWMLVEFQRPFNMIYYL,0,bcell_shuffled
VNHEAIQCHMQWCEESQALVAH,0,bcell_shuffled
TMNTYARVVPTYGFWCI,1,IEDB_bcell
CWYARKHMMLPPAWQESEK,1,IEDB_bcell
LCYLWQLTRIKWCYGYAWQFA,1,IEDB_bcell
LCCQGCIVCNFLMLHPWKAFSDWH,0,bcell_shuffled
TFRTPEYKTLNNGEGDQVYDHHFNR,0,bcell_shuffled
RDLKEEEFLIKPVSMHTDPTA,1,IEDB_bcell
VNVCWQVLFRYCAFDL,0,bcell_shuffled
CYVNSLLWYINVWCKLFM,0,bcell_shuffled
MNEDTIFDVYKFEWTY,0,bcell_shuffled
HMKQNMHMNKCANMVSWCTTT,1,IEDB_bcell
CCDSGMKVAMKKLETE,0,bcell_shuffled
CAQCWILRLGAWTLK,1,IEDB_bcell
KGWEARGTRYVGHANVK,1,IEDB_bcell
GYWQMPNFAWCFESTQVPVEVVC,0,bcell_shuffled
NMVHSWWFSAHNRCTSCYLQCFCEY,0,bcell_shuffled
ACTWKTWWHHGICHHVDVRK,1,IEDB_bcell
EVKWVVMKTRWHRLD,0,bcell_shuffled
LCHIYDVRHYGFTEFH,0,bcell_shuffled
WCHGTKKMSQKNWDIETYHCSC,0,bcell_shuffled
KTEWKVQHISNPGPISMGNSHA,1,IEDB_bcell
PNSFKIALTFQMWRIHALAREDWNE,1,IEDB_bcell
EMCVPGCRIGISDKMRWNDYLV,0,bcell_shuffled
LKVNQGWSTKFQWYQYL,1,IEDB_bcell
KHPMDDDYSLFCQKNTQTFHHED,0,bcell_shuffled
NAEPVHLTQTFQFTPMQA,1,IEDB_bcell
SDICTWHCCLVFEMMENFKDTLQG,0,bcell_shuffled
SDNEISEGVYILNMQINI,1,IEDB_bcell
GCIIPRFAAVMQFWCAV,0,bcell_shuffled
FHGTEDILTDECFDAPNSGKNDM,0,bcell_shuffled
IPPISWNTNAGVCLCYT,0,bcell_shuffled
NMCVCLYLSKPTRVF,0,bcell_shuffled
RKYHTWDNAWTIPHL,0,bcell_shuffled
QTMYIDQHPYFCVRFEAYILGL,0,bcell_shuffled
AVPYLCKNVSTLHKGGNMGA,1,IEDB_bcell
TSSTVMRNVMLNDCNQNNIQV,1,IEDB_bcell
TNAKTCGRQAGRHWCTNN,0,bcell_shuffled
CIAEYMSNNKERCKRAMMHGTQKGA,1,IEDB_bcell
CCGWHCAPVMDRHMGMADGAPPGM,0,bcell_shuffled
AQCSKCTEWPRYCHNFK,1,IEDB_bcell
PNAIIVRELPKVEELCT,0,bcell_shuffled
AKAAVEFDWSINHCPVIGVWHT,0,bcell_shuffled
DPHEEQCRVCLMTDGMTMMLYPR,1,IEDB_bcell
FPFGTFCIFFFPTIA,1,IEDB_bcell
LYYMTYARHYWWYTPWCAPTLMNSK,0,bcell_shuffled
YEEGLCTWIASDWIN,0,bcell_shuffled
YNQCGHIVKWCLKCFRIFYW,1,IEDB_bcell
IQMWYYSRVKCWIFSCNYHA,0,bcell_shuffled
AGKFMQCANQVYCQIMRY,0,bcell_shuffled
HSRYVCCKRQKMCCQTC,0,bcell_shuffled
RITPAEVSLAQYSNGIEEQV,0,bcell_shuffled
TYTKSEQDVDSIWKE,1,IEDB_bcell
SGNTQQTPQWQSIMIQAKENDSKDF,1,IEDB_bcell
AQAPPMVRCHKILNDAPHCRWTGH,0,bcell_shuffled
GWRDCGRLVTVYSGQFNH,1,IEDB_bcell
CKGGNCYWLWFLRAMILNIADWTHC,1,IEDB_bcell
NWFTETLSKHWYCVWQCEREPFGHL,0,bcell_shuffled
DTGWQVMCFTEYYWQACK,1,IEDB_bcell
EVAQDMHAPWCQARN,1,IEDB_bcell
HVYSKESLPMQTRGGLQNGNGMLF,1,IEDB_bcell
LVSHPYYPVQRVDLDLCQMGGKIY,0,bcell_shuffled
MGVMNADPDNQWESDWYQIESVAQ,0,bcell_shuffled
PSAHFKQDQYIIKRCM,0,bcell_shuffled
MTDHLGTVSGQHEQQ,1,IEDB_bcell
APDAKPNTCQKFLNDLYYGASF,1,IEDB_bcell
IPKGTWSNDKQFVSWKPD,0,bcell_shuffled
IPHFGVTQFWFLMTWIYLAEY,0,bcell_shuffled
KESACCDWCKALCDVDYPYYFSIM,0,bcell_shuffled
WQWTMKWESTRMYSHCRARWV,0,bcell_shuffled
GFWDKEPNMCNVFLGPNQCR,0,bcell_shuffled
EYFTTPFGAAQYDYDHFYLWEEEML,1,IEDB_bcell
TGAQCMNYSNTRGHY,1,IEDB_bcell
STRGEHVTFCGYCYGHPPYFQMVMS,1,IEDB_bcell
HQGSVSCTGRGVSQW,0,bcell_shuffled
FNGGRHFADRQMELPCIGGTSF,0,bcell_shuffled
WMWHERCCDDQSGGYARAEEKR,0,bcell_shuffled
ASGPGCHIQTCRELDGGTST,0,bcell_shuffled
SMNVANRSRMADMPNIVVWE,1,IEDB_bcell
AKIDDQRPDVYVTDCPIYEQYIGW,1,IEDB_bcell
PRFCQHAAPAEKCWSISIHN,0,bcell_shuffled
TWHGDVDDVQFIINERSKWAL,0,bcell_shuffled
YWHYNRMSYQIVRAPDAC,0,bcell_shuffled
ESYRGKAPSIYYQKKYHIG,1,IEDB_bcell
CATMFKFDYDRTCWDSFW,1,IEDB_bcell
HYTDPDLMGEQAHQYHTLYSTSRT,0,bcell_shuffled
QQVVSQYAVMPMKENRNCMAYAHP,1,IEDB_bcell
DYIESDHCISVERIFSG,1,IEDB_bcell
MFNHDQPSELIVNLKVWQ,1,IEDB_bcell
RDHDVFTLDLDSFTIYTEPRVELEC,0,bcell_shuffled
EAPTMVLVWDYSLWEEG,1,IEDB_bcell
SFQVYKRMHGAYGQDCYCHKPLRK,1,IEDB_bcell
ACTRRCNNNHDGTMASNKLPGGDNH,1,IEDB_bcell
PHDRFYKTHHITFYYEMWCLPLQE,0,bcell_shuffled
FWMCNYELLLQVFVSAWCLQWT,1,IEDB_bcell
NFSALLGVVFFMELGR,0,bcell_shuffled
LYQDMEIFIGYSTQCYN,0,bcell_shuffled
TQRYTFRHYFCPAPFLPD,0,bcell_shuffled
EFYCHFLHGWNRCTWEQESLPVKWT,1,IEDB_bcell
IFHMGYWQLVDTLNYSHFRH,0,bcell_shuffled
RESVQKHRCFIHGLITTIRF,0,bcell_shuffled
RDPGVGCPEDYPHKTVPPESAGMV,0,bcell_shuffled
VKHYMYYLNLSDNYEW,1,IEDB_bcell
GLCMNHPWWWCYGNFPY,0,bcell_shuffled
ISEWPPNCEIVPKISSNIAA,0,bcell_shuffled
MCLEWRRWNKPQAYYAHEHHG,1,IEDB_bcell
PTQRCCHQKSITDFDPETWSHIMQ,1,IEDB_bcell
AHKEEHDFRMCKSEC,0,bcell_shuffled
LCCWHGWTVQLAEYRWSSGFCD,1,IEDB_bcell
PEYSAKLRQDYVGLHLFHLP,1,IEDB_bcell
YLDHKHPDYKPWDWRTQFLAFIMVS,1,IEDB_bcell
HKKGPMTKGPCQTPYLCEMREQF,1,IEDB_bcell
CDMHDCAIEEPVIHRSA,0,bcell_shuffled
AHIEEVSYLVAETSHLKMYAFN,0,bcell_shuffled
AFQSCNMNFCMNRTLMEMFSDPVH,0,bcell_shuffled
KRNDVAHAFGIHFDGGTVTYMHGK,0,bcell_shuffled
HWFSICGPVQETWKWVPPYNGV,1,IEDB_bcell
PCIMANNQIYSTDYLMWIV,0,bcell_shuffled
APCFYCHSQWKCERTNK,0,bcell_shuffled
TVNNMVVEGWGPGKFCHNKCWIAFQ,0,bcell_shuffled
WDWVHWSCEGYDFYAWES,1,IEDB_bcell
TGKMTPMSVADPVKPGWCW,1,IEDB_bcell
IIQYIELYKPQDTRAANRIA,0,bcell_shuffled
HCESNWEAKYKLFHKYQ,1,IEDB_bcell
MWALRVMVEEYKEINYCGHCFAVT,1,IEDB_bcell
PGWQNFRHVQVWTPRHFDSGKM,0,bcell_shuffled
SNTVLYALDGQIENGYNTTC,1,IEDB_bcell
GSRYMLTWQYETCPEKY,1,IEDB_bcell
VQFEMNPVLTFFGATSAPLRP,0,bcell_shuffled
QDMSCLEEGVWFEQQ,0,bcell_shuffled
TVCNSRIRDINFPTKIHTRH,1,IEDB_bcell
TQLGGYSQGPNWGIQTND,1,IEDB_bcell
FTHWEWFIRTQKTGPSCTRNK,1,IEDB_bcell
FAHRLILSLSACDYHQR,0,bcell_shuffled
LQETIFTVHQLPEQKI,0,bcell_shuffled
WRFHHPHLEYNNTLNQAPRPWC,0,bcell_shuffled
ITRNPYVIYPKRHLGGQM,0,bcell_shuffled
ACMNLVHDFIAMQEHD,0,bcell_shuffled
AEVAQEYCSSNWDMTGTNGQAAL,0,bcell_shuffled
YNARGQERGFFCHMGEAKSVVGKH,0,bcell_shuffled
EMCHPPWQDPLYTWVYFKPVSLM,0,bcell_shuffled
KFNFHATSFHNDNPKWTLVY,1,IEDB_bcell
GGWMTVIEMDQQGNHYLAN,0,bcell_shuffled
KSPYPPVSIMDKNPQ,1,IEDB_bcell
PRVPITIIFEFSHEHLSPMNKESF,0,bcell_shuffled
PRWLKMSQHLNGPSDPYMQPMH,1,IEDB_bcell
LHYWDSNCIRGHWGNNGI,0,bcell_shuffled
YVSCFFLTSRRKVLTFAKMQNQ,0,bcell_shuffled
NRFDEPFGAYCTPMLCQY,1,IEDB_bcell
GEGWCMHWMDWTHWIGFPHKNK,1,IEDB_bcell
GSIARMKFGAFGPPAIHSI,1,IEDB_bcell
TKLTYADSDVDVMINMYPYYPH,0,bcell_shuffled
SAKIHFLGTCILATC,0,bcell_shuffled
WWKQWPFVLFIICLY,0,bcell_shuffled
DRDAPLRNGHAWEEFVHC,0,bcell_shuffled
CAVVTRDANAAFEGYLR,0,bcell_shuffled
SMEWCVYNLFGQSITMHQSM,1,IEDB_bcell
GSVTHNNCNAHYHIYQLIAQVM,0,bcell_shuffled
PEVFNVLDTVHRPEANIFRA,0,bcell_shuffled
IQAVMSSVVQGNMQST,1,IEDB_bcell
CTHHAVENMPDDSYS,1,IEDB_bcell
KRYMPQYFCYYAETDF,0,bcell_shuffled
SNYLNLINYACDLRRQSYWQTA,1,IEDB_bcell
SHFWPEGFIQHQHVTECSWSQIQMS,0,bcell_shuffled
GPEALTVVKNYRNEDYMCGLTF,1,IEDB_bcell
ARQMNYTHSTGGYCN,0,bcell_shuffled
SVEGAYDERIQIFQIDMHNL,0,bcell_shuffled
DWMSGDPWAYSYAECWNPMLLWH,0,bcell_shuffled
VECIPYLAVGASAYRPAS,0,bcell_shuffled
WSMHATRIDPTGPGVWFNI,1,IEDB_bcell
IYNEFHRTQMKHYYILGRPCAT,1,IEDB_bcell
TIWYPFMEEWWALYSRHPRQSSE,1,IEDB_bcell
RFMFDIVNFCEDRKAREWMDR,0,bcell_shuffled
NITSSTVDAKLQVPDFYSNDSG,0,bcell_shuffled
SDKDNLCNTLTTGHLNYNVKYG,0,bcell_shuffled
TFLWMQKENFQTLWQ,0,bcell_shuffled
VQHAEPPCAFAHDTHGTGSERTNE,1,IEDB_bcell
IAGIHMPPNASMNDVFAPEIGWH,1,IEDB_bcell
SFGSRINFNRFFIFYPNFK,1,IEDB_bcell
RHPSRQSARVDHVFAAR,1,IEDB_bcell
FNCCVISANWYFGPDW,0,bcell_shuffled
QDDYFFRLAIHHIADWPEQDFKP,1,IEDB_bcell
CYLDVNNYGFGGKGLQHH,0,bcell_shuffled
MLRMDWIYQNDRLIYTRCQITWTA,1,IEDB_bcell
VNDLIVIVKKKELVPRNGI,1,IEDB_bcell
ENNGVFRACKFQYFHEYRLWYRCV,1,IEDB_bcell
IWAWVIIAPYCNESSMAEHYKTTAP,1,IEDB_bcell
RRNFALPIVNHTAEKFR,0,bcell_shuffled
VANWHGLSPWYWAQVPKHQMHF,1,IEDB_bcell
SFDGLADGVRAWRPLCFNMLKMMVV,1,IEDB_bcell
PKCHAKIVFECQWQWPFWKCCAD,0,bcell_shuffled
HRTIWVIHVIIPFDETTYL,1,IEDB_bcell
DKPEWEVCMAMQEYLQHDVYCLPE,1,IEDB_bcell
YWPTPWFCHYTHSREDISFW,1,IEDB_bcell
EAVLSDYWESGNVIRVMRCNVQ,1,IEDB_bcell
WKNFPGPAAVVHMIKKKLMRK,0,bcell_shuffled
LERYVCWEQWAWPSTQEHAWQ,0,bcell_shuffled
PGMYLNMVFIDFVMLDST,1,IEDB_bcell
QVTKVSQIPQMGRHPHCGFVQR,1,IEDB_bcell
HSRNLANSTLDSSTDD,0,bcell_shuffled
NMMMCGYDPDPNELDWME,1,IEDB_bcell
SGFMAEGWQCEMVRMKGIIMQLTG,1,IEDB_bcell
QQDNLWLWQYCREMCHEPVYYML,1,IEDB_bcell
NVWLRSVYANILGARQKRI,1,IEDB_bcell
CYMRRSCISSFFLSIEFRAE,1,IEDB_bcell
IMMQVFPVKDWFLHCLCF,1,IEDB_bcell
CLDCWDPPFNKRDDGHCALAR,0,bcell_shuffled
MYRQKHCQMGWPSNITEDLN,0,bcell_shuffled
HHMSYTPWMQWIPFGAEVPPG,0,bcell_shuffled
WVFYWRCKTQVIGSKRDAFHNE,1,IEDB_bcell
HPKMVWPDQKRIHTLMWQMEDK,1,IEDB_bcell
TQEQCRYKVEPPMYQERMHH,1,IEDB_bcell
NGCKPDVMMECWDGGLDE,0,bcell_shuffled
HHGQSVCVQEWDTTDWRMCLR,0,bcell_shuffled
CQEHYKNAARRKMMMEGNITGASCK,0,bcell_shuffled
DICHSQKRVYPLDAYRCNNHT,0,bcell_shuffled
GNWLRFFGWSVGAEHC,1,IEDB_bcell
MPVTGRPHALHMQQAGK,0,bcell_shuffled
KELPKNTLGFIRKYEWWWSQG,0,bcell_shuffled
GVLPREQCEDDWQPKLMMI,1,IEDB_bcell
NYYDLSHMWQVIFHHGRFLT,1,IEDB_bcell
ENARRALMRHVLFEGFGIYNQ,1,IEDB_bcell
KYTNHCKRPARITNMLMMGQDDCEI,1,IEDB_bcell
TRSHLLEQHMDYDTGTSTYYHQAP,1,IEDB_bcell
QRDAVTWMRVGYTFDGLIHRTYWG,1,IEDB_bcell
LWWRGVLDLREQIGGKKEAAVC,0,bcell_shuffled
NGDSFEVTGEQDHLFGYDAANGG,1,IEDB_bcell
DTRFGQSYNHENFQNCADNNLPEPE,0,bcell_shuffled
EDLPGHMLEEVTYNR,0,bcell_shuffled
LHTTYIDVNGKYQQVLHAGWH,0,bcell_shuffled
RRPWTYNYLRNIRTLWNL,0,bcell_shuffled
TKRTGVFIYLLDTQGAGSF,0,bcell_shuffled
GHQKQYSDKTFGFNW,0,bcell_shuffled
WATVFENCQEDRHNLNYG,1,IEDB_bcell
AVYPSFWYCQECHFIWISMEY,1,IEDB_bcell
TRKRMQYYWAGSGQWCSPVPIGWIA,1,IEDB_bcell
CHRNKCLLHIGRLSTTK,1,IEDB_bcell
ITNMLGLNTYLMFAKAVDKMT,0,bcell_shuffled
EFKCEKTYAYNGTCYMMMNMDKGKD,0,bcell_shuffled
DRMGRVGNSLFRKHEECVNNHGWV,0,bcell_shuffled
KVNDTERIWCHEYPVRCWIRMMPE,0,bcell_shuffled
MVMNSGIIEIISRQDNYK,0,bcell_shuffled
KTPGKIMQNTILFHLWCPVPVRQE,1,IEDB_bcell
AVYWMIMLVQMTWETVMDRGYMVRC,0,bcell_shuffled
WNPINQSNASWYASDWCLEYGPYW,1,IEDB_bcell
FEIFPVKHNSIEIPSHEMTPFSLR,1,IEDB_bcell
TCFKIDLSYQWGKEY,1,IEDB_bcell
NEHDVVINHDNDSSSH,1,IEDB_bcell
ISIFEVQDEKNLPHNSICENEFCR,0,bcell_shuffled
WHPWTLDVWWDGWICRCDPCWVD,1,IEDB_bcell
PEMMTCKYSQTAYTNWPVEQW,1,IEDB_bcell
ETFLWCRQSQQWFDEDKQYH,0,bcell_shuffled
EDPKGFSKKPSTGSW,1,IEDB_bcell
DALGMWGCFQTAQPAPCTLESAPRP,1,IEDB_bcell
KYMSKQRHTIQMKYYGMHVETPS,0,bcell_shuffled
SYQYDIREHKWWEPPDHQVEDS,1,IEDB_bcell
IWGQNEWNGQYMYFKEYAFDVF,1,IEDB_bcell
GMIAGQTYAQGVCWIWSKRSYPRWP,0,bcell_shuffled
YETFGPQGWTASTREEIQA,1,IEDB_bcell
KMMEWGCADHTANTINADTRWNVRI,0,bcell_shuffled
VQNIAQIKAFAMWGKMIV,0,bcell_shuffled
EWRWNSYVWMHYVRAA,1,IEDB_bcell
PYVCQTLQFVRHQPQ,1,IEDB_bcell
RPEFAMWESDPVTNESCYQPWGKPW,1,IEDB_bcell
VPVCRAHQLQQDTARERAYNLFYGD,0,bcell_shuffled
HRAILFMRNEKRFMAIFKDVMRQ,0,bcell_shuffled
FQTGQQGRSQPMEGMWNGCFG,0,bcell_shuffled
CPRLSYDCNCMTWSFC,1,IEDB_bcell
CTRINCWPWTHHVQGAELKRPVVC,0,bcell_shuffled
MRHHTGVVNIASLAQVIFRNF,1,IEDB_bcell
HLQQTFWVRRAGPTARKRTKLGKQ,1,IEDB_bcell
AKFGSRWGWTSSGGVYFIFT,1,IEDB_bcell
FNSIEEECAFIRHMWEAMH,1,IEDB_bcell
VKHDGPFMVSQLPGTRL,0,bcell_shuffled
DGPCTQDLLSHEVWVNM,1,IEDB_bcell
AHFRGNVEHGGIMGLCSTMCPNFNE,0,bcell_shuffled
YTALLKLYAKVRDSCCQPMT,0,bcell_shuffled
WCSYVMGLFTESMQSHQINM,0,bcell_shuffled
GDDRPHFCHREANVWALE,1,IEDB_bcell
KFDENHPSWHARMWICAVTI,0,bcell_shuffled
MNLAICDYYMDRTFRDMCNQS,0,bcell_shuffled
FMYCNSSKDRWARGMLGS,1,IEDB_bcell
RTDNHYLQMHAIVWAQN,1,IEDB_bcell
DDQHCKFIDKMFETNQKKYCQNTNR,0,bcell_shuffled
MPSWFKPERYHQKDFVH,1,IEDB_bcell
VFFTETNMFDLRDPAAR,0,bcell_shuffled
ICLNVLCDRRIDHAMVCLW,1,IEDB_bcell
SEQQRQSKIEGDAYENCA,0,bcell_shuffled
CMPAVFFRPPYPDYIAN,0,bcell_shuffled
SHMERNNHLNNSTVSE,1,IEDB_bcell
SWKAWHTPNTRATLPHGE,0,bcell_shuffled
CEQMMSRCWECNNKRAQM,0,bcell_shuffled
FVSGIYFDICGIPWN,1,IEDB_bcell
EISHIWQMGPCFHPQSMDSSRS,1,IEDB_bcell
QVHHGQNVNTDIVVWPSAHQKT,0,bcell_shuffled
AVMQSDIGHECLYNFTG,1,IEDB_bcell
VMGVQRIPDTRGNLSRVNVDD,1,IEDB_bcell
NCEKWMIHRTTRPHMTY,0,bcell_shuffled
REDRYGFEAEKQQIDGVGPGETY,1,IEDB_bcell
RYMGIVSLFKVNVSHRPLSIMG,0,bcell_shuffled
VPMNHQVATKDMELEPITKP,0,bcell_shuffled
NTGMVMCYKIPWTQINRIDCEICYG,0,bcell_shuffled
GNPVQWPHAFRQPGRLNGTGF,1,IEDB_bcell
YNEFFISRSRNWFDCESPGCVRAC,0,bcell_shuffled
EPISKDGYGRWKTFNNVNPPF,1,IEDB_bcell
DDWIMPPEEKSPHSFT,0,bcell_shuffled
HDPYGTVSVIDKANPNTDLH,1,IEDB_bcell
DQMGKPACKRQMWAK,1,IEDB_bcell
FGGVQNKKFKHKSMDMFA,1,IEDB_bcell
IRCNHPKVWMHRKEQTFLKLYWRCL,1,IEDB_bcell
CLYHVCRRTLCHWRNEVTDYRKNM,0,bcell_shuffled
NDPLFICEDRIDIRGTWWCEKY,1,IEDB_bcell
TCYNTQAVKEFWNPTVRWCCGE,1,IEDB_bcell
SAPSQCLTIKWKTVHLF,1,IEDB_bcell
CSRNDPMCCFWYTSLC,0,bcell_shuffled
WNMCNGGFKWIWMELICVLCAEANN,0,bcell_shuffled
NMYQFRQMRINKCNDKWVISP,0,bcell_shuffled
VSKLCNVMIWYYLNFWLC,1,IEDB_bcell
GQYNFMYGMATRVKHNSSWPRD,0,bcell_shuffled
LAGHCNSDWASTEGMETEDS,0,bcell_shuffled
YSGIDVIGDKWGLMCGKLG,0,bcell_shuffled
SRRCKRWGGDKYFMATQLCWFCH,0,bcell_shuffled
FCCIQGGCTSCWWSYWVAGMARP,1,IEDB_bcell
CDHPWFCQMDTGMPNWYG,0,bcell_shuffled
LWESLFDYAERMYVWQYDMCLR,0,bcell_shuffled
EYDTTCRERLKAMDDR,1,IEDB_bcell
RPVTNYNLQCDSGAWFLDYAYTADE,0,bcell_shuffled
GVNKYVIAYYIMFHEMPN,1,IEDB_bcell
RLLCGKSSAYYSTQMKAHVLNM,0,bcell_shuffled
IIEHQDHDGSRSKTNEMF,0,bcell_shuffled
FWFPKFQEMLMASNKA,0,bcell_shuffled
CQNFKWGCAMCEFGCD,1,IEDB_bcell
RWDTPQQTFSERKVPQQYFTNFL,0,bcell_shuffled
DEQEHIAQWDTWRCWAAYVKHRFK,1,IEDB_bcell
NWDCFIFLLHCDEYGF,0,bcell_shuffled
RNENMVHGRKAHHQIF,0,bcell_shuffled
LSSTRIQDQWGRQRIIHYINKDMD,0,bcell_shuffled
PSRTYNYYLKFRPVHGAPLPNV,1,IEDB_bcell
KNLRHHPIESLYAQEHYMRPDMF,1,IEDB_bcell
LFHTDCDIIYEPMRPG,0,bcell_shuffled
PLWYHEWAYPRAMEV,0,bcell_shuffled
EIVHFCNYLWHEMCHPPIWCR,1,IEDB_bcell
TAQCAMYMYTMPPKF,0,bcell_shuffled
NHVCFTYHHENCYQQRLYMRHLYQV,1,IEDB_bcell
YDTTKLCYQDCKGWRV,0,bcell_shuffled
AHSNKKAMDSLYHHFMKRMNV,0,bcell_shuffled
YGWRTGMVPRISDAHNDRYCE,1,IEDB_bcell
RGFYQWNEYKAFPCAQPEP,0,bcell_shuffled
YDYVHQMRGTKTLMERNW,0,bcell_shuffled
SVATMPGTDLFRVDNGKPSDSVWN,0,bcell_shuffled
GNDILACMGPDFHCMVPAAKASWI,0,bcell_shuffled
SGHPAIRTIAQIPDECG,0,bcell_shuffled
EFKNGGDINVTGNCQCCV,1,IEDB_bcell
HQVQMMCNSDQTSKFYMR,0,bcell_shuffled
EVYLQMYTSGDRQRQWTSSSEWNQ,1,IEDB_bcell
SDTFSDHYQRQNDPMW,0,bcell_shuffled
PRPQFEHLPQIGMDG,1,IEDB_bcell
FDLDDNYGENMTSFQSFK,1,IEDB_bcell
QCTTAKCSWNVERVTFWGMW,0,bcell_shuffled
VLVSIGQSDQRNCYSGGFTT,0,bcell_shuffled
DFTVDLSEPIWWQCKYHFNA,0,bcell_shuffled
YVTMRIWRPHMWYMKQRKCV,1,IEDB_bcell
TMDKWPFRSTQNIWFLDKSAFEDR,0,bcell_shuffled
CCTRRNQVTVCYALSNVH,1,IEDB_bcell
VMCHKNKFMSQASQQ,1,IEDB_bcell
ETQTQNKKTFNIRVMSIWKEI,1,IEDB_bcell
NAGRITIKGTGFIPHY,0,bcell_shuffled
VNMINRWKAFDLVFWVHG,1,IEDB_bcell
CMAEVADFMSESFSFWWYCNA,0,bcell_shuffled
MLFKMSQCSSKMPNCY,1,IEDB_bcell
NKRPFYMLMSMLWEGCPIAKNWWWG,0,bcell_shuffled
DDHSQINLYWGEKGH,0,bcell_shuffled
CLMNYIEVDTPDCARDKFCR,1,IEDB_bcell
PCTSKDKLQGSEQIPGQW,1,IEDB_bcell
TISCAWAPRHPYSDFCW,1,IEDB_bcell
AEWHMYLEMRIPTHGINVRCLGQ,1,IEDB_bcell
SQWEHGVLNFTMWCAMNLVQTMF,0,bcell_shuffled
PWDRKTLMTFQAHGNDG,0,bcell_shuffled
HPGHDFKCTGGHDVECLMMFILD,0,bcell_shuffled
IIMPVAWRIFKQPVVYPKNVFRL,1,IEDB_bcell
GAKNGSHFWNVCAVIFLMDKLWTTN,1,IEDB_bcell
HHFKNGYHGTPTAHKHMFKCPAVQY,0,bcell_shuffled
QTPPYCGRVSLTPLYPT,1,IEDB_bcell
QCPWCWRTYCVATKVNENEFTG,0,bcell_shuffled
QGPSSQHHTWQCHIMCSWL,1,IEDB_bcell
EHHHNTCPVIFHRTRFWYEY,0,bcell_shuffled
CANSFEFEHIRMAWEMIHE,0,bcell_shuffled
LSGADCPEQVRPRYWDMRMET,0,bcell_shuffled
CPRMIVFPLFANARDGLRLLKPLVN,0,bcell_shuffled
VYNIYVHIDGNRHIAIICD,1,IEDB_bcell
GYSPKDLFCFQKDYSDDQA,1,IEDB_bcell
WPEWDHTLVGDWQGYPGQMTDR,1,IEDB_bcell
TGFWTHFHCTKSYFEHS,1,IEDB_bcell
QGPSNHTKFNKQLGKSFSYDLK,1,IEDB_bcell
GVPPHCKLNLAKRIEYYMQTTQWQW,1,IEDB_bcell
GMMYKGHKIDNLPKVKFPCAP,1,IEDB_bcell
AMTQIHQISFYSKTTAKFKRQI,1,IEDB_bcell
GGAKPVITRGF,0,bcell_shuffled
MALYSHWGHSKFTGNNVPMQ,0,bcell_shuffled
HQMVSGEVWKYKHCKG,0,bcell_shuffled
VCRVKMGYHQGLVYTP,1,IEDB_bcell
QGGDRAPSLVRLFEGFFYARLH,1,IEDB_bcell
NAVEIEKFWQMWDTCDFS,0,bcell_shuffled
KDPNNPISTRLNHVLCGECVA,0,bcell_shuffled
VEYRFCGRMLVQCWG,1,IEDB_bcell
CSVQEVVNWDSVAREGNRYIML,0,bcell_shuffled
SIAMEGVNDFLCQGTHY,0,bcell_shuffled
YFKYDACSPAFPLKNQATGDNL,0,bcell_shuffled
REALYPWVCSDNAMYIFHCRRG,0,bcell_shuffled
FWRMCCVEMCNTGHDHEP,0,bcell_shuffled
DENCGFTQSPATVVC,0,bcell_shuffled
KCAKVSSCWPARWMERMN,1,IEDB_bcell
YHFHITWLTTDGNAWP,0,bcell_shuffled
PNGGEKLYVFTMTVKLFCRVQDM,1,IEDB_bcell
KYWQETMTSHVHSKMFKPDQ,0,bcell_shuffled
TGTRMILSCYAPELPLDRNGNYE,0,bcell_shuffled
IESYQGHNHVYISKWICG,1,IEDB_bcell
IKKKCLLRPDQCPGWVW,0,bcell_shuffled
ETQWRAMSFYYQRWSDSG,0,bcell_shuffled
CQTTSWSTLYLHKNGTEL,1,IEDB_bcell
AQMESYHMPACTPEFYMSWRHR,0,bcell_shuffled
YWLPNMTPTWDHGGSVWAYGLF,0,bcell_shuffled
RGEDTCFSYNSGQFDW,1,IEDB_bcell
RMSAKDESRCGQTKMQHRDPFIKWN,1,IEDB_bcell
RATKSHCEKFTIESFRE,1,IEDB_bcell
AHKSHRNDMDRNPVEEATRVMH,0,bcell_shuffled
LICMMLDLVFKNRTEF,1,IEDB_bcell
GVRDCDITEEAHCDSDMDARALDT,0,bcell_shuffled
VDKQHLSVGNDIMTF,1,IEDB_bcell
AAQVHNMTFIEMALGDLSHNTKA,0,bcell_shuffled
YQGWRAHYQIVYFYSFS,1,IEDB_bcell
PKCCMGPTTNRDRGMDEKHATAP,1,IEDB_bcell
SSVVHFARIGDFLQTEECGD,0,bcell_shuffled
SKSGHWNNLGDIHFFTH,0,bcell_shuffled
YHTCTMGGCGHVIFAVRY,0,bcell_shuffled
NQNPYIAGATCGASIYAM,0,bcell_shuffled
KGSCPIKQKARNHCLMII,1,IEDB_bcell
GHIACYLMIPVGNTHRMEEWQLR,0,bcell_shuffled
HGRLWIGMTCLFPILPWN,1,IEDB_bcell
LPHYANFYTDGAYPDVHNKAHC,1,IEDB_bcell
VCNPRLSAQPSTDENCAVLK,1,IEDB_bcell
VTMQKENSDNVQSMCV,0,bcell_shuffled
RYSSTSQDQVMIWRHRALDHK,0,bcell_shuffled
ESAPHGPEKWKFKYA,1,IEDB_bcell
NPSQQDQPMDDQVRSP,1,IEDB_bcell
EPLDFIQKVIISCVSMNDQQAS,1,IEDB_bcell
MGCTPEKHNWEVFHGQATTCEAMG,1,IEDB_bcell
DQIMYIQQKEERANYMWCQANVSEH,0,bcell_shuffled
PQAKHLKGQHSKRKLIQHMFIIR,0,bcell_shuffled
DTCLVPMKPSMWGAKHGQ,0,bcell_shuffled
FLEVQIRDNAYMFRARQD,0,bcell_shuffled
IDVKKARKHEGYDSMPTCSPMD,1,IEDB_bcell
EAGMIMNKLSGWTHM,1,IEDB_bcell
TVTECAIFAEVRIPVK,0,bcell_shuffled
FPRMSEAWVDPTIKARIWSR,0,bcell_shuffled
RGIMNYRYYLDHAWTFAFLKAEPR,0,bcell_shuffled
NVSVCDVVDGTTMVPYHSQCY,1,IEDB_bcell
TMTDESNPQGMDRCCYGSVQLVKE,1,IEDB_bcell
EMPEIIRYMKDEMQMVP,0,bcell_shuffled
CLPDYGKELASWFFENVCMRIFLD,1,IEDB_bcell
GRDAVMDVHVGIKAELLD,0,bcell_shuffled
TNQIANQQKMKWAFCRMCR,0,bcell_shuffled
CERQGEDGWCQFVWK,0,bcell_shuffled
HKFSEIFCPYVDHALFFQWTY,1,IEDB_bcell
WYEEPVFRFGCPCNEMF,0,bcell_shuffled
LPNQLYMEFILAMYVRWF,1,IEDB_bcell
VHYPLKDAYISQQAYF,0,bcell_shuffled
GHTEWEGERFGGYQMDK,0,bcell_shuffled
APLEEEFGTTHGVND,0,bcell_shuffled
WRKINEIAYWFSMIFVIP,1,IEDB_bcell
TGCSVHSGQVQRWGS,1,IEDB_bcell
DAGGNMWKYGISIHNLMHYGD,1,IEDB_bcell
DCRIHQQRPPFHWGSKIER,1,IEDB_bcell
QFMRFTQYITQSGDVCKR,0,bcell_shuffled
LVCCMPGKMHARLKQDKDWCGD,1,IEDB_bcell
PGRTDRRFPAQEVNMILCYKLV,0,bcell_shuffled
WIFWMMADFVWWLSPLVHDHYDGC,1,IEDB_bcell
QVYTAKRMDEQMVQG,0,bcell_shuffled
PHGPNTMEFNDRWLKHFETRCWM,1,IEDB_bcell
YYYCQREHCVPRYPLVHGRARCVTK,1,IEDB_bcell
QIWQQGWNVETMIVWQQPTK,1,IEDB_bcell
IYQMHCIFHVVCSLDNVC,0,bcell_shuffled
CWWPPMFAPGYDDYSCTPPL,1,IEDB_bcell
TAGPFDWASSAFFEMMEIYNKAKR,0,bcell_shuffled
TIFISDIMVYCDAPSQHVMVWFWN,1,IEDB_bcell
AFQLAYHPKVQYDSIY,1,IEDB_bcell
VSMPHIECHREKQSDYCKKQDQ,0,bcell_shuffled
MAWYDDFTRDWCKFFTCS,0,bcell_shuffled
ECNAPDNTVEYIGDNCAIPWVS,0,bcell_shuffled
GSIQDYFYWRRCYPEVSEG,1,IEDB_bcell
NIPPKVCIKQINGFIDNCGGYKKC,1,IEDB_bcell
PIPWVVHVIRPMLMRA,1,IEDB_bcell
YIIKLAVPEWCHGDDPTGEPCCQYP,0,bcell_shuffled
YYRMMKIKYVGAQGHLWRCPRCNA,1,IEDB_bcell
HCYFMWSNVMAWQRNY,1,IEDB_bcell
FPDWYCEMVTHHAECQSEMPI,0,bcell_shuffled
EFHSNWENINYFNCRSCPVNQIFHT,1,IEDB_bcell
GPITFAHGPEWFHSMVG,0,bcell_shuffled
DEQIDARDWDGNCKDDQFAPWKYLC,0,bcell_shuffled
PATVWRYVNGFMCTTYI,0,bcell_shuffled
CRNTQFDIYSWGYFDY,1,IEDB_bcell
NNYYMPQHPFDHRIFSDL,0,bcell_shuffled
ERKMLILVCLNMFTFD,0,bcell_shuffled
DATLWMYCQFWATDMEQCKTMED,0,bcell_shuffled
SDVCRSRCWRDTRFI,0,bcell_shuffled
YTCKCKRFSSPKHCPMRHAWFEN,1,IEDB_bcell
NEWKRYLPTTGHFWCS,0,bcell_shuffled
QQHDPEMPPRGFGLI,0,bcell_shuffled
WEPLAIHFCGICATNGQHR,1,IEDB_bcell
GATLVRIQHAYDDYD,1,IEDB_bcell
NRIVHWTPMQFCIYEMTLQI,1,IEDB_bcell
RKVHGMQIQEWVRPGMHM,0,bcell_shuffled
TAYCTLRTRNMWFIL,0,bcell_shuffled
HYYEYILREEFEHTYYD,0,bcell_shuffled
WFANPAQIRQQGDPMRGMN,1,IEDB_bcell
REWGDGMFHPWAWQMYMPCMETD,0,bcell_shuffled
CSDRPSHSPFHPFIED,0,bcell_shuffled
KQICDPEQEDFIVAECDIAGATTQV,1,IEDB_bcell
GSQFYPWKLWEEDRFVFCMMRRHW,1,IEDB_bcell
PECCDDMKMEGGLNWGVD,1,IEDB_bcell
IQVKHACCMARVYDQKKL,1,IEDB_bcell
WMHHDLLNMVTYNFKEQTNIGELGP,0,bcell_shuffled
TWVSMAMRQAFLYMAAYT,0,bcell_shuffled
CARCQCTERWRPRLENIH,1,IEDB_bcell
HMFANSDTVERLLFNGILIIHDCQ,1,IEDB_bcell
LYKTNSQQCNLDKPDL,1,IEDB_bcell
DWCWRAANLMLTDVQCVIAC,1,IEDB_bcell
KRHLWQSVIGKNKGEAVK,1,IEDB_bcell
HYWLVLLWKIIDQLYSRVD,0,bcell_shuffled
HIQTTPLCIVAASPR,1,IEDB_bcell
YVIWFMGYCWCGKISCRMEGVLL,1,IEDB_bcell
GRMNWNEFCPRGNYSMNDVYL,1,IEDB_bcell
TDYRHNMWINWWVLKM,0,bcell_shuffled
DRDSKGLVFDKNIDDWTLDLRV,0,bcell_shuffled
NLMSILQTMWDIWRYQFDVLHF,1,IEDB_bcell
VVEAAFVPIITTKCER,1,IEDB_bcell
MPEKPDGFWNQVGCLNRFNC,1,IEDB_bcell
FLYKSKETGVHVRGSSQ,0,bcell_shuffled
ASNDKVSTIFAWLGDY,0,bcell_shuffled
LIRAHVASTCIPPQT,0,bcell_shuffled
ISSMWMWYQYTWLFYGGLAIFCFF,1,IEDB_bcell
PGVRGRWPTPGCINNCEAGAEFKY,0,bcell_shuffled
ILCNICAEIQMLMQWKDNIWSQ,0,bcell_shuffled
HWEKGDNYNYQWSKDH,1,IEDB_bcell
YYVCSQDDYDAVHQHVKMNEDPTK,1,IEDB_bcell
EFVEKHCDVNYPWNHY,1,IEDB_bcell
FQHFQACNLDNLEDTAKDAI,0,bcell_shuffled
QEPWTLYQRISETPY,0,bcell_shuffled
FHYKLAAKAWVRSTISSFIIRKAA,0,bcell_shuffled
ATRAWVGMLWPEWCSWLMSH,1,IEDB_bcell
KENYDHMQFCQPFRPGMAEW,1,IEDB_bcell
IDNRDCQKRWRQELIH,1,IEDB_bcell
EAWGCIGASCREMQIFYQKW,0,bcell_shuffled
GSIVPPNKSVHFVVLHQVRVPMMCR,0,bcell_shuffled
KYPDSWYYMYDWAIM,1,IEDB_bcell
SHVCGVTPAATLCGPECMPMQL,0,bcell_shuffled
GWHQKVLGSKRKNVIAEK,0,bcell_shuffled
GHKALWCYWIRFESYQDAPMS,0,bcell_shuffled
IGMMLAMQECIVGGNGPA,1,IEDB_bcell
VGSAALNAAADFIKQE,0,bcell_shuffled
VMTDRTEHSPKVEEQF,0,bcell_shuffled
VDKTYWKDNSKGGVDSTA,1,IEDB_bcell
CFLIYSNQSLAIVRCL,1,IEDB_bcell
REYHCRDEGIWGSELF,0,bcell_shuffled
WMALSLGNCGDWGPPHNEC,1,IEDB_bcell
PSYQETFAHQKTIHDGFW,1,IEDB_bcell
MCSVKFRILPDYSIHRK,0,bcell_shuffled
NLGMFLRLVCGACQMKEVSVHKN,1,IEDB_bcell
FFGIEWQGPLWYDALREEFF,0,bcell_shuffled
EPKAAKDDWTKAIPV,0,bcell_shuffled
VHHTGMRAYWNWYRDSTTSMRI,0,bcell_shuffled
HVWMPLHKWPYHNQVSAAWQGF,0,bcell_shuffled
IQYRFGFFCSDWTATSL,1,IEDB_bcell
SKMSVARTTLPAHQDCLTTKLM,1,IEDB_bcell
DASMLIVMVWMAWIHRWQVYE,1,IEDB_bcell
IKNYTVHAQYTDGHGHVLQWL,1,IEDB_bcell
AADQMIEAICAPVATNDPRMSHRID,1,IEDB_bcell
YTNAAIWARYKWQKICYTMQQ,0,bcell_shuffled
ECFRWMRPKEARRMNASW,0,bcell_shuffled
RLHNVPKLWHHSHERGH,1,IEDB_bcell
IIDTMVTVKSWPWRDVKQSHVHQW,0,bcell_shuffled
AKSFELMENWMIAEHRMRLIGDCSI,0,bcell_shuffled
ADFTTMWVSSLLTEDDPW,1,IEDB_bcell
FIFSQDDQCVQANSIGWFY,0,bcell_shuffled
RHLRCETTITERGRMWKA,0,bcell_shuffled
TMNKTTMRSSQACSQ,1,IEDB_bcell
IIDSHAAKHCLQAHNKQWEIKLIA,1,IEDB_bcell
ETDFAWDCLPWCESFMIWNSAHYVV,1,IEDB_bcell
WCAYFHFPRCDEQPYNMDMQTLM,1,IEDB_bcell
EWTDDWYMLRIDRYY,0,bcell_shuffled
RIYDTSSQMHTPVAFPRAT,1,IEDB_bcell
HQWDMFRAFTLIDTEKRSQLLYK,1,IEDB_bcell
MKCACFAIRNILNTR,0,bcell_shuffled
TQPIKQAPRLHAQKVNTKAMEA,0,bcell_shuffled
NCPSNMHCGMASWYWHHS,0,bcell_shuffled
KELMGTQLKTEWCHELFHHKTC,1,IEDB_bcell
AWHQSPMKMYLGHIGKSKS,0,bcell_shuffled
CLPCANIEWKMFTNRIGWIC,0,bcell_shuffled
SYRLCWRHCESDCEAAWMRDL,1,IEDB_bcell
KPREPGTNCMAMGDDAPHRTTCK,0,bcell_shuffled
AMDISLHGVLYQNLA,0,bcell_shuffled
MWIIDYAQCDWHVVIALSTHV,1,IEDB_bcell
RGERAHMEGESKHYFNPNNFLFPSQ,1,IEDB_bcell
NYDNMSWEKLYHYLYV,0,bcell_shuffled
EVQMQDDASYDMNNIGVWPAWSEQ,1,IEDB_bcell
CYVLGYTLQVKTMSVA,0,bcell_shuffled
CGYLFVLYLNARCFITE,0,bcell_shuffled
PSNCDYCACCIIKPNWYLLD,1,IEDB_bcell
HAPIVEDIDARHCCMSE,1,IEDB_bcell
CSLLNLWEFWVFQCTAYWMLVQ,0,bcell_shuffled
NDPNVEDNRLQRCGSWVHDVDNRLN,0,bcell_shuffled
HIYVLNIGQHKIWMLPDMGSM,1,IEDB_bcell
KPAPETPKSELCPTFSPHMGWV,0,bcell_shuffled
LYWWIVNLDVPYRYGQQPQFP,0,bcell_shuffled
VMVNTQVAIMSGQSSQ,0,bcell_shuffled
RQNMNKAAIMTKCFQWCQR,1,IEDB_bcell
CFMANVLEFWRPDHDCQT,1,IEDB_bcell
DNCDVKNIFNDPWCAG,1,IEDB_bcell
PGFHNIEFRARIESSQ,0,bcell_shuffled
HTSPGPVKPFIHEDFFYHQ,0,bcell_shuffled
GLMHFNAHPGMLELRL,0,bcell_shuffled
SSERYSQGWRTDTEYWNQMSVQLQ,0,bcell_shuffled
HCANSHEILAWNCWWYFVT,0,bcell_shuffled
WEWVITYFCAAMYELIHAMLR,0,bcell_shuffled
GDNDNEWVFKPAPWQQMEGFTM,1,IEDB_bcell
CRQSITSDFHGQIRYCYIHSQEG,1,IEDB_bcell
PQVHPWLQNVDKNMIGHQMLISHQK,0,bcell_shuffled
VVSPEPGMNPLIAMPFTFWVMC,1,IEDB_bcell
WNNTLGKQKNEVITHVYVD,1,IEDB_bcell
KKDNPFKPYRTGLYD,1,IEDB_bcell
IKYIKDQVPHVICQC,0,bcell_shuffled
TNRSIDAVIPTNTRPSTFTFCRYNS,1,IEDB_bcell
EDFPPDDWDWPATQCPRVLKMDY,1,IEDB_bcell
SCAFWGMEIRATPSWLN,0,bcell_shuffled
MCGSDKQHEFDVLLNRTC,1,IEDB_bcell
EWDYQVVQDDGDIYIYRPKCITAP,0,bcell_shuffled
WADDYPMELCTFNYQ,0,bcell_shuffled
EATNNPPGFRTVKRDPDV,1,IEDB_bcell
FNPFSSWDPWVCHCD,1,IEDB_bcell
KWGNRMYIIQFSLMYAKAMA,0,bcell_shuffled
MDMWMPYGLDENECHCK,1,IEDB_bcell
FNMDNGKDDHLNVCYYNM,0,bcell_shuffled
IMPTCLLFMYAERIASWPWIQHQLI,0,bcell_shuffled
AQPPPKRACKIFFEYFMQPSP,1,IEDB_bcell
EVTNNYDKCGGEVMARYPTFLL,0,bcell_shuffled
GDFTGLYPFSEHDIRRLERRHG,1,IEDB_bcell
LYCNRVFIKMITCDTERRLY,1,IEDB_bcell
PFDGAAGTCCRNGNKRC,0,bcell_shuffled
VWSQTTWVYNSWQYFHLQYTSPQH,1,IEDB_bcell
EHNVGRHYGIECGYISARG,0,bcell_shuffled
NQRFVFMERLRDAAYIDQ,1,IEDB_bcell
NTCPPNAILWIGTCYSV,1,IEDB_bcell
FMEHTLWQWTIMCIPQGEMRITVR,1,IEDB_bcell
PLTTFIDNKLHEQHCG,1,IEDB_bcell
RLWGRKIISCAGYAQCVKKHD,0,bcell_shuffled
TPLYLKQEMNNKFMVNFAQRVW,0,bcell_shuffled
ETEGCCCICKFLGITRLFQLVYAW,0,bcell_shuffled
QRKADRLRFVSTNPPPE,0,bcell_shuffled
DKVIWINHWQNLWFSRYINFLMTT,0,bcell_shuffled
RDPHDPGAPAKIIWIQT,1,IEDB_bcell
VCNAHDLVVSINLMRCR,1,IEDB_bcell
WAPWATHASWACYPWGMSTP,0,bcell_shuffled
QFEECHVACNGAECW,0,bcell_shuffled
RYLNYFFQPGVPDYV,1,IEDB_bcell
YISRETAGSPVQRKNTVVRNSNVFG,0,bcell_shuffled
DPDQKQMHSCSHDQLSMYHLETEF,1,IEDB_bcell
DAGAETENRNRRQRGMPEKVPKK,0,bcell_shuffled
FIPWQASPAYALMGIKNV,1,IEDB_bcell
SFHMTFAHAGTRHPTYQDIF,1,IEDB_bcell
NTTEHKRGIHEYDAFGS,1,IEDB_bcell
DYKFYKSIDCNTRAYSAIKQTAMGY,1,IEDB_bcell
TCFCMLTTVDKVWEKWRIHL,1,IEDB_bcell
SKFHFDFKHAYSHWQ,0,bcell_shuffled
MIIVWHGVHFAYEVYKDHNNW,0,bcell_shuffled
FVHDDWDHFIVKGRTDDHAILFHVC,1,IEDB_bcell
HTTEGWFCARETRTIEHDDGKVICR,1,IEDB_bcell
PPTCIPVHWQMCQSS,0,bcell_shuffled
WDVCDTRILPPWGHCDWWWDVWC,0,bcell_shuffled
SHDSSMMSGRKRNNFYWSQKN,1,IEDB_bcell
SNYFPADCLVKKMRDHSSY,0,bcell_shuffled
WTTTRFKVAVDEFLMKLNFHQGTVQ,0,bcell_shuffled
SHMHLPNFRMYIDFNYMADKD,1,IEDB_bcell
YQRRGPSMFTTFGTTY,0,bcell_shuffled
WDNMPHEEWLGRNPFHKMFTCTR,0,bcell_shuffled
QTKLKMLTHMSTSRADLVCAPT,0,bcell_shuffled
CECYYAPKYDPLPPN,1,IEDB_bcell
FADYMGVSGYLHTVEPLKEV,1,IEDB_bcell
DMSKCNYSQSGDEQNNDSR,0,bcell_shuffled
RDPNMRACEIDYIEACVDSMMTE,0,bcell_shuffled
AQSRQPRIQSMWKGQNHIQGHTNIM,1,IEDB_bcell
VNTWANGTIVMFCMRPDPKSCMV,1,IEDB_bcell
ITEEHMVHPIRGYTDA,0,bcell_shuffled
CDITCMVAWALQDWNLRAVC,0,bcell_shuffled
YFNRPPKTYHYLIVFCIL,1,IEDB_bcell
DWPTCNSTLQYVMNGLIGF,0,bcell_shuffled
WYYHNNDILHNHKMSAWKCCLL,1,IEDB_bcell
RLAFESFSFRMICCIESSYR,0,bcell_shuffled
HILLKERMYAKDEYYCAGQSHILYE,1,IEDB_bcell
QQMDADNWEPCEFGYYCRYDR,0,bcell_shuffled
IYGYVSDMMEWPLCIRYYIWWHCAH,0,bcell_shuffled
SALECWMIFHTCRWY,0,bcell_shuffled
KYNPDNIPCYSDICCLLAWC,0,bcell_shuffled
HFAGCQITPVQYDKDVDTCPFW,0,bcell_shuffled
AQQTGIYQEQYKNIPYQGKFD,1,IEDB_bcell
EDWCSYGSYNMSFNRRTKA,0,bcell_shuffled
VLVATTNGCEFMSELVVRTQQFTI,0,bcell_shuffled
FRNDYSNWHLLTQTIG,1,IEDB_bcell
MKAMRQMADWAGAYFVDTI,0,bcell_shuffled
YQYIDVTIFGPTIDTWEGF,1,IEDB_bcell
WYVTIGNHHVHEHPCCQYRIDVC,0,bcell_shuffled
IDWWFSWFDANWQMY,0,bcell_shuffled
HLLQICNEIQYCMEGTHFFVKCF,0,bcell_shuffled
IASHNEPTYEMSGGAM,1,IEDB_bcell
SMIAHRANLSAANQPHN,0,bcell_shuffled
KVQSQYYPDFAGNEFAGTHKDNAQL,0,bcell_shuffled
RMEILWWSCDWALWEEIISV,0,bcell_shuffled
MGMYIMHVASFLQWLAHGQC,1,IEDB_bcell
RCSSWYVMCGFCSGCLTLL,0,bcell_shuffled
ITNYGDKNAFIKCKYHVLE,1,IEDB_bcell
MDAREHVFEPIMGHSA,0,bcell_shuffled
PFHIGGDTHMFHCKDMDCGLLEV,1,IEDB_bcell
DCDKPGPGPCLNAYE,1,IEDB_bcell
VEDFADWDCNQGKDIFTKPMADSKN,0,bcell_shuffled
QMDFWWNTCLVPQKHLKGW,0,bcell_shuffled
QWSTPPPNGTYRALADMGIREI,0,bcell_shuffled
TSHVGWLIHHWIYAHKFWYDCF,1,IEDB_bcell
LNNTLTFGFRELKNEIRRTVE,1,IEDB_bcell
FDDMSNKTDTEFHNGDIECALGP,1,IEDB_bcell
MVDKRVIWLEGFWSRIYEQE,0,bcell_shuffled
VNIMDAFFKGWHVRWLNV,0,bcell_shuffled
PLTKDADISNFCCSK,0,bcell_shuffled
VLHRKHYYQCYTPEPCRAVVRRCYG,0,bcell_shuffled
MCLPLATMMTVQKKSTPTPQCNC,0,bcell_shuffled
MSTLRFTVYCTQYKEHCWM,1,IEDB_bcell
PPKFWYSPGAMWVFVGAPS,1,IEDB_bcell
TTSMICVTSRGATSDYWFNTLMQPI,0,bcell_shuffled
KYTVNVAHGNACGLSPGLKM,0,bcell_shuffled
NKLQNMEATNRVYQWPMFFVKL,1,IEDB_bcell
KFFSAFNYFMRKGLNAY,0,bcell_shuffled
APFDFVTGPCKTHWDCQVQDIY,1,IEDB_bcell
SQPGTDWQAQQKTNSIKIMDSNQFE,0,bcell_shuffled
AHTLLTGIICKASFC,1,IEDB_bcell
NQDDLPQVCIVSPMHKCFKG,1,IEDB_bcell
NLPDQGMSEMEHLPCYAADC,0,bcell_shuffled
VRENFSEYFCPNFRIDSRWSCCGA,1,IEDB_bcell
VHETLQRWFLCPSGHEIQN,1,IEDB_bcell
YVLKTTPKALQRKN,0,bcell_shuffled
ECQAQNPTMTEYYPSTWWVMK,0,bcell_shuffled
KWVFEEKYGSIMIWAWMYGFTM,0,bcell_shuffled
EYMLERGREINWRTH,1,IEDB_bcell
DDIDVHWMCVQDMFND,0,bcell_shuffled
CSLKHEMWNMFYIMGTN,1,IEDB_bcell
RANRKSFTPGKAFLFDA,0,bcell_shuffled
YANGTAHTQAAWICP,1,IEDB_bcell
WMSWTSYPQWALWIEQVIQIDPDR,1,IEDB_bcell
KHTSGRRLLNHCKLICT,0,bcell_shuffled
KYDDMPHYNSKTWINLHVIIVS,0,bcell_shuffled
FPVFSQKYYKHHPGCSCNGGTR,0,bcell_shuffled
HHCKQAALDRERAVSMNFTS,0,bcell_shuffled
CHEFKRNIDLLHRADPECWKLHMYA,0,bcell_shuffled
KNDVYIRGQSQNHSSNHDQGWE,1,IEDB_bcell
NVLYLVTNIQKQGIRKADNDN,1,IEDB_bcell
WHLHCMSPQHHQSSHTMETYPYY,1,IEDB_bcell
GKGETTWDWRALHELCTP,1,IEDB_bcell
GLRFEPEKGYICAQRVT,0,bcell_shuffled
LYNCYVAGKINIELTGMHCPV,1,IEDB_bcell
LHACGWQWTYKNSEMKEPTKWF,0,bcell_shuffled
DCVEKCHKNSSHCPIHQD,0,bcell_shuffled
FLVQGDYMKGANPDCTHLYY,1,IEDB_bcell
EASKPLQQSWVMDNYNPGCQVQQ,1,IEDB_bcell
VTVKHPREDQEEFTMS,1,IEDB_bcell
RYTQPNEPDFQVNKPW,1,IEDB_bcell
FKWQHHMLPSAVCEYCDS,0,bcell_shuffled
AGFRFLRSVFDGELAYPGLQRH,0,bcell_shuffled
