sequence,label,source
EQSSVLSAKKGPLAE,0,IEDB_mhc2_nonbinder
QLCLNVDVFTRFKHH,0,IEDB_mhc2_nonbinder
MVSVLPLLRGKKAVN,1,IEDB_mhc2_binder
AVVSVCDEDYLYPEK,0,IEDB_mhc2_nonbinder
SRGAPTMEIEDQEYH,0,IEDB_mhc2_nonbinder
NCETDVRDWVDGNRS,0,IEDB_mhc2_nonbinder
SMYTKRMTNSNSDVV,0,IEDB_mhc2_nonbinder
SMTKIEYTMRALAIS,0,IEDB_mhc2_nonbinder
LRSACEKSIMTQKVT,0,IEDB_mhc2_nonbinder
AEKLMRFLCNNFIDF,0,IEDB_mhc2_nonbinder
MKDIEDAMPGVLSYV,1,IEDB_mhc2_binder
SKIPHILLAMSLVLT,0,IEDB_mhc2_nonbinder
TRRKLLLIFDALILL,1,IEDB_mhc2_binder
LPLGVLLVCLLKNDT,0,IEDB_mhc2_nonbinder
EKEDGLSGVKSAILR,0,IEDB_mhc2_nonbinder
AIMETCGKSFRKSTT,0,IEDB_mhc2_nonbinder
PKPHRLSSDSVCACG,1,IEDB_mhc2_binder
IPDACSKIRSMLRKL,1,IEDB_mhc2_binder
QVARAGGTGRFGQQL,0,IEDB_mhc2_nonbinder
EFKCSSFHFVSGNHT,0,IEDB_mhc2_nonbinder
GLSIYCPQLRFLPSG,0,IEDB_mhc2_nonbinder
LSGSISKNTSFGLNS,0,IEDB_mhc2_nonbinder
QATVDTMISWIEDCN,0,IEDB_mhc2_nonbinder
LGLLLKNLTTIAYQE,1,IEDB_mhc2_binder
HPIMHYTKFEDYNFQ,0,IEDB_mhc2_nonbinder
SSDLFLIFVYIFSVT,0,IEDB_mhc2_nonbinder
RQMAENLLVITVDHD,0,IEDB_mhc2_nonbinder
TRLFKQVSHKGLSEV,0,IEDB_mhc2_nonbinder
YQLFSDAKANCTAES,1,IEDB_mhc2_binder
VQMTLAKMANSEGSK,1,IEDB_mhc2_binder
HEALNIALIAVSIIS,1,IEDB_mhc2_binder
HFLVRSKTHLNFERS,1,IEDB_mhc2_binder
VSACVSSMAERFKTK,1,IEDB_mhc2_binder
NITDIEKEPSLATVK,1,IEDB_mhc2_binder
KKKNVIINWRLKTGP,0,IEDB_mhc2_nonbinder
AGDLGRDELMELASD,1,IEDB_mhc2_binder
YNESHALTQLIHNRK,0,IEDB_mhc2_nonbinder
LSILAILKGLYNFAT,1,IEDB_mhc2_binder
VNTFRMKMEKLIFSD,0,IEDB_mhc2_nonbinder
LALVGIDGKKLDGPS,0,IEDB_mhc2_nonbinder
ANDSSNKIVNLTMTL,0,IEDB_mhc2_nonbinder
DHSSEFCDMLKLFEF,1,IEDB_mhc2_binder
MRLKSTTEEPSGFRL,0,IEDB_mhc2_nonbinder
TEDDFKNIAAAGLNHV,1,IEDB_mhc2_binder
LISMVDVVYPGLIQL,0,IEDB_mhc2_nonbinder
TVVTISPWKPPSPEL,0,IEDB_mhc2_nonbinder
LCHICWKPLPTSITV,1,IEDB_mhc2_binder
QMRETVEELRQRIEQ,1,IEDB_mhc2_binder
TTKLPSLEILQSQKI,0,IEDB_mhc2_nonbinder
PGVSRELLGYCVSLF,1,IEDB_mhc2_binder
LNGLLKTLCPLTDIQ,0,IEDB_mhc2_nonbinder
QNDVLQLDALAGVDT,0,IEDB_mhc2_nonbinder
NLNKLAYRNDLTIKF,0,IEDB_mhc2_nonbinder
DFSFDFAAKLSVDDE,0,IEDB_mhc2_nonbinder
GNELAELDLYSCTVF,0,IEDB_mhc2_nonbinder
SCTEEAFKIGLHTEF,1,IEDB_mhc2_binder
DMNCEDLVAGIMNIL,0,IEDB_mhc2_nonbinder
PMVIWQQCADIYDHS,0,IEDB_mhc2_nonbinder
KNVSASSQFEISAAS,0,IEDB_mhc2_nonbinder
TIIDEVSATAQILDN,0,IEDB_mhc2_nonbinder
NMCILLNSDLKNRVC,0,IEDB_mhc2_nonbinder
TFRIEERFKNGYLFL,0,IEDB_mhc2_nonbinder
KLRHSDYEYKVSKLV,1,IEDB_mhc2_binder
CDMKMAVNNGDLCCS,1,IEDB_mhc2_binder
VRIWDVSDPSKLNNQ,1,IEDB_mhc2_binder
VNPSLNGKLTVDQED,0,IEDB_mhc2_nonbinder
SIGSNLTIACRVSLR,0,IEDB_mhc2_nonbinder
NSTLSLKRFNADIRY,0,IEDB_mhc2_nonbinder
KQLAKGMVFLSAIMS,0,IEDB_mhc2_nonbinder
YELQTLELNMETLNM,1,IEDB_mhc2_binder
KLKSDKDWMILALTE,0,IEDB_mhc2_nonbinder
LSLCNKIKGLKVFNT,1,IEDB_mhc2_binder
RKNSCECNFEQKFVD,0,IEDB_mhc2_nonbinder
SGDVIVKAIGALEDI,1,IEDB_mhc2_binder
NKNFFWAVKPKAVRQ,1,IEDB_mhc2_binder
NESFLDGGAILLSRG,0,IEDB_mhc2_nonbinder
NYIFVDIAVGSSDMK,0,IEDB_mhc2_nonbinder
QVHPRSVLIEGFKLL,1,IEDB_mhc2_binder
ILRKPKDLMWTFKCS,0,IEDB_mhc2_nonbinder
ITSGCATALDLASNK,1,IEDB_mhc2_binder
LVLKNTLIMTLESIP,0,IEDB_mhc2_nonbinder
GSLSKDELMELSSDL,0,IEDB_mhc2_nonbinder
VAYIHQRSCQKEIVA,0,IEDB_mhc2_nonbinder
GRVLTRKKLNKIFTN,0,IEDB_mhc2_nonbinder
NGCFQRTELSISRIS,0,IEDB_mhc2_nonbinder
HGILTPSLCFVVPDG,1,IEDB_mhc2_binder
NKEVDNLMSMKSSQR,1,IEDB_mhc2_binder
KEELSLLYEHLSEDV,1,IEDB_mhc2_binder
LGVLFGSRIAFSNIQ,1,IEDB_mhc2_binder
LELLLKNLTTKSYED,1,IEDB_mhc2_binder
CPDLFMNPTIRHVLM,0,IEDB_mhc2_nonbinder
YNFATCGLIGLVTFL,1,IEDB_mhc2_binder
KDELMDLASDLEKLK,1,IEDB_mhc2_binder
EDVYEKLCVAVYDSP,1,IEDB_mhc2_binder
LFHPKKQIDERFTYF,0,IEDB_mhc2_nonbinder
VTKEFINVNPPRHFV,0,IEDB_mhc2_nonbinder
EAVKKLDPTNTLWLD,1,IEDB_mhc2_binder
FDNIKVFLEGVSVDN,1,IEDB_mhc2_binder
HHLNPCDYVARKPES,1,IEDB_mhc2_binder
EINFLSQTVNALISD,1,IEDB_mhc2_binder
FTSENLLHQYVGTYD,0,IEDB_mhc2_nonbinder
EAPNTMGLDTVKSFS,0,IEDB_mhc2_nonbinder
SDILKTLTSESIKLT,1,IEDB_mhc2_binder
NITGNLVQCHSNSWS,0,IEDB_mhc2_nonbinder
FCANKLMDVVYSIAL,1,IEDB_mhc2_binder
KLNTKSLATANCMTL,0,IEDB_mhc2_nonbinder
EKLMLDSSEAKDLKL,0,IEDB_mhc2_nonbinder
KEDTLKVRRLGLDVG,0,IEDB_mhc2_nonbinder
AFKIGLHTEFQTVSF,1,IEDB_mhc2_binder
EEQYKSADTCFLCGE,0,IEDB_mhc2_nonbinder
SAQRVDLHNKMIHYL,0,IEDB_mhc2_nonbinder
HGRKDLKIVDIKLAS,1,IEDB_mhc2_binder
QGVYMGNLSQSQLAK,1,IEDB_mhc2_binder
TPVKYLMPQLLR,0,IEDB_mhc2_nonbinder
TKLFMRKAISSYFKQ,0,IEDB_mhc2_nonbinder
ILHNTSDFYALISER,1,IEDB_mhc2_binder
TESTFKNISCTFKFGEE,1,IEDB_mhc2_binder
IVWKVIATVLILKGN,0,IEDB_mhc2_nonbinder
NFDEPPLPTTQIEKV,0,IEDB_mhc2_nonbinder
LLVVFKLFAEDNQEP,0,IEDB_mhc2_nonbinder
RLYSDVEENIISGFL,0,IEDB_mhc2_nonbinder
YRKGLGNFVQTDRKS,1,IEDB_mhc2_binder
KTPSLDIEGGSDAAE,1,IEDB_mhc2_binder
KNFCHQTDLNTVNSD,0,IEDB_mhc2_nonbinder
KNKVNLLTHSINALI,1,IEDB_mhc2_binder
ILMDDKLLANQKANV,0,IEDB_mhc2_nonbinder
FSLKLFIQSKKNGDK,0,IEDB_mhc2_nonbinder
AGACLIDGGNMLETI,1,IEDB_mhc2_binder
KFNFGDFYSELGNKY,1,IEDB_mhc2_binder
AAVDCALNLKIIKEG,0,IEDB_mhc2_nonbinder
TRTGTFRTLKKFALW,0,IEDB_mhc2_nonbinder
RMDLLLTDYMMKANN,0,IEDB_mhc2_nonbinder
CSDHYICLKCLNIML,1,IEDB_mhc2_binder
MMELLQEFDHARYEM,0,IEDB_mhc2_nonbinder
SKFASKGFVREPISV,0,IEDB_mhc2_nonbinder
MAQEDFLLMYEMHRE,1,IEDB_mhc2_binder
VDGWNFMRESLKLTC,0,IEDB_mhc2_nonbinder
KGILIRKNSELFSNH,0,IEDB_mhc2_nonbinder
RQMNNSYGAGKRHQA,0,IEDB_mhc2_nonbinder
ERLSTYKVELSGDVI,1,IEDB_mhc2_binder
TLIFKGEKKLNNLDP,0,IEDB_mhc2_nonbinder
VANHGQTCALVANTG,0,IEDB_mhc2_nonbinder
HYLSVLSLCNKIKGL,1,IEDB_mhc2_binder
KELDFSRRLLANLAQ,0,IEDB_mhc2_nonbinder
KLNVSKRGNRLEGTF,0,IEDB_mhc2_nonbinder
LLPDWATERFRWLLI,1,IEDB_mhc2_binder
KLIDIALSKTDSRKY,1,IEDB_mhc2_binder
QRILRKSKRNDGDLD,1,IEDB_mhc2_binder
PEGRRQLIFSTRSWL,0,IEDB_mhc2_nonbinder
GVLQTFMRMAWGGSY,1,IEDB_mhc2_binder
LLMKNKIRELMSVPY,1,IEDB_mhc2_binder
VCNAAMLIKQGLTDP,0,IEDB_mhc2_nonbinder
VRDEVQLALHKMKSS,1,IEDB_mhc2_binder
VLGQKVSRLQQRRKS,0,IEDB_mhc2_nonbinder
ELSYQKEALLSQVEV,1,IEDB_mhc2_binder
TKRWVDLMHGKKCIG,0,IEDB_mhc2_nonbinder
KYDAQFQSIKDGKLH,0,IEDB_mhc2_nonbinder
LRPTFFLEKPLDICP,1,IEDB_mhc2_binder
EHDCLQIVTKDESGL,0,IEDB_mhc2_nonbinder
DTEFLMGAYRKKRNT,0,IEDB_mhc2_nonbinder
KEALLSQVEVPMVLT,1,IEDB_mhc2_binder
TVGLFHLFPFTLTTH,0,IEDB_mhc2_nonbinder
ALLSGLDFAKVASVQ,1,IEDB_mhc2_binder
GSRIAFSNIQDLGKK,1,IEDB_mhc2_binder
DQQILNGSDSRPLLF,0,IEDB_mhc2_nonbinder
SIVVPIEPSAPPPED,0,IEDB_mhc2_nonbinder
STCITSMAERFKTKG,1,IEDB_mhc2_binder
EAFKTILNGKCCALN,0,IEDB_mhc2_nonbinder
DILILHRHTVKDEGS,0,IEDB_mhc2_nonbinder
SEKQLNIFLVDSPKW,0,IEDB_mhc2_nonbinder
CFWSTVFFTASLFLH,1,IEDB_mhc2_binder
LIMKSSLEHASCKVD,0,IEDB_mhc2_nonbinder
GAQSKSSLLHAINHP,0,IEDB_mhc2_nonbinder
ETIKVTPNNFSSIVK,1,IEDB_mhc2_binder
SFFQEIPVFLQEALN,1,IEDB_mhc2_binder
TWGKDDFILGWGLIH,0,IEDB_mhc2_nonbinder
YKKGLRFKGEIMGTL,0,IEDB_mhc2_nonbinder
LMTSPKWVQMCSRTL,1,IEDB_mhc2_binder
LEKLKKKIGDRESNS,0,IEDB_mhc2_nonbinder
YSFEAQGALANIAVDKA,1,IEDB_mhc2_binder
LVVASTKSDSTNSFL,0,IEDB_mhc2_nonbinder
HIIKESNLDFPVDNS,0,IEDB_mhc2_nonbinder
FFMYLTVVMNHRKSK,0,IEDB_mhc2_nonbinder
ASLGDMLPIAPCQQF,0,IEDB_mhc2_nonbinder
VMIFRGVEKPVHKKE,0,IEDB_mhc2_nonbinder
DTMIEPEIVPDGTPW,0,IEDB_mhc2_nonbinder
LRQNEFGPARYQVVR,1,IEDB_mhc2_binder
CAKLVPLFKQFNPNS,0,IEDB_mhc2_nonbinder
KSYVKSKLKLLKGSE,1,IEDB_mhc2_binder
LTGLDCQISLTNEFY,0,IEDB_mhc2_nonbinder
TLIITESEEMFTVTK,0,IEDB_mhc2_nonbinder
KQNVLISVSNWTNQC,1,IEDB_mhc2_binder
LQTAFSQNELMIFPE,0,IEDB_mhc2_nonbinder
QGSHLNNTTSVWRCE,0,IEDB_mhc2_nonbinder
CRHCDTQCTLLHMNY,0,IEDB_mhc2_nonbinder
TLTNTSIINHKFCNL,1,IEDB_mhc2_binder
LAINVGFKGLLVVEV,0,IEDB_mhc2_nonbinder
LIRKHFPERQELAYQ,1,IEDB_mhc2_binder
AWTTSVKADVLNDTR,1,IEDB_mhc2_binder
EFCDMLRLFDYNKNA,1,IEDB_mhc2_binder
ELLRLIRRGARKVFL,1,IEDB_mhc2_binder
HFKGSLPHQELSSLL,0,IEDB_mhc2_nonbinder
DRYAYEIVGPECSDS,1,IEDB_mhc2_binder
AGCLKPNQVIFYAKV,0,IEDB_mhc2_nonbinder
VNEREFSKYFGNVRL,1,IEDB_mhc2_binder
RINETKFPVLDLVLT,0,IEDB_mhc2_nonbinder
LELKRGELSIELDSI,0,IEDB_mhc2_nonbinder
MSKLAVECKSASDVL,1,IEDB_mhc2_binder
LSINATLSMVIDNDI,0,IEDB_mhc2_nonbinder
KHSGAWFMFPDLSHP,0,IEDB_mhc2_nonbinder
SQTTANASCPEGT,0,IEDB_mhc2_nonbinder
VAKLFKDYSSVVRPV,1,IEDB_mhc2_binder
HFLLRGPFEASWAIK,1,IEDB_mhc2_binder
WPYLKTTSQTILFQQ,1,IEDB_mhc2_binder
KRPRTEKSELLLVIK,0,IEDB_mhc2_nonbinder
DNKEADFRLEFNFLE,0,IEDB_mhc2_nonbinder
NFQVGVVPSHVSSIL,1,IEDB_mhc2_binder
KISIDLPLHLKMMED,0,IEDB_mhc2_nonbinder
EVLETTGSKLLTKKS,0,IEDB_mhc2_nonbinder
KRFFLPVFSDEVLAG,1,IEDB_mhc2_binder
IIRQDLSYMVHPRAS,0,IEDB_mhc2_nonbinder
RDLLFKLLEYSKQEE,1,IEDB_mhc2_binder
EFTLCTNFAEYEIEE,0,IEDB_mhc2_nonbinder
GIGQPIEDKTLTLIS,0,IEDB_mhc2_nonbinder
GNFALGSIQVIFSRL,0,IEDB_mhc2_nonbinder
NELPSLCMLNNSFYY,1,IEDB_mhc2_binder
PYNRLLLGPKKYNEN,0,IEDB_mhc2_nonbinder
KYVFECLKNYDDAEE,0,IEDB_mhc2_nonbinder
EPMDGLRTNNTIGID,0,IEDB_mhc2_nonbinder
QALLHTSQNVMRSTL,0,IEDB_mhc2_nonbinder
HEDSHVKPYARCNLP,0,IEDB_mhc2_nonbinder
ECYVQRFHLIKNTFG,1,IEDB_mhc2_binder
YNLSHSYAVDAANHC,1,IEDB_mhc2_binder
NIERPMFRNDLQFGF,1,IEDB_mhc2_binder
RASINEFIAKIQKCL,1,IEDB_mhc2_binder
VLSRALGDITLPKLV,0,IEDB_mhc2_nonbinder
KLLVSAVSQITEGFM,1,IEDB_mhc2_binder
RLYPSVFEKHILPFM,1,IEDB_mhc2_binder
MGNSKSKSNPSSSSE,1,IEDB_mhc2_binder
TPDNFSSLIKSTLQV,1,IEDB_mhc2_binder
TEKQTSLTDRQQKLKD,0,IEDB_mhc2_nonbinder
SAILGFVGLLVLFQR,0,IEDB_mhc2_nonbinder
KGKIFEENLINLISR,1,IEDB_mhc2_binder
SLHHSHLEWTEPRIL,0,IEDB_mhc2_nonbinder
SYRELGSYNKQVEGL,0,IEDB_mhc2_nonbinder
GPPMVPKLLEWTAIE,0,IEDB_mhc2_nonbinder
LKQFKQDAKYSHGID,1,IEDB_mhc2_binder
RDFLDQHDKRADMGI,0,IEDB_mhc2_nonbinder
GLGSHPKKYWTLLAL,0,IEDB_mhc2_nonbinder
LTFESQNYDALRSKL,0,IEDB_mhc2_nonbinder
TMADLMYNTADVIRG,0,IEDB_mhc2_nonbinder
GSRSQIIGRSWDNTS,0,IEDB_mhc2_nonbinder
GLQSVLSFERYGNKK,0,IEDB_mhc2_nonbinder
DVKAAVIKDATSLLN,1,IEDB_mhc2_binder
INISGYNLSLSAAVK,1,IEDB_mhc2_binder
LALYQPANKHYIHCF,1,IEDB_mhc2_binder
HRTGITLVPVVDGRG,1,IEDB_mhc2_binder
PYVDDGLGFVEKALG,0,IEDB_mhc2_nonbinder
AMQNDNDALTLAILD,0,IEDB_mhc2_nonbinder
IPVFLQEALNIALVA,1,IEDB_mhc2_binder
IKLASEQARKFEEPI,1,IEDB_mhc2_binder
GESWYLTLLCAFNVE,0,IEDB_mhc2_nonbinder
NLMEILNKRDSLILK,0,IEDB_mhc2_nonbinder
RFYEWGEEVPLLTKF,1,IEDB_mhc2_binder
KNRSRLGLSEEAFRL,1,IEDB_mhc2_binder
HCDKFLKSEPEPSSS,0,IEDB_mhc2_nonbinder
LTNLVSANVPQEKSQ,1,IEDB_mhc2_binder
PVRLSRVLGSLQGHY,0,IEDB_mhc2_nonbinder
LEGGFVLLCRMADKW,0,IEDB_mhc2_nonbinder
MPYDRNLDLYDISLK,0,IEDB_mhc2_nonbinder
LVSCLMPVGDNCAVY,0,IEDB_mhc2_nonbinder
ASDVLIQRLSVKIVD,1,IEDB_mhc2_binder
DLWLEDTIPEPGVPT,0,IEDB_mhc2_nonbinder
NDKLKEKYFYCGHMS,1,IEDB_mhc2_binder
SVKTISLGLAVARVN,0,IEDB_mhc2_nonbinder
SNSIVGEQNSEMLHG,1,IEDB_mhc2_binder
GPDVSVSPEQNALFT,0,IEDB_mhc2_nonbinder
CGGGLLRWSICRSFV,0,IEDB_mhc2_nonbinder
LGPQFCKSCWFENKG,0,IEDB_mhc2_nonbinder
KSIDLELSHNKSSDM,0,IEDB_mhc2_nonbinder
TVKLGGVFHELPSLC,1,IEDB_mhc2_binder
LMTFQWECIQCSQKR,0,IEDB_mhc2_nonbinder
GLKMQWSGVDIVSTL,1,IEDB_mhc2_binder
SLRVDCKYLSFVVSD,0,IEDB_mhc2_nonbinder
LANAGRSSGSRRPLG,0,IEDB_mhc2_nonbinder
RAWDNTVVEFDSIPN,0,IEDB_mhc2_nonbinder
SAEVLQATVDTMISW,1,IEDB_mhc2_binder
LIEDQLGLGHVLQSV,1,IEDB_mhc2_binder
SKMSVVMRNTTWEGQ,1,IEDB_mhc2_binder
KAKSKIAIVLNSGEF,0,IEDB_mhc2_nonbinder
SIQSLISDTQGIELL,1,IEDB_mhc2_binder
KVEFTGDLVVKALGA,1,IEDB_mhc2_binder
LIKQSIFKGLENDKH,1,IEDB_mhc2_binder
NVPDFELLLSLAEEL,1,IEDB_mhc2_binder
ELFIVGRDLAAGLSG,0,IEDB_mhc2_nonbinder
HLAPFMNDLQVSRTM,1,IEDB_mhc2_binder
KRMANDGSVEIMAFV,0,IEDB_mhc2_nonbinder
EMLGAVKESNVLKRL,0,IEDB_mhc2_nonbinder
KSVIGTFVAEFKSRF,1,IEDB_mhc2_binder
IVLSIVIIKIVIATI,0,IEDB_mhc2_nonbinder
QNNVHECAVNRLSLD,0,IEDB_mhc2_nonbinder
MNHVNSMHLMLANAG,1,IEDB_mhc2_binder
KQKIMKVNVITFDEL,0,IEDB_mhc2_nonbinder
ELQHIILNASYITPY,1,IEDB_mhc2_binder
IGHHVELQHIILNAS,1,IEDB_mhc2_binder
FCKSMGSKCVRDGSG,1,IEDB_mhc2_binder
KRNQTFLQGLRYFLM,1,IEDB_mhc2_binder
ALVDDNIAIKLDKSF,0,IEDB_mhc2_nonbinder
NKNAIKTLNDETKKQ,1,IEDB_mhc2_binder
TKDSPRASLIPDATH,0,IEDB_mhc2_nonbinder
DLGKKRFLLIRNSTW,1,IEDB_mhc2_binder
EKMFVSPTPGQRNPY,1,IEDB_mhc2_binder
EELPTSIVVPIEPSA,1,IEDB_mhc2_binder
VEKSQLLNEFNNLYA,1,IEDB_mhc2_binder
LAYFRFCLIDQIKGQ,0,IEDB_mhc2_nonbinder
CALLDCIMFQSVLDG,1,IEDB_mhc2_binder
PSKIKQNTKTISVIL,0,IEDB_mhc2_nonbinder
DVSLKLSHNKGKLQL,0,IEDB_mhc2_nonbinder
IPIQLLPNTLVFQAK,1,IEDB_mhc2_binder
TLRQMCPVGKALPVS,0,IEDB_mhc2_nonbinder
LLGRDNVITSAGMEI,0,IEDB_mhc2_nonbinder
NCEPFSSSFTDEYLT,0,IEDB_mhc2_nonbinder
DCLIDIETALRTLIL,1,IEDB_mhc2_binder
LTDSVMVRETLAVDH,0,IEDB_mhc2_nonbinder
LEQLYKNVGLTLMYE,0,IEDB_mhc2_nonbinder
TSTALDISSNKSVVV,1,IEDB_mhc2_binder
KGFHLLKIIENTQHL,0,IEDB_mhc2_nonbinder
LIKKDFSIVEIRLHN,0,IEDB_mhc2_nonbinder
ILPFMSDLASTKMKW,1,IEDB_mhc2_binder
GVWAPFNVLKVIRSE,1,IEDB_mhc2_binder
DFNGGKISVQYNLSH,1,IEDB_mhc2_binder
KDWTDGSRGYRLQRN,1,IEDB_mhc2_binder
TGLWPFIRINNLKVK,1,IEDB_mhc2_binder
VDPKKLIEITDEVRL,0,IEDB_mhc2_nonbinder
ASIKIIVGVAIVLAL,0,IEDB_mhc2_nonbinder
YVNQAHHIQLMSKLA,1,IEDB_mhc2_binder
NKSVVIPKLNEVGEI,1,IEDB_mhc2_binder
LSIKNNKVSRAMFVE,1,IEDB_mhc2_binder
KVADFGAVLGCTLAN,0,IEDB_mhc2_nonbinder
IGEMLLLPNDRVLDI,1,IEDB_mhc2_binder
LLISDPQGQFRLKGV,1,IEDB_mhc2_binder
NWILPFKIASVLNPK,0,IEDB_mhc2_nonbinder
ALKPKIIYCNNSLNK,1,IEDB_mhc2_binder
NWLDRCRHLLRKEEP,0,IEDB_mhc2_nonbinder
GGAGALYLDGSQFEC,0,IEDB_mhc2_nonbinder
KLKEDLITPAEKVVY,1,IEDB_mhc2_binder
IHHIDLISKLVVECK,1,IEDB_mhc2_binder
TGLELTLTNTSIINH,1,IEDB_mhc2_binder
QKTGERSRCYSVYLS,1,IEDB_mhc2_binder
RPPSNLLRKTNDLLI,0,IEDB_mhc2_nonbinder
KFKFVLNVSYLCHLI,1,IEDB_mhc2_binder
MIDTKKSSLNISGYN,1,IEDB_mhc2_binder
YQYRIAFHQLAVGMN,0,IEDB_mhc2_nonbinder
LYWEEKLREIRTEKI,0,IEDB_mhc2_nonbinder
KLAGMGLSVDAAAFC,0,IEDB_mhc2_nonbinder
TPLTLVDICFWSTLF,1,IEDB_mhc2_binder
KYGSNIYNLAAVSAS,0,IEDB_mhc2_nonbinder
FWAVKPKVVRQIEDQ,1,IEDB_mhc2_binder
AQLMHNLAGNSNRYK,0,IEDB_mhc2_nonbinder
DLLEKLVSRMQAEFP,0,IEDB_mhc2_nonbinder
KAVYKQCLNSKLLVG,0,IEDB_mhc2_nonbinder
YQLGWNLITVPSRNN,0,IEDB_mhc2_nonbinder
NRLNNQFGSVPALTI,1,IEDB_mhc2_binder
SQATANPSCPEGT,0,IEDB_mhc2_nonbinder
SFLHDNLEGSLVAQV,0,IEDB_mhc2_nonbinder
KDGRQFSYNSLVNNW,0,IEDB_mhc2_nonbinder
FDLAAMLIESNLAGS,1,IEDB_mhc2_binder
ILKWHLHKVVEVPIN,1,IEDB_mhc2_binder
KKSFKAPRKAKDLDS,0,IEDB_mhc2_nonbinder
VVKTRKVRIITQSSN,0,IEDB_mhc2_nonbinder
KYLEFISEAIIHVLHSR,1,IEDB_mhc2_binder
DEKCQDRTELLEMVC,0,IEDB_mhc2_nonbinder
HDLMMGYAWIDFDIE,1,IEDB_mhc2_binder
PVALLPLSLLFLPKA,1,IEDB_mhc2_binder
LLKGQQSRLDRSTKL,0,IEDB_mhc2_nonbinder
AINDNKVGEVCSFYA,0,IEDB_mhc2_nonbinder
KGSPEFDWILGWTIK,1,IEDB_mhc2_binder
GSTYYADSVKGRFTI,1,IEDB_mhc2_binder
HKSGLSPEVWCTSRL,0,IEDB_mhc2_nonbinder
IQLIVSGKILLGNWG,0,IEDB_mhc2_nonbinder
QARLYDQQIWEKFGH,0,IEDB_mhc2_nonbinder
MKFSLVEEILENKAN,0,IEDB_mhc2_nonbinder
TVLISGMDFLVNAAG,0,IEDB_mhc2_nonbinder
SSNSYEGRIGVVLFV,0,IEDB_mhc2_nonbinder
LIHGPLLRHTVFHQF,0,IEDB_mhc2_nonbinder
LLQMNANAYSGKNRH,1,IEDB_mhc2_binder
VNDKLRDTLFSLLKY,1,IEDB_mhc2_binder
EQYLNSGIEFFESTI,0,IEDB_mhc2_nonbinder
YREEIYRKGLGNFVQ,1,IEDB_mhc2_binder
ISCMTEQGGESLNDV,1,IEDB_mhc2_binder
LALLVAFNHESTPTK,0,IEDB_mhc2_nonbinder
VGSSMRYTCLNSEKE,1,IEDB_mhc2_binder
LMIMKSNQKNMFLKV,1,IEDB_mhc2_binder
NVLGFISTLFDEGGA,0,IEDB_mhc2_nonbinder
LFGLKAENVIVGLVV,1,IEDB_mhc2_binder
YFQCFKSILLIMNAN,1,IEDB_mhc2_binder
AFWSTKRLSRFSLDP,0,IEDB_mhc2_nonbinder
KRGRIFEENLINLIG,1,IEDB_mhc2_binder
SKKKRDKDAPFKLAS,1,IEDB_mhc2_binder
VISDTQGSFRLKGVM,1,IEDB_mhc2_binder
LETIRITPDNFSQII,1,IEDB_mhc2_binder
WRLVLSGPTFKGKSA,1,IEDB_mhc2_binder
MLVNDRLLDILEAIK,1,IEDB_mhc2_binder
ERVSISKSERENDLL,0,IEDB_mhc2_nonbinder
GLNHIIHSLRRLYPS,1,IEDB_mhc2_binder
SFNVNGKLISLKVPN,0,IEDB_mhc2_nonbinder
TVKTDVLKDAKLIAD,1,IEDB_mhc2_binder
TNSPRPVPGAAGPPQ,0,IEDB_mhc2_nonbinder
YSLIRLSHNSNQALS,1,IEDB_mhc2_binder
EEDYSKLIMELLHAS,0,IEDB_mhc2_nonbinder
YVSEGGRGLIMDRFN,0,IEDB_mhc2_nonbinder
DAVYENDKLKEKYFY,0,IEDB_mhc2_nonbinder
SSMAERFKTKGRYNL,1,IEDB_mhc2_binder
MIDSLKRIAPKSLRC,0,IEDB_mhc2_nonbinder
PPSSLIGDCAHKDLM,1,IEDB_mhc2_binder
LEFPAWHIGFALRSK,0,IEDB_mhc2_nonbinder
MSPALFLALLQMLEL,1,IEDB_mhc2_binder
TLRILCIDALTLDIE,0,IEDB_mhc2_nonbinder
ETSFSQFSMHLTGEQ,0,IEDB_mhc2_nonbinder
ALPKTKTPSLSSPIP,0,IEDB_mhc2_nonbinder
SPALFLSFLYTLELK,1,IEDB_mhc2_binder
SGPTFKGKSAWYVDT,1,IEDB_mhc2_binder
SQLEKRAGILRTLGF,1,IEDB_mhc2_binder
MHMTRKFKFVLNVSY,1,IEDB_mhc2_binder
VIPDGYRFFNKTLIL,1,IEDB_mhc2_binder
HKAEERQCCHKAMEN,0,IEDB_mhc2_nonbinder
EDIAMGYVVSNFEGV,1,IEDB_mhc2_binder
LLFYQKTGEKSRCYS,1,IEDB_mhc2_binder
GTTLVDRLEVMLKNY,0,IEDB_mhc2_nonbinder
GYLQKTGDALLVLYT,0,IEDB_mhc2_nonbinder
GLYMEKIERLHVKDQ,0,IEDB_mhc2_nonbinder
GMLAKLPLIIGELDN,0,IEDB_mhc2_nonbinder
NFNQYEAMSCDFNGG,1,IEDB_mhc2_binder
LNAQHIHMAFVYLYD,0,IEDB_mhc2_nonbinder
ACVKDLVSKYLADNE,1,IEDB_mhc2_binder
VPAVTISCMTEQGGE,0,IEDB_mhc2_nonbinder
AKLNVKIGTIFNESK,0,IEDB_mhc2_nonbinder
ESLHLKSSLSFCEIF,0,IEDB_mhc2_nonbinder
KNTSQFVLICQTPQL,0,IEDB_mhc2_nonbinder
GVVKIWDIKDPSLLV,1,IEDB_mhc2_binder
SFGNQELLRLIRRGA,1,IEDB_mhc2_binder
AGYLVGRKPLAFFSW,1,IEDB_mhc2_binder
TMGYVCSNLAEEIIT,1,IEDB_mhc2_binder
VQVICLPFAKLSSPA,0,IEDB_mhc2_nonbinder
AANVCKTFLNCNKLG,0,IEDB_mhc2_nonbinder
MCCSKILDLCYQLSM,1,IEDB_mhc2_binder
IGREGADILGLNRGL,0,IEDB_mhc2_nonbinder
ALILLASKYDQMKQK,1,IEDB_mhc2_binder
KVEDAAKAAGKFN,0,IEDB_mhc2_nonbinder
NNITNIKIIRKLLNL,0,IEDB_mhc2_nonbinder
VPDFNELFQLAKELV,1,IEDB_mhc2_binder
NGEMGVITPLKMQTS,0,IEDB_mhc2_nonbinder
TTSQTILFQQEDFVL,1,IEDB_mhc2_binder
SNYNCIHPALEFSMQ,0,IEDB_mhc2_nonbinder
HLKRNSLDYDERLNE,0,IEDB_mhc2_nonbinder
PKVKFDCVVVNPPLN,1,IEDB_mhc2_binder
MGQIVTFFQEVPHVI,1,IEDB_mhc2_binder
RQPVLKFTSSLTISS,0,IEDB_mhc2_nonbinder
DGDLDKLRDLNKEVD,0,IEDB_mhc2_nonbinder
SFFWFNEVLNLEDES,1,IEDB_mhc2_binder
PGGYCLERWMLVAGD,1,IEDB_mhc2_binder
TKLMTRLVEDFSEVV,1,IEDB_mhc2_binder
HLTELQESVVREAMG,1,IEDB_mhc2_binder
VKLDTLLVSSDRSLG,0,IEDB_mhc2_nonbinder
GGCRCGKYPRLKKPT,0,IEDB_mhc2_nonbinder
EEGSQTSSCLLRCLM,0,IEDB_mhc2_nonbinder
LISRGIEFKNRFCLS,0,IEDB_mhc2_nonbinder
IGEHLLGSEISVILQ,1,IEDB_mhc2_binder
WVFSSVQPPKVPILL,1,IEDB_mhc2_binder
SDANTEYERLLSMLN,1,IEDB_mhc2_binder
SPEDNFSVTLLVFLE,0,IEDB_mhc2_nonbinder
VYIARINLHNWPVGP,0,IEDB_mhc2_nonbinder
EDQIDLGELTDFTLF,1,IEDB_mhc2_binder
SLQQENISLDLHKWK,0,IEDB_mhc2_nonbinder
ETVKINDLEKKPAAV,0,IEDB_mhc2_nonbinder
EAFRLKEDVRVSNRQ,1,IEDB_mhc2_binder
RYFGNVRLRECYIQR,1,IEDB_mhc2_binder
LLLRPRYWSNSCNNV,0,IEDB_mhc2_nonbinder
EFESLFKCLSHISLS,1,IEDB_mhc2_binder
LIYLNDGLIDESVPK,0,IEDB_mhc2_nonbinder
SIFRDKCHSLFGLRE,0,IEDB_mhc2_nonbinder
NQIERDSVGMLIHLH,0,IEDB_mhc2_nonbinder
MFIDEKPGNRNPYEN,0,IEDB_mhc2_nonbinder
TVYSSTSVHTYRKLY,0,IEDB_mhc2_nonbinder
LYLRTYLIPRKSAQQ,0,IEDB_mhc2_nonbinder
NLSANGDLRLVLRTK,1,IEDB_mhc2_binder
VFFFLLAGSQFAGRL,0,IEDB_mhc2_nonbinder
VHFFKNIVTPRTPPP,1,IEDB_mhc2_binder
LDARDYSSHACQTIS,0,IEDB_mhc2_nonbinder
KFLEPKLKFNSVIVN,1,IEDB_mhc2_binder
REEINHHGLSLVYTG,0,IEDB_mhc2_nonbinder
LDSSDTIWMDIEGPP,1,IEDB_mhc2_binder
EDCDLKGEFLISQEL,0,IEDB_mhc2_nonbinder
SCSTSLYKGVYELQT,1,IEDB_mhc2_binder
LASFGDLRLVLRTKL,1,IEDB_mhc2_binder
WGPFMSPALFHAFFG,1,IEDB_mhc2_binder
SLFKNVRLLKCVSDS,0,IEDB_mhc2_nonbinder
ALCLTEKIFMGERNW,0,IEDB_mhc2_nonbinder
KSLFFLDEPLKSVPL,1,IEDB_mhc2_binder
AVYKSSEKCNFFLEE,1,IEDB_mhc2_binder
FGTMPSLTLACLTKQ,1,IEDB_mhc2_binder
SDVYKELCDAVYLSP,1,IEDB_mhc2_binder
NEELLGHFKYKTTTQ,0,IEDB_mhc2_nonbinder
SSSSESQKGAPTVTE,0,IEDB_mhc2_nonbinder
FRDCPTSQIEGPSWH,0,IEDB_mhc2_nonbinder
QVLNNLSNCVHPAVE,1,IEDB_mhc2_binder
DFTLFIKTGHLNRAM,1,IEDB_mhc2_binder
MSKNFIKGAKKILAE,1,IEDB_mhc2_binder
HRPKTGAFSNWLAFT,0,IEDB_mhc2_nonbinder
LPILTDKLYMGDLSN,0,IEDB_mhc2_nonbinder
FEENLINLIGRGGDE,1,IEDB_mhc2_binder
TKSGEHSLPRCWLVS,1,IEDB_mhc2_binder
LHKVVEVPINVAEAY,1,IEDB_mhc2_binder
NLYIKSIQSLISDTQ,1,IEDB_mhc2_binder
KDWVDGSRGYRLQRK,1,IEDB_mhc2_binder
QEELSMMYESLTEDQ,1,IEDB_mhc2_binder
KVEEKTIMLQTIPLE,0,IEDB_mhc2_nonbinder
SFERFEIFPKESSW,1,IEDB_mhc2_binder
YCNYTKFWYVNHTLT,1,IEDB_mhc2_binder
YLGLLSQRTRDIYIS,1,IEDB_mhc2_binder
SSILYLFTHIFFSVL,0,IEDB_mhc2_nonbinder
FDASKPSMFDNWSLG,0,IEDB_mhc2_nonbinder
CYALDLLYDVIPVSY,1,IEDB_mhc2_binder
LMTSRRVLEREEVPT,1,IEDB_mhc2_binder
LLDSSLLVGVKNDVK,1,IEDB_mhc2_binder
MCFKYLLIQGHFDQK,1,IEDB_mhc2_binder
SNQLIKMIHTRLVDI,0,IEDB_mhc2_nonbinder
GKTPLTLVDICFWST,1,IEDB_mhc2_binder
SLDYDERLNESLFIG,1,IEDB_mhc2_binder
LPIRYKLQEREQFHA,0,IEDB_mhc2_nonbinder
SILKWHLHKVVEVPI,1,IEDB_mhc2_binder
QRLCVRLFVSILSGD,1,IEDB_mhc2_binder
YQFLLIDKLKEDEEK,0,IEDB_mhc2_nonbinder
IIAEIDPTGKVVALL,0,IEDB_mhc2_nonbinder
RAVKMIEDTSIDERL,0,IEDB_mhc2_nonbinder
YRSEFLNGLEDGVSL,0,IEDB_mhc2_nonbinder
KRSGMDSMKALKDAL,1,IEDB_mhc2_binder
RTSVPRTLGEFKDLT,0,IEDB_mhc2_nonbinder
VVHMKDLCSRLDMSH,0,IEDB_mhc2_nonbinder
FRFKTNGIQFLHLYL,0,IEDB_mhc2_nonbinder
SKFMQEINIEEQEYQ,1,IEDB_mhc2_binder
EQARKFEEPIWSDFG,1,IEDB_mhc2_binder
YLEYKENSHFLLSKL,0,IEDB_mhc2_nonbinder
CNTHLSSNRLVVKNF,0,IEDB_mhc2_nonbinder
KWVERRQQAEMSKIT,1,IEDB_mhc2_binder
QKRTLSLLQYARYPI,1,IEDB_mhc2_binder
IKCQEYHGFGSCPMY,0,IEDB_mhc2_nonbinder
KSAFQSSVASGFIGF,1,IEDB_mhc2_binder
TNDSYSKMSVVMRNT,1,IEDB_mhc2_binder
CLYACTVALKPELLD,0,IEDB_mhc2_nonbinder
NSALNLLMSNGDFEI,0,IEDB_mhc2_nonbinder
NYTCLNSEKEFERAI,1,IEDB_mhc2_binder
CSKCYAINDNKVGEV,1,IEDB_mhc2_binder
SLSDPKGNDMPGGYC,1,IEDB_mhc2_binder
TYIKLVFPLLAHISI,0,IEDB_mhc2_nonbinder
YCLEEWMLIAAKMKC,1,IEDB_mhc2_binder
SQTTANPSCAEGT,0,IEDB_mhc2_nonbinder
TPYYLTNNEFKCWLK,0,IEDB_mhc2_nonbinder
FSEAVITSMCEEMIN,1,IEDB_mhc2_binder
QFLNYVIHKLFDIDV,1,IEDB_mhc2_binder
KELCDAVYKSSEKCN,0,IEDB_mhc2_nonbinder
SYSNRFLADWVVERV,1,IEDB_mhc2_binder
EVRVVPLAFWGSNKI,0,IEDB_mhc2_nonbinder
RELYIGDLRTKMFTR,1,IEDB_mhc2_binder
GTVANGVLQTFMRMA,1,IEDB_mhc2_binder
TIQFYFGVCELHNKR,0,IEDB_mhc2_nonbinder
EYQQQVKSNQASNTT,0,IEDB_mhc2_nonbinder
INDNDSTQSEAIFGK,0,IEDB_mhc2_nonbinder
GGNMLETIRVTPDNF,1,IEDB_mhc2_binder
LHANVVSNPCQIGVL,0,IEDB_mhc2_nonbinder
PMLCRNKTKKEGSNI,1,IEDB_mhc2_binder
ILRRRDLTWEALFEL,0,IEDB_mhc2_nonbinder
VSDWTTERLRWLLIE,1,IEDB_mhc2_binder
CLQVSSEWEGPKVFP,0,IEDB_mhc2_nonbinder
LDREFYDGSNSELLI,0,IEDB_mhc2_nonbinder
TQPSEMETLKKAGLI,1,IEDB_mhc2_binder
QEDMIDLHTVLRNVA,1,IEDB_mhc2_binder
VDHELGLSPQQVCYN,1,IEDB_mhc2_binder
TASKLLEDRVGLNHI,1,IEDB_mhc2_binder
KSSLNISGYNFSLGA,1,IEDB_mhc2_binder
YITPYVPMPCMINDT,1,IEDB_mhc2_binder
RESTVREELIKLKLW,1,IEDB_mhc2_binder
SDAHKKNLYDHALMS,0,IEDB_mhc2_nonbinder
FISFYSTSDPTESSE,0,IEDB_mhc2_nonbinder
GQEVNFVKDIVSLAT,0,IEDB_mhc2_nonbinder
LKEILKVPYCNYTRF,1,IEDB_mhc2_binder
VWRKQYKYSCKDVMN,0,IEDB_mhc2_nonbinder
IQKCGELLEFHYYLS,1,IEDB_mhc2_binder
FGSASFGAKFVSCQI,0,IEDB_mhc2_nonbinder
DFLVRSEFQKKDSLE,0,IEDB_mhc2_nonbinder
SAAVKAGACLIDGGN,1,IEDB_mhc2_binder
NNEVLRLADELRQEQGN,0,IEDB_mhc2_nonbinder
GVADLLSCSHFFKGE,1,IEDB_mhc2_binder
SLELFASGVNGGHLQ,1,IEDB_mhc2_binder
LVVCHLFSNYKLLRY,0,IEDB_mhc2_nonbinder
LFTWSFVFSHIYSCL,0,IEDB_mhc2_nonbinder
TSAAKVICVSPVMSG,1,IEDB_mhc2_binder
QTVRFRIKSQDASFK,1,IEDB_mhc2_binder
VNLEHSPKTLLVTCY,0,IEDB_mhc2_nonbinder
SSLKLSTCLRVASLN,0,IEDB_mhc2_nonbinder
IRMNIYLWGIKVEGP,0,IEDB_mhc2_nonbinder
EFEFVFLNQLSAPIQ,0,IEDB_mhc2_nonbinder
ICQGLKSKLLSILSF,0,IEDB_mhc2_nonbinder
TSIVHEKCFGPGQIN,0,IEDB_mhc2_nonbinder
ISSTFLSSSNLKMSI,0,IEDB_mhc2_nonbinder
AYLISIFLHLVKIPT,1,IEDB_mhc2_binder
ITPQAMSTALGVFCM,0,IEDB_mhc2_nonbinder
IQPIILVMFLSNSTV,0,IEDB_mhc2_nonbinder
LKEDLKSVDINLIPL,1,IEDB_mhc2_binder
DEFFECFKYLLIQGH,1,IEDB_mhc2_binder
FGPARYQVVRCKEAY,1,IEDB_mhc2_binder
VLAGRSCSFKVGHHT,1,IEDB_mhc2_binder
KRSDLLRKLGFQQQQ,1,IEDB_mhc2_binder
KQHALSMESKRADLE,0,IEDB_mhc2_nonbinder
KLNNQFGSMPALTIA,1,IEDB_mhc2_binder
GYVVSNFEGVRISLS,1,IEDB_mhc2_binder
GNLLQSLAHFTSNIK,0,IEDB_mhc2_nonbinder
NAFFLKIRQGGMENV,0,IEDB_mhc2_nonbinder
PMMCPFLFLAVLQNL,1,IEDB_mhc2_binder
VRDWVDGNRSYRIMR,1,IEDB_mhc2_binder
VIAVSDKNSVSTLST,0,IEDB_mhc2_nonbinder
EASIHFACIKSIQVY,0,IEDB_mhc2_nonbinder
MDNDIVVLGLQLSFK,0,IEDB_mhc2_nonbinder
NQPDSSRATQPAAEF,0,IEDB_mhc2_nonbinder
TPYCNYTKFWYVNHT,1,IEDB_mhc2_binder
SQTTANPSAPEGT,0,IEDB_mhc2_nonbinder
IDGRTSFYNEQIPDW,0,IEDB_mhc2_nonbinder
NASKGKILESLWSPH,1,IEDB_mhc2_binder
SNRCPICKMPLPTKL,1,IEDB_mhc2_binder
KTTSELEIEEQEYHR,0,IEDB_mhc2_nonbinder
PMSSSMWHFGHKDLS,0,IEDB_mhc2_nonbinder
RFLLIRNSTWKNQCE,1,IEDB_mhc2_binder
LHNIRSLTKMILVLI,1,IEDB_mhc2_binder
ISKTGEQVDLGPVLN,0,IEDB_mhc2_nonbinder
YIVKQSECAVAHIRQ,1,IEDB_mhc2_binder
EGVMCTTNVMQIQSG,0,IEDB_mhc2_nonbinder
FFALGITLFQGLRLS,0,IEDB_mhc2_nonbinder
HLWFYTGHQNSSPVL,0,IEDB_mhc2_nonbinder
TEFNHQFGQMEQILS,0,IEDB_mhc2_nonbinder
AAHHPLRMVLRQKII,1,IEDB_mhc2_binder
LNSYDSIMDFDVSGV,1,IEDB_mhc2_binder
QTTSFDPISSTKDYV,0,IEDB_mhc2_nonbinder
QCPIGELTKAVATRT,1,IEDB_mhc2_binder
ICDMKMAVNNGDLSC,1,IEDB_mhc2_binder
NYNNRFVADWVIERI,1,IEDB_mhc2_binder
FRNQWLLESDHLISE,1,IEDB_mhc2_binder
LVPVVDGRSNYNTSF,0,IEDB_mhc2_nonbinder
TRLVEDFSEAVGSSM,1,IEDB_mhc2_binder
VRKTLKNKVFGVSCN,0,IEDB_mhc2_nonbinder
LDDDFQLEVGEKGYI,0,IEDB_mhc2_nonbinder
GPFEASWAIKLEITD,1,IEDB_mhc2_binder
VPKKKKDKDIPQSSE,0,IEDB_mhc2_nonbinder
FIKPKFECEKVLKFG,0,IEDB_mhc2_nonbinder
TNHLSKCQFDHVNTL,1,IEDB_mhc2_binder
QLVFNSISARALKAY,1,IEDB_mhc2_binder
KTHELGVSCVFLPGL,0,IEDB_mhc2_nonbinder
ERQGKTPLGLVDLFV,1,IEDB_mhc2_binder
ALTEEQVESFNEIKH,0,IEDB_mhc2_nonbinder
RDELMELASDLEKLK,1,IEDB_mhc2_binder
IENQVKRSVESLLLN,1,IEDB_mhc2_binder
MKYTCLNSEKEFERA,1,IEDB_mhc2_binder
ENLGIIGHLLRGRNH,1,IEDB_mhc2_binder
RSEILKTLGFQQQRG,1,IEDB_mhc2_binder
PILWDYFSLVLTNAC,1,IEDB_mhc2_binder
GLLSYVIGLLPQNMV,1,IEDB_mhc2_binder
KYNHGHVWHARKVHI,0,IEDB_mhc2_nonbinder
NLLHLYLTLLNSVCC,0,IEDB_mhc2_nonbinder
MLVLTHGLASVVVHT,1,IEDB_mhc2_binder
MAFMVVNSSIKIKFP,0,IEDB_mhc2_nonbinder
LQSAGFTAGLTYSQL,1,IEDB_mhc2_binder
VLSARFENTVAGTFR,0,IEDB_mhc2_nonbinder
KTTIDKRSGMDSMKA,1,IEDB_mhc2_binder
SLYGRHNCRCCWFAN,0,IEDB_mhc2_nonbinder
GVTCRLFRQQQSVED,1,IEDB_mhc2_binder
IVKQSDCASAHVRQS,1,IEDB_mhc2_binder
DVVQLGMVVIDNMRL,0,IEDB_mhc2_nonbinder
MFALSKGMPFHCLWP,0,IEDB_mhc2_nonbinder
SDKICRHKLFQEMSS,1,IEDB_mhc2_binder
FLNTDEVNKIGAADAH,0,IEDB_mhc2_nonbinder
EQFLCYALDLLYDVI,1,IEDB_mhc2_binder
WGGSYIALDSGRGNW,1,IEDB_mhc2_binder
VNDLVVDMVALRLEI,0,IEDB_mhc2_nonbinder
YCLDFLFDVIPVSYT,1,IEDB_mhc2_binder
VNTLHFLTRGKNIQL,1,IEDB_mhc2_binder
CIALDMMNENLGIIS,1,IEDB_mhc2_binder
LASNKSVVVNKYTDG,1,IEDB_mhc2_binder
HYESEEVSLLDKLLE,0,IEDB_mhc2_nonbinder
YLYFTDLLNELIAQS,0,IEDB_mhc2_nonbinder
ELNWASQIYPGIKTR,1,IEDB_mhc2_binder
KSYEDDEFFDCFKYI,1,IEDB_mhc2_binder
YINLLIGNPYECKSD,0,IEDB_mhc2_nonbinder
SYSSRLGRRTITEVSTP,0,IEDB_mhc2_nonbinder
TYLLQCDPLNIAYGE,0,IEDB_mhc2_nonbinder
MDYQISVELHIEQLV,0,IEDB_mhc2_nonbinder
ENCILIRLTLLLWIS,1,IEDB_mhc2_binder
DPFLLNTHTDVKDWL,1,IEDB_mhc2_binder
EYFALKSCYSKVWNG,0,IEDB_mhc2_nonbinder
ATFHLPSKLAEELTV,0,IEDB_mhc2_nonbinder
RVSGDLKVDPFRPTF,0,IEDB_mhc2_nonbinder
QTSTVNETRVQINIT,1,IEDB_mhc2_binder
SLKRSDTGISCSLIG,0,IEDB_mhc2_nonbinder
LCLSSLIKQSIFKGL,1,IEDB_mhc2_binder
HEMSLKYLTWMMHVL,0,IEDB_mhc2_nonbinder
NLYIKKLLEDLTMDD,1,IEDB_mhc2_binder
TVDLSTKPQQGPRTP,0,IEDB_mhc2_nonbinder
NKFVSPKSVIGTFVA,1,IEDB_mhc2_binder
SDFSSTSLMDKLKED,1,IEDB_mhc2_binder
YLCCDMNCILHISKL,0,IEDB_mhc2_nonbinder
SIDFNQVAQVQRALR,1,IEDB_mhc2_binder
ALHNMIDIMISWIRS,1,IEDB_mhc2_binder
QEYHRLIHSLAKTNN,1,IEDB_mhc2_binder
FYREPTDQKQFKQDS,0,IEDB_mhc2_nonbinder
VAKCNQNHDSEFCDM,0,IEDB_mhc2_nonbinder
NQIDSYSITLIKSQL,0,IEDB_mhc2_nonbinder
LAYHLVLPSQTWKIQ,0,IEDB_mhc2_nonbinder
EVSNVQRLMRKQRRD,0,IEDB_mhc2_nonbinder
AVERCYLQALSVCNK,1,IEDB_mhc2_binder
FLQGLRYFLMAFANQ,1,IEDB_mhc2_binder
DEEFCDMLRLFDFNK,1,IEDB_mhc2_binder
RLTQSHPILNMIDTK,1,IEDB_mhc2_binder
FMPEWVNFKFRDLLF,1,IEDB_mhc2_binder
DHCSQVFLKMRRIFG,1,IEDB_mhc2_binder
LAETIDTIIDQSVAN,1,IEDB_mhc2_binder
CDDVVFGINSFFGRF,1,IEDB_mhc2_binder
SNFSLRSVETMKRLE,0,IEDB_mhc2_nonbinder
DLDTLGLVDKRKKVS,0,IEDB_mhc2_nonbinder
PAALLTLAGFLDLFE,0,IEDB_mhc2_nonbinder
NPCDYFPLKPTASKL,1,IEDB_mhc2_binder
IVTKDESSINISGYN,1,IEDB_mhc2_binder
YVLWESKLICDDKER,0,IEDB_mhc2_nonbinder
NDIVEALRHKWLNPS,1,IEDB_mhc2_binder
RILHDHGILTPSLCF,1,IEDB_mhc2_binder
EVLAGMCEEMTSWLD,0,IEDB_mhc2_nonbinder
AVLLPQYDVIIQHPA,1,IEDB_mhc2_binder
NDRGNVLGGKTRTLF,0,IEDB_mhc2_nonbinder
YVSSMGSCETRNKLE,0,IEDB_mhc2_nonbinder
GGLAADSMRWIMSFY,0,IEDB_mhc2_nonbinder
LWQKISPKKLRMTMV,0,IEDB_mhc2_nonbinder
EAVGKLDPTNTLWLD,1,IEDB_mhc2_binder
LLCQLWPYLKTTSQT,1,IEDB_mhc2_binder
EKDSPFKLSSSEPHC,1,IEDB_mhc2_binder
SLRSAGSSLTSFCAF,0,IEDB_mhc2_nonbinder
GVKKILAESINKSAF,1,IEDB_mhc2_binder
GGHLQLDGVTMVSVL,1,IEDB_mhc2_binder
SGQHKSDADEADLDE,0,IEDB_mhc2_nonbinder
KWATSFLFSNRSFEL,0,IEDB_mhc2_nonbinder
DRVLDILEAVKLIRK,1,IEDB_mhc2_binder
QAGKKDLLDRFDSII,0,IEDB_mhc2_nonbinder
LRDLNKEVDSLMIMK,1,IEDB_mhc2_binder
TGVVVEKKKRGGKEE,0,IEDB_mhc2_nonbinder
IVIIVLIIITSIKAV,1,IEDB_mhc2_binder
YFDHEYFQCFKSILL,1,IEDB_mhc2_binder
PYLILLGRGTRSQPS,0,IEDB_mhc2_nonbinder
RESIFGKDSCHRVLK,0,IEDB_mhc2_nonbinder
SISKRAYMATTILEM,1,IEDB_mhc2_binder
SKFFSGAVPVKNTVS,0,IEDB_mhc2_nonbinder
ITLVDICFWSTIFFT,0,IEDB_mhc2_nonbinder
VLLKIKKGQVFEEYL,1,IEDB_mhc2_binder
PAGKQYIHCFRKPHD,0,IEDB_mhc2_nonbinder
NKEVDRLMSMRSVQR,1,IEDB_mhc2_binder
VSQISGVLKDLWMTG,0,IEDB_mhc2_nonbinder
GAYEHKNRSRLGLSE,1,IEDB_mhc2_binder
ACSANNSHHYISMGK,1,IEDB_mhc2_binder
HPILNMIDTKKSSLN,1,IEDB_mhc2_binder
MTLLMIRVPVSLFFS,0,IEDB_mhc2_nonbinder
QDLEMFVREVGDTSS,1,IEDB_mhc2_binder
GEPGAPGIKGEHGSP,1,IEDB_mhc2_binder
NDRLVSLESTKRDLK,1,IEDB_mhc2_binder
RVLEKSWFTLSLREQ,0,IEDB_mhc2_nonbinder
YLDQEYCGFLLTMVI,0,IEDB_mhc2_nonbinder
LRDLVISDSSGSLRL,1,IEDB_mhc2_binder
IKTGHLNRAMTADDI,1,IEDB_mhc2_binder
PTAPPAGAADRTRPP,0,IEDB_mhc2_nonbinder
SVQSYLNVLSMCNKI,1,IEDB_mhc2_binder
IRENWSVREPQLLYN,0,IEDB_mhc2_nonbinder
DDIRKLLDIHGRKDL,1,IEDB_mhc2_binder
SLLLNDTTWIDIEGP,0,IEDB_mhc2_nonbinder
STGGILEFSISVDFT,1,IEDB_mhc2_binder
SKSLRDTEDVQTPGV,0,IEDB_mhc2_nonbinder
SHHAWFNSWDLIASG,0,IEDB_mhc2_nonbinder
RFFLRVGLYGLLFYQ,1,IEDB_mhc2_binder
ADVGPVLTVRGLSIR,0,IEDB_mhc2_nonbinder
HSFSLSPKDAELLCC,0,IEDB_mhc2_nonbinder
TGQASFDLAAMLIES,1,IEDB_mhc2_binder
FYKFDFDEYSKCEDI,0,IEDB_mhc2_nonbinder
RLTQEHDCLQIVTKD,0,IEDB_mhc2_nonbinder
LCHEVYNSSQKSLFF,1,IEDB_mhc2_binder
FQMIPTFMISEQFGL,0,IEDB_mhc2_nonbinder
IHMEIVKKSLSLARG,0,IEDB_mhc2_nonbinder
PNWVKNCSKILERSH,1,IEDB_mhc2_binder
WFPHKDMMPSEDGAE,0,IEDB_mhc2_nonbinder
RLNLDPLLNILKWHL,1,IEDB_mhc2_binder
VDELSDEPGLGSLVT,0,IEDB_mhc2_nonbinder
QVESFNEIKHDVQVA,1,IEDB_mhc2_binder
FQLVYQKTGECSKCY,1,IEDB_mhc2_binder
SGGLLRCSVCDGKMT,0,IEDB_mhc2_nonbinder
YADPKRFFLPIFSDA,1,IEDB_mhc2_binder
LSKNQILNSMFQKTI,1,IEDB_mhc2_binder
MTRLVEDFSEAVGNS,1,IEDB_mhc2_binder
KNKRGEEDLNKLRDL,0,IEDB_mhc2_nonbinder
LKDLEDAQPGLLSYV,1,IEDB_mhc2_binder
TMNKSIVSSFLSLHS,0,IEDB_mhc2_nonbinder
KRSVESLLLNDTTWI,1,IEDB_mhc2_binder
QVAQVQRALRKTKRG,1,IEDB_mhc2_binder
DLGEDLKGADAEVVL,0,IEDB_mhc2_nonbinder
GGSLRLSCAASGFTF,1,IEDB_mhc2_binder
KKSKVFKKASFDELF,1,IEDB_mhc2_binder
RFFLPIFSDAALHNM,1,IEDB_mhc2_binder
SCTLFVVWAELEGTN,0,IEDB_mhc2_nonbinder
QRIQQLMDQASGNTL,0,IEDB_mhc2_nonbinder
LSHETELSENFYSST,0,IEDB_mhc2_nonbinder
HLPVNLFQDMADELF,0,IEDB_mhc2_nonbinder
SNEGLYSNSGISLDY,0,IEDB_mhc2_nonbinder
LLSVEWSNFFVNFKT,0,IEDB_mhc2_nonbinder
CHQGINNKLTAHEVK,1,IEDB_mhc2_binder
SISAFGVDAASKALL,0,IEDB_mhc2_nonbinder
ILDNDNEELAWNLDL,0,IEDB_mhc2_nonbinder
LVHGVNHVASVLMLT,0,IEDB_mhc2_nonbinder
GFVGLCRTLGSKCVR,1,IEDB_mhc2_binder
VMIDSVSLIVDRLKQ,0,IEDB_mhc2_nonbinder
FIGRFSSALSEGATNP,1,IEDB_mhc2_binder
QFEDSGPKIEYRMEY,0,IEDB_mhc2_nonbinder
RRFKYLLNVSYLCHL,1,IEDB_mhc2_binder
LFLNREPTDHIGMFA,0,IEDB_mhc2_nonbinder
LATGEIINCLSMKSF,0,IEDB_mhc2_nonbinder
KLSLPDVKSNVSILN,0,IEDB_mhc2_nonbinder
ELKDLVRKTIPDVIE,1,IEDB_mhc2_binder
DRILLEMATLTGNGG,0,IEDB_mhc2_nonbinder
SEQGSFYCDPKRFFL,1,IEDB_mhc2_binder
RQCCHKAMENFTDDD,1,IEDB_mhc2_binder
ADIQRVNVSKSCLYD,0,IEDB_mhc2_nonbinder
THFPFDEQNCSMK,0,IEDB_mhc2_nonbinder
YIHFFREPTDLKQFK,1,IEDB_mhc2_binder
LMGIFEDYWIDHAMD,0,IEDB_mhc2_nonbinder
TWEDHCQFSRPSPIG,1,IEDB_mhc2_binder
KPLVLNNQNFFWAVK,1,IEDB_mhc2_binder
AEPTKGKNERELATL,0,IEDB_mhc2_nonbinder
VFVLQLPPVPWSKSI,0,IEDB_mhc2_nonbinder
HLVEKLCHEVYNSSQ,1,IEDB_mhc2_binder
VVERVRWLLIDILKK,1,IEDB_mhc2_binder
DSNSVNSAMCHDLGY,0,IEDB_mhc2_nonbinder
CIYNVIEFFLIGRSI,0,IEDB_mhc2_nonbinder
NTQLTRRSEILQLVG,1,IEDB_mhc2_binder
SKISIRVNQLIRYSG,1,IEDB_mhc2_binder
SLMNLSSIFLRSSKT,0,IEDB_mhc2_nonbinder
LLAGRSCSYKIGHHV,1,IEDB_mhc2_binder
LDKFKWKLNSKMEEA,0,IEDB_mhc2_nonbinder
SNTTSLGVKWCLKSP,0,IEDB_mhc2_nonbinder
TMNLLKRLTVDDEVG,0,IEDB_mhc2_nonbinder
GEDGLGLGALRRFIY,0,IEDB_mhc2_nonbinder
QKLLLEEGVPSHIMS,1,IEDB_mhc2_binder
VLRTKLMSTRRVLER,1,IEDB_mhc2_binder
QFTLNALSLGNLTMP,0,IEDB_mhc2_nonbinder
GLLYTVKYPNLSDLD,1,IEDB_mhc2_binder
RGFASCALFLGGSST,0,IEDB_mhc2_nonbinder
YIHCFRKPHDEKGFK,0,IEDB_mhc2_nonbinder
LAEELCSEKPVMHYK,1,IEDB_mhc2_binder
EDANKAESIISSRLR,0,IEDB_mhc2_nonbinder
GCLLRYLNGVELFSK,0,IEDB_mhc2_nonbinder
TMAKLVNSFSISLSS,0,IEDB_mhc2_nonbinder
RFTISRDNSKNTLYL,1,IEDB_mhc2_binder
LCGKRCFSYHYWCIN,0,IEDB_mhc2_nonbinder
PDLFEKPFPLICRTL,0,IEDB_mhc2_nonbinder
RCFSKGLSQLPQRTN,0,IEDB_mhc2_nonbinder
SLFVGVRGDIRESVI,1,IEDB_mhc2_binder
ESDVLMLMSKFEKGL,0,IEDB_mhc2_nonbinder
VDGRGNYNTDLLPDW,1,IEDB_mhc2_binder
CFWSTLFYVSSIFLH,1,IEDB_mhc2_binder
KFVKTDKKVLLSQLI,1,IEDB_mhc2_binder
LDCAFCSSRILELCF,1,IEDB_mhc2_binder
FKTCVYNNTGHWYFN,0,IEDB_mhc2_nonbinder
VLKFCESRQPSENFA,0,IEDB_mhc2_nonbinder
VLSILSSPTKRSQTF,1,IEDB_mhc2_binder
SVYLSDNGVMSEQGS,1,IEDB_mhc2_binder
GLSYKEQVGSNRELY,1,IEDB_mhc2_binder
SQETCFQGEVYSFHL,0,IEDB_mhc2_nonbinder
SVRIKKESSLMEIRT,0,IEDB_mhc2_nonbinder
FVKFAINIRSDNRTC,0,IEDB_mhc2_nonbinder
NLIGIQNILYKFFPT,0,IEDB_mhc2_nonbinder
CFHDFLSSKFNKFVS,1,IEDB_mhc2_binder
LSNTKNQSLGLENIE,1,IEDB_mhc2_binder
IKGDLSESKKLTAGV,0,IEDB_mhc2_nonbinder
ILSHVKFNFGDFYSE,1,IEDB_mhc2_binder
GELSNHMVEDFDHDI,1,IEDB_mhc2_binder
EMLHGEQVEDMYSIV,1,IEDB_mhc2_binder
EFHHFLSMTKVNVTD,0,IEDB_mhc2_nonbinder
FLIMRNLTNLLSARK,1,IEDB_mhc2_binder
FQKTILKATTALKDV,1,IEDB_mhc2_binder
NEIEYGFTRRFKFLL,1,IEDB_mhc2_binder
LDRLVLGLSSSDIRS,0,IEDB_mhc2_nonbinder
NTSDLYGLITEQFLC,1,IEDB_mhc2_binder
FGVLREIKAEVSMHE,1,IEDB_mhc2_binder
FNSLISIAQHLVSDR,1,IEDB_mhc2_binder
PDLLGEDVYEKLCVA,1,IEDB_mhc2_binder
GLMGCGSTSLSEEFF,1,IEDB_mhc2_binder
PSLYGRYNCKCCWFA,0,IEDB_mhc2_nonbinder
KCSNNRLGYVWDTLS,0,IEDB_mhc2_nonbinder
IVSTLKAAAPDCCME,1,IEDB_mhc2_binder
TSPCFVSTIGAMNQV,0,IEDB_mhc2_nonbinder
WSLSDATGTDMPGGY,1,IEDB_mhc2_binder
NLVELKSTQQKSVLR,1,IEDB_mhc2_binder
REPTDLKQFKQDAKY,0,IEDB_mhc2_nonbinder
LSPRAKFGFLWVAGY,0,IEDB_mhc2_nonbinder
PLFTGLRRVIHHFHG,0,IEDB_mhc2_nonbinder
RDGSGGFMYIREVLN,1,IEDB_mhc2_binder
HLLVSNSEVVLCADA,0,IEDB_mhc2_nonbinder
CDKQRHPEAHRDHIC,0,IEDB_mhc2_nonbinder
DYYGLVTEQFIMLCL,1,IEDB_mhc2_binder
DCTPNLDLKQPYHFK,0,IEDB_mhc2_nonbinder
ETSNSLHQIRLLVEV,0,IEDB_mhc2_nonbinder
LTTTFIWSPLFLVDC,0,IEDB_mhc2_nonbinder
HPHIHLLRVTAGLFS,0,IEDB_mhc2_nonbinder
SVLPTGVNVPLASFQ,0,IEDB_mhc2_nonbinder
QLQSTFLLTASGYGA,0,IEDB_mhc2_nonbinder
PVGEIYKRWIIMGLN,1,IEDB_mhc2_binder
TYSQLMTLKDAKMLQ,1,IEDB_mhc2_binder
LGGNRVINALMKILQ,0,IEDB_mhc2_nonbinder
DKISIRYATDSKLLK,0,IEDB_mhc2_nonbinder
GKLLLMHLIKASSNS,0,IEDB_mhc2_nonbinder
RRLLGTFTWTLSDSE,1,IEDB_mhc2_binder
LAQILMDNDLAATND,1,IEDB_mhc2_binder
DRIPHCRKYSYRNIF,0,IEDB_mhc2_nonbinder
GLVSQLSVLSSITNI,0,IEDB_mhc2_nonbinder
LRRGLSQFTQTVKSD,1,IEDB_mhc2_binder
PTVKNNTYTWFHYCY,0,IEDB_mhc2_nonbinder
NSLNKVSQFSKPILW,1,IEDB_mhc2_binder
IPTFLQEALNIALVA,1,IEDB_mhc2_binder
ILHNASDFYGLISER,1,IEDB_mhc2_binder
LLSSHVVKKEYYKRD,0,IEDB_mhc2_nonbinder
QIMKEFKNIISKEDL,0,IEDB_mhc2_nonbinder
RWLLIEILKASKSML,1,IEDB_mhc2_binder
LKGIQSLRKLSSVCL,1,IEDB_mhc2_binder
IFSWTITDAVGNDMP,1,IEDB_mhc2_binder
TDPVELAVFQPSSGN,1,IEDB_mhc2_binder
ATARTLGNFSWFPHK,1,IEDB_mhc2_binder
SANVPQEKSQEELST,0,IEDB_mhc2_nonbinder
VTPPIEPCCEWQLET,0,IEDB_mhc2_nonbinder
MDDLQYLIACVKSMG,0,IEDB_mhc2_nonbinder
TEFTSVSTNTGNLKF,1,IEDB_mhc2_binder
GLIYTAKYPNSSDLD,1,IEDB_mhc2_binder
NIRLSHLTELQESVV,1,IEDB_mhc2_binder
KPLSKVFKNFLEINV,0,IEDB_mhc2_nonbinder
ESSINISGYNFSLSA,1,IEDB_mhc2_binder
LLPNDRVLDILVARR,1,IEDB_mhc2_binder
KLELVTLSPIFGNIK,0,IEDB_mhc2_nonbinder
TTACTQEVRGAIPKL,0,IEDB_mhc2_nonbinder
QLIQLINVDEVNQIVTT,1,IEDB_mhc2_binder
KTPLTLVDLCFWSAI,1,IEDB_mhc2_binder
SINKSAFQSSVASGF,1,IEDB_mhc2_binder
QSKLSRNFTKGVKKI,1,IEDB_mhc2_binder
HTLRYKMINGNAYTM,0,IEDB_mhc2_nonbinder
KTDPVITISLENKEA,0,IEDB_mhc2_nonbinder
DAKVLDNIELRLILM,0,IEDB_mhc2_nonbinder
KLLEYSKQEEKVFEE,1,IEDB_mhc2_binder
CKQVEHFWARLGHEE,0,IEDB_mhc2_nonbinder
HKGVERPMFKHDLMM,1,IEDB_mhc2_binder
HFTPQIICGNVSKGE,1,IEDB_mhc2_binder
KFTSILTIDPSFLVT,0,IEDB_mhc2_nonbinder
LVHNKLHRESFRFTS,0,IEDB_mhc2_nonbinder
KLIADSIDFNQVAQV,1,IEDB_mhc2_binder
EFRNDWILESDHLIS,1,IEDB_mhc2_binder
YLSTLLMWHMHKMVE,1,IEDB_mhc2_binder
TMFVFSFRFAEGKVG,0,IEDB_mhc2_nonbinder
RGSLTSFRLTRWEQT,0,IEDB_mhc2_nonbinder
MARFTSTLTRLVKRP,1,IEDB_mhc2_binder
SLKEVNQFSKPILWD,1,IEDB_mhc2_binder
REQVSAHNWILPLKS,0,IEDB_mhc2_nonbinder
DTNGTDRAEILPDTT,0,IEDB_mhc2_nonbinder
DLCNICWEQLPTCIT,1,IEDB_mhc2_binder
LAQALVSDRPVMRYT,1,IEDB_mhc2_binder
VSLIKIPCLSDEKCQ,0,IEDB_mhc2_nonbinder
IKYEKSNELGLNDLC,0,IEDB_mhc2_nonbinder
RYPGCMLDGAVLWEG,0,IEDB_mhc2_nonbinder
LLRDPIFITMFYIKC,0,IEDB_mhc2_nonbinder
LALTVFSWLLMCEAD,0,IEDB_mhc2_nonbinder
MGNCNGASKSNQPDS,0,IEDB_mhc2_nonbinder
LSDLDRLTQEHDCLQ,0,IEDB_mhc2_nonbinder
NIQKSEWGLFCTQLP,0,IEDB_mhc2_nonbinder
GSGLDLVEQVYKREN,0,IEDB_mhc2_nonbinder
VTLFLRPDINLETDV,0,IEDB_mhc2_nonbinder
MLNIIKQNLSQVAAI,0,IEDB_mhc2_nonbinder
YATMAVLDSNCTDGI,0,IEDB_mhc2_nonbinder
CLSGEGWPYIGSRSQ,0,IEDB_mhc2_nonbinder
DYLILKNLTGLVSAG,1,IEDB_mhc2_binder
FSNNPHDLPLLCTLN,1,IEDB_mhc2_binder
NSAGLYSKAFGGVIA,0,IEDB_mhc2_nonbinder
LFSSMIDPLIVSTST,1,IEDB_mhc2_binder
ISGYNFSLGAAVKAG,1,IEDB_mhc2_binder
SCVRMKFKSSDCGGG,0,IEDB_mhc2_nonbinder
YKSYKYKLRQRHDEK,0,IEDB_mhc2_nonbinder
NSTHNKFCIILTLTN,0,IEDB_mhc2_nonbinder
SLWAPFGVLREIKAE,1,IEDB_mhc2_binder
HCPIWKYLTYYSYNN,0,IEDB_mhc2_nonbinder
TLLQCVLPHHSPDNW,0,IEDB_mhc2_nonbinder
KLIADSIDFNQVSQV,0,IEDB_mhc2_nonbinder
SSMVNPLVLSTSCLK,1,IEDB_mhc2_binder
GTIIVNEVCSVKAGI,0,IEDB_mhc2_nonbinder
NGTGQGSLSLLYSQV,0,IEDB_mhc2_nonbinder
PSLNGTLTESQEHQM,0,IEDB_mhc2_nonbinder
SERPQASGVYMGNLT,0,IEDB_mhc2_nonbinder
LILTAGNQDATYVLD,0,IEDB_mhc2_nonbinder
KMISLRFLNVVVSTD,0,IEDB_mhc2_nonbinder
KFKASGWGRSTPLVL,0,IEDB_mhc2_nonbinder
EIFNLKKLQFNRNAT,0,IEDB_mhc2_nonbinder
IVIKKYLGFQNGSIL,0,IEDB_mhc2_nonbinder
NRTKTEGFIFQVNTS,1,IEDB_mhc2_binder
SDLYRSIKELVCLSW,0,IEDB_mhc2_nonbinder
RLMSMKSVQNNTVLK,1,IEDB_mhc2_binder
GQVDLNDAVQALTDL,1,IEDB_mhc2_binder
FEPGFSLGRSELPGQ,0,IEDB_mhc2_nonbinder
QAYLKLMKDSLIKQA,0,IEDB_mhc2_nonbinder
KVKFGHVSINPADIA,1,IEDB_mhc2_binder
QRFYLAESLVGFLFY,1,IEDB_mhc2_binder
HVSINPADIATEEEL,0,IEDB_mhc2_nonbinder
IGAYVSLCMNEETTI,0,IEDB_mhc2_nonbinder
AALAQAINGADKFASEV,0,IEDB_mhc2_nonbinder
QIELAELTDFALMVK,1,IEDB_mhc2_binder
KNLTTIAYQEDEFFE,1,IEDB_mhc2_binder
KWGPTMSPALFLALL,1,IEDB_mhc2_binder
CVANGVGIEIVTKIS,1,IEDB_mhc2_binder
SPDEFFIRFLPYSKF,0,IEDB_mhc2_nonbinder
DESGLNISGYNYSLS,1,IEDB_mhc2_binder
DFFYSNFQVGVVPSH,1,IEDB_mhc2_binder
DQKLGTYEHKSRSRL,0,IEDB_mhc2_nonbinder
YGTMNCRPEGTWGLL,0,IEDB_mhc2_nonbinder
CTSVGEEFFHQYLQS,1,IEDB_mhc2_binder
DSVLHDFKALLAGQV,0,IEDB_mhc2_nonbinder
TLESGIHVFAAPLGL,0,IEDB_mhc2_nonbinder
IEDFLAKNRQFLDNG,0,IEDB_mhc2_nonbinder
IDTICDQCVANGVGV,1,IEDB_mhc2_binder
RNQTFLQGLRYFLMA,1,IEDB_mhc2_binder
MHEDVLTRGLNLDGT,1,IEDB_mhc2_binder
NKKYRILKTTVSIYS,0,IEDB_mhc2_nonbinder
PTEFTSISSNTGNLK,1,IEDB_mhc2_binder
YVSPDACEKRFKVGY,0,IEDB_mhc2_nonbinder
RELERTLVMKSTLKR,0,IEDB_mhc2_nonbinder
KKCFVGLSLKINNTL,0,IEDB_mhc2_nonbinder
LKIAEKLSGVLDEEA,0,IEDB_mhc2_nonbinder
DITYKVHLATPINSR,1,IEDB_mhc2_binder
EVLDLEDDSQVDLAE,0,IEDB_mhc2_nonbinder
LLHSFSVFKNQSEYC,0,IEDB_mhc2_nonbinder
VRVWDVKNAELLNNQ,1,IEDB_mhc2_binder
AQNPGIIFCSDALTL,1,IEDB_mhc2_binder
LSVDERESLESLWAP,0,IEDB_mhc2_nonbinder
EVILKVVAVDQSVSG,1,IEDB_mhc2_binder
PQQVCRNFMVQVVLS,1,IEDB_mhc2_binder
TLFLICFFDWTSTTV,0,IEDB_mhc2_nonbinder
FMFLCYHIIISKNFT,0,IEDB_mhc2_nonbinder
TVKYPNLNDLEKLKD,0,IEDB_mhc2_nonbinder
NMAHMPVIEKMVSVF,0,IEDB_mhc2_nonbinder
SEDLLKAVLGAKKKL,1,IEDB_mhc2_binder
YKGATVYHSVDVLQM,0,IEDB_mhc2_nonbinder
RVNNSYSLIRLSHNS,1,IEDB_mhc2_binder
IRISMVISLLSMITM,0,IEDB_mhc2_nonbinder
SWCRGTYVHNPSKLL,0,IEDB_mhc2_nonbinder
MLRKLYNKLKTGQLH,1,IEDB_mhc2_binder
AEGFLAMDVTQQKPP,0,IEDB_mhc2_nonbinder
LPNTLVFQAKSAFVM,1,IEDB_mhc2_binder
SIVSDAEDLCDSMIQ,0,IEDB_mhc2_nonbinder
FCDMLKLFEFNRNAI,1,IEDB_mhc2_binder
PVVESRKLDQGELSD,0,IEDB_mhc2_nonbinder
QPDTGNYILCYRKPH,1,IEDB_mhc2_binder
MFQVGKLEDSYIEEL,0,IEDB_mhc2_nonbinder
LLATNDLESTRNYMQ,0,IEDB_mhc2_nonbinder
SEPHCALLDCIMYQS,1,IEDB_mhc2_binder
LGFSSEVLKLKDEVR,1,IEDB_mhc2_binder
DQCVANGVGVDIVSR,1,IEDB_mhc2_binder
LKYKDQHKASINLVI,0,IEDB_mhc2_nonbinder
GGETMNSVIQALTSL,1,IEDB_mhc2_binder
AEKLFDKSKSFVFKK,0,IEDB_mhc2_nonbinder
VYTRVRLIEGSPSKS,0,IEDB_mhc2_nonbinder
SCDDWLGGSVAEDID,0,IEDB_mhc2_nonbinder
LLLEFVLGKISLESV,0,IEDB_mhc2_nonbinder
IRLFFLEIEERWKKK,0,IEDB_mhc2_nonbinder
NYQDMNFGCGSNEAF,0,IEDB_mhc2_nonbinder
QSFILKVVNKNIERP,1,IEDB_mhc2_binder
LKYDFNHDPTPLCQK,1,IEDB_mhc2_binder
FRSERYEPVQKSVLV,0,IEDB_mhc2_nonbinder
KWVQMCSRTLKNSHQ,1,IEDB_mhc2_binder
KPQVGPRQPEKNGQN,0,IEDB_mhc2_nonbinder
EVKSFLWTQSLRREL,1,IEDB_mhc2_binder
AFMGAVVYMISDSEV,0,IEDB_mhc2_nonbinder
LRNLCELLGVEPPSE,1,IEDB_mhc2_binder
GLIDFTSSNETGMKL,0,IEDB_mhc2_nonbinder
QESFYNLGLTHETTS,0,IEDB_mhc2_nonbinder
SCRSKTKYIIEGLSY,0,IEDB_mhc2_nonbinder
QIKCFEKFIEPKVKF,1,IEDB_mhc2_binder
DRVLLTASLLESSTL,0,IEDB_mhc2_nonbinder
ELCIDRSILLIPLSF,1,IEDB_mhc2_binder
KGKGISGASSFVMCF,0,IEDB_mhc2_nonbinder
AQFMWIIRKRIQLP,1,IEDB_mhc2_binder
GHERGSDANTEYERL,1,IEDB_mhc2_binder
LKYSANLEKVLCQIS,0,IEDB_mhc2_nonbinder
CHTGVGPNMSCDDVV,0,IEDB_mhc2_nonbinder
VSIISILKGVINIWG,1,IEDB_mhc2_binder
VTTRLFDTYNEWSRS,0,IEDB_mhc2_nonbinder
ISALIGLPYRREISS,0,IEDB_mhc2_nonbinder
ALTSLGLLYTVKYPN,1,IEDB_mhc2_binder
LFRDRLWLTAWEILP,0,IEDB_mhc2_nonbinder
TQFSSTSLLKPRQRG,0,IEDB_mhc2_nonbinder
AGHDDNLIIKRVVRA,0,IEDB_mhc2_nonbinder
DVRELFLVKKESGSL,0,IEDB_mhc2_nonbinder
GKTPLVLFESVFETM,0,IEDB_mhc2_nonbinder
TPTQLSETIDTICDQ,0,IEDB_mhc2_nonbinder
NLSWTLQNIRFRECK,0,IEDB_mhc2_nonbinder
SRSRLGLSSEALKVQ,1,IEDB_mhc2_binder
AEDKKGLLGALASKESQ,0,IEDB_mhc2_nonbinder
TSWLDFDTGLMNDTG,1,IEDB_mhc2_binder
DGILKSILKVKKSLG,1,IEDB_mhc2_binder
INLYKSGLFQFIFFL,0,IEDB_mhc2_nonbinder
KMKDGEFTLKVKTSI,0,IEDB_mhc2_nonbinder
EIGMRIKHLVEDSNL,0,IEDB_mhc2_nonbinder
IKQPDFNSLISIAQH,1,IEDB_mhc2_binder
LPALNHQDGLSSCVQ,0,IEDB_mhc2_nonbinder
LNDNTKNKVNLLTHS,1,IEDB_mhc2_binder
DPVEYTLNLAHALCH,0,IEDB_mhc2_nonbinder
CVMLKVTFNSSLQTN,0,IEDB_mhc2_nonbinder
KMFTRLIEDYFEALS,1,IEDB_mhc2_binder
CIPNILYECKITACK,0,IEDB_mhc2_nonbinder
EKEFENAILSMKLNV,1,IEDB_mhc2_binder
PSAPPILSNPNLFWA,1,IEDB_mhc2_binder
SVCNKVKGLKVFNTR,1,IEDB_mhc2_binder
FSTTHSNIEKHYLSV,1,IEDB_mhc2_binder
CLLSWIDAMIYSLTE,0,IEDB_mhc2_nonbinder
MNLIRGDIHMQDKLN,0,IEDB_mhc2_nonbinder
SYVRPFVATTRTLGS,1,IEDB_mhc2_binder
LSSLVELESCEAHAC,1,IEDB_mhc2_binder
VSVLLNHSQKSYLST,0,IEDB_mhc2_nonbinder
VHLVQIDGENVVIVA,0,IEDB_mhc2_nonbinder
LESDHLIAEMLSKEY,1,IEDB_mhc2_binder
LIDKRRILKLIEALK,0,IEDB_mhc2_nonbinder
IHLSLNGLDKSDDIL,0,IEDB_mhc2_nonbinder
FRDKNLTLILRRILL,0,IEDB_mhc2_nonbinder
TISEPTIHLVSLKRN,1,IEDB_mhc2_binder
TPGGYCLEEWMLVAA,1,IEDB_mhc2_binder
GMAMTGQCAIVETTL,0,IEDB_mhc2_nonbinder
QIENKGTVTRSFTNF,0,IEDB_mhc2_nonbinder
DRLSLNHILHSIKRN,1,IEDB_mhc2_binder
VAYSKSLKELVISDT,1,IEDB_mhc2_binder
FLPEALTNATLFFLN,0,IEDB_mhc2_nonbinder
LLESDHLISEILSRE,1,IEDB_mhc2_binder
AEFKSRFYEWGEEVP,0,IEDB_mhc2_nonbinder
DTQSISLTCPNICSY,0,IEDB_mhc2_nonbinder
SGKDRSCKGGKCFVM,0,IEDB_mhc2_nonbinder
PLLSAVVLFVMSGDL,0,IEDB_mhc2_nonbinder
GYWLCLLIGEEARMT,0,IEDB_mhc2_nonbinder
FYKQEITFHLEDEPR,0,IEDB_mhc2_nonbinder
GYVVSTISEPTIHLV,1,IEDB_mhc2_binder
ETLDLQIFMSRITNG,0,IEDB_mhc2_nonbinder
HRHIQGDPCPLPHRL,1,IEDB_mhc2_binder
LHRVVLLESIAQFGD,1,IEDB_mhc2_binder
SLVEGEQKKLFRILS,1,IEDB_mhc2_binder
RLSGVESLNVLLDNR,1,IEDB_mhc2_binder
PGLSPNEIKFLSNLV,0,IEDB_mhc2_nonbinder
APELYSFLDTCLVKY,0,IEDB_mhc2_nonbinder
PSGREGSVVEYDKLL,0,IEDB_mhc2_nonbinder
LHNQTKSVTKACALP,0,IEDB_mhc2_nonbinder
TKIMSSKRILERESV,1,IEDB_mhc2_binder
PEWEPVPLTIKMGAL,1,IEDB_mhc2_binder
RPMFKHDLMMGYAWI,1,IEDB_mhc2_binder
EQEYQRLIHSLSNTK,1,IEDB_mhc2_binder
IGTPITKKLVDQSME,0,IEDB_mhc2_nonbinder
LTSAVIEALPRNMVI,1,IEDB_mhc2_binder
LELNMETLNMTMPLS,1,IEDB_mhc2_binder
EIESCRKNSCECNFE,0,IEDB_mhc2_nonbinder
YMSDQLNKFVSPKSV,1,IEDB_mhc2_binder
NPWAKRVVKNQFFVN,0,IEDB_mhc2_nonbinder
LLKPKPPIRCTAMSA,0,IEDB_mhc2_nonbinder
EGDLKQDKKSSICLD,0,IEDB_mhc2_nonbinder
LKTLKFDLSVVIKKQ,0,IEDB_mhc2_nonbinder
VFKNPCTSHGKQNVL,0,IEDB_mhc2_nonbinder
AKDKCSKQRQYMRGL,0,IEDB_mhc2_nonbinder
LLCGRSCSTSLYKGV,1,IEDB_mhc2_binder
RLLRTLKDSVRTGML,0,IEDB_mhc2_nonbinder
IDQHVKLACSLPHGRL,1,IEDB_mhc2_binder
NLCFYSEDSPTEFTS,1,IEDB_mhc2_binder
NDDKKRDRGSLIRLQ,0,IEDB_mhc2_nonbinder
LQGLRYFLMAYANQI,1,IEDB_mhc2_binder
YLDNANDSSHSKVCG,0,IEDB_mhc2_nonbinder
GMCDADILAMVFASG,0,IEDB_mhc2_nonbinder
VLSDNSWVKPIDRQN,0,IEDB_mhc2_nonbinder
MESTLRIVYNVFECV,0,IEDB_mhc2_nonbinder
CEEMTSWLDFSHELM,1,IEDB_mhc2_binder
TTPLSPNHDKKLALN,0,IEDB_mhc2_nonbinder
PLPTTQIEKVYLSLL,1,IEDB_mhc2_binder
ADGLKELTCVGNIMM,0,IEDB_mhc2_nonbinder
EVPISVAEAYCTGML,1,IEDB_mhc2_binder
LIFALLYNGKSAILT,0,IEDB_mhc2_nonbinder
EPPSESDLEFSWLNL,0,IEDB_mhc2_nonbinder
FTCDQGYHSSDPNAV,1,IEDB_mhc2_binder
ATERFRWLLIDLLRE,1,IEDB_mhc2_binder
VNALINDQLIMKNHL,1,IEDB_mhc2_binder
IIQNTTWEDHCQFSR,0,IEDB_mhc2_nonbinder
GVCRLLQPAGKFRKC,0,IEDB_mhc2_nonbinder
NIKLQVVKDAQALLH,1,IEDB_mhc2_binder
PIIQLTFNDVSSTKS,0,IEDB_mhc2_nonbinder
QQLLEVYIERFRNER,0,IEDB_mhc2_nonbinder
EKMLFQGYRVRCVNI,0,IEDB_mhc2_nonbinder
SSLSKDQDWDSMICW,0,IEDB_mhc2_nonbinder
NSRTFCYATRLLFAF,0,IEDB_mhc2_nonbinder
IRPRDNTLLDMFDIY,0,IEDB_mhc2_nonbinder
LSYYCLKGPLIWNGE,0,IEDB_mhc2_nonbinder
YRLTYVFLKKNPCEI,0,IEDB_mhc2_nonbinder
GKNRHMQRQGLNFKF,1,IEDB_mhc2_binder
NMDSKKKMSVEQLNI,0,IEDB_mhc2_nonbinder
DKAVVTWTASTRNDL,0,IEDB_mhc2_nonbinder
AALHNVKCKTPTQLS,1,IEDB_mhc2_binder
DKCRVAIISLQAYHQ,0,IEDB_mhc2_nonbinder
RLAQKRHIVIPLMAH,0,IEDB_mhc2_nonbinder
EHCLIFSKNSYFILK,0,IEDB_mhc2_nonbinder
LATVKNVVLRASGSI,1,IEDB_mhc2_binder
FKLASSEPHCALLDC,1,IEDB_mhc2_binder
TGNSSTQRKVWMMEV,0,IEDB_mhc2_nonbinder
NHYLCLNCLTLLLSV,1,IEDB_mhc2_binder
DIDIIVTVLSESGKC,0,IEDB_mhc2_nonbinder
IMWATSKSSKRKPLD,0,IEDB_mhc2_nonbinder
FSKHYKDIVVADNLG,1,IEDB_mhc2_binder
TGMHVTHVVTALKSK,0,IEDB_mhc2_nonbinder
NFWTNVKSISPLPSP,1,IEDB_mhc2_binder
RICCEPKKTTNAEFT,1,IEDB_mhc2_binder
MLIESNLAGSNDNFL,1,IEDB_mhc2_binder
ISGACILAMSLETVW,0,IEDB_mhc2_nonbinder
SGILQLFVFLVLAGR,1,IEDB_mhc2_binder
VSKLLGILGIDKKTT,0,IEDB_mhc2_nonbinder
NRSLDSGRLKFLDVC,1,IEDB_mhc2_binder
SAFEQVRDEVQLALH,1,IEDB_mhc2_binder
ILNSMFQKTILKATT,1,IEDB_mhc2_binder
YVDPLLDLAYSYVCI,0,IEDB_mhc2_nonbinder
ESRHLEYSIRAEILQ,0,IEDB_mhc2_nonbinder
LKGEACPLPHKLDSF,1,IEDB_mhc2_binder
LIDKIREELITDTEF,0,IEDB_mhc2_nonbinder
QTSQLYLQLGNKGML,0,IEDB_mhc2_nonbinder
LMDDTWTNGTGLSDF,0,IEDB_mhc2_nonbinder
RYTCLNSEKEFERAI,1,IEDB_mhc2_binder
AQAYCIGKLKRSLGL,1,IEDB_mhc2_binder
TVVEFDSIPNKEHIP,0,IEDB_mhc2_nonbinder
LWTQSLRRELSGYCS,1,IEDB_mhc2_binder
NFTKGVKKILAESIN,1,IEDB_mhc2_binder
TQYIKFAGDDKSRVN,0,IEDB_mhc2_nonbinder
HNIKSLDKHNFSCIA,0,IEDB_mhc2_nonbinder
GIQKYVLTIMVHRCD,0,IEDB_mhc2_nonbinder
ALIHVCKELLGYQFS,0,IEDB_mhc2_nonbinder
MISWDPSPIETDGLD,0,IEDB_mhc2_nonbinder
VWGPEKTNFPLAVLC,0,IEDB_mhc2_nonbinder
HLQYIFDEVFDQVLL,0,IEDB_mhc2_nonbinder
MVFTPLLALATNLTE,1,IEDB_mhc2_binder
ETKICFCKNPTREAT,0,IEDB_mhc2_nonbinder
IKLAIKENFQWKVPH,0,IEDB_mhc2_nonbinder
TLTESQEHQMISSID,0,IEDB_mhc2_nonbinder
KPTVCYLGECCNIEQ,0,IEDB_mhc2_nonbinder
EESVDFNRLGRYRRY,0,IEDB_mhc2_nonbinder
KCGLLLRSRNESYVF,0,IEDB_mhc2_nonbinder
SLGNIEFLTDYRINP,0,IEDB_mhc2_nonbinder
DLKCCRLLSNVIHYC,0,IEDB_mhc2_nonbinder
KEQVGSNRELYVGDL,1,IEDB_mhc2_binder
RESVIREELIKLRFW,1,IEDB_mhc2_binder
LVLAILCSPSKRNQT,1,IEDB_mhc2_binder
AMINSNSCAHKSHYG,0,IEDB_mhc2_nonbinder
SHELMTMTRPILRLL,1,IEDB_mhc2_binder
EQEDVMIEGVEKFFS,0,IEDB_mhc2_nonbinder
SELQFVFTHPQGVKH,0,IEDB_mhc2_nonbinder
GAIYKSFYGRDTSTV,0,IEDB_mhc2_nonbinder
FERAICDMKMAVNNG,0,IEDB_mhc2_nonbinder
HELRLFGSHGERIIL,0,IEDB_mhc2_nonbinder
HVINNSLSVSRKITL,0,IEDB_mhc2_nonbinder
IEEVVVVPHINLIMA,0,IEDB_mhc2_nonbinder
LLTPKLASLFPLLPP,0,IEDB_mhc2_nonbinder
EIGGTLIGGDARLFN,0,IEDB_mhc2_nonbinder
VLGQLLFYFFYRLRG,0,IEDB_mhc2_nonbinder
ISPVGRFALEANEYL,0,IEDB_mhc2_nonbinder
RQQGNMPHVLDKVEI,0,IEDB_mhc2_nonbinder
RNSTWKNQCEMNHVN,1,IEDB_mhc2_binder
SSVASGFIGFCKSMG,1,IEDB_mhc2_binder
WSTWSTRLGARQLST,0,IEDB_mhc2_nonbinder
VNFKFRDLLFKLLEY,1,IEDB_mhc2_binder
YNKLKTGQLHEEFTT,1,IEDB_mhc2_binder
DAREERLQDPKRNEK,0,IEDB_mhc2_nonbinder
TQFKINVFNIETGGS,0,IEDB_mhc2_nonbinder
MTLKDAKMLQLDPNA,1,IEDB_mhc2_binder
SLMYEALTEEQVESF,1,IEDB_mhc2_binder
LAIIAINIIVAPNHE,0,IEDB_mhc2_nonbinder
RQLCLMILDISQNAY,0,IEDB_mhc2_nonbinder
QEEKVLLCFKLFQNS,0,IEDB_mhc2_nonbinder
DLEKDEKLLSARLEM,0,IEDB_mhc2_nonbinder
HSLELLSNGERLVCL,0,IEDB_mhc2_nonbinder
PAIAVSFMLSIDLDF,0,IEDB_mhc2_nonbinder
DSKHQLDMIITAVNS,1,IEDB_mhc2_binder
SIPTNVTCAIHIGEV,0,IEDB_mhc2_nonbinder
QRSQILQMVGMRRPQ,1,IEDB_mhc2_binder
VNPDDFEKKWKADMS,0,IEDB_mhc2_nonbinder
LSFLYDPTCTIFVIP,0,IEDB_mhc2_nonbinder
DELMELSSDLEKLKQ,1,IEDB_mhc2_binder
FTKGIEDSGWKPLWI,0,IEDB_mhc2_nonbinder
YFTVLAEHIPTTRRS,0,IEDB_mhc2_nonbinder
NEKDYKRYYGTVRLK,1,IEDB_mhc2_binder
RKTQTSLASDLSVLL,0,IEDB_mhc2_nonbinder
HKDLMSMSDGEFESL,0,IEDB_mhc2_nonbinder
LLYLKTKQKGNHMLR,0,IEDB_mhc2_nonbinder
SMGSKCVRDGKGGFM,1,IEDB_mhc2_binder
LIDYNKAALSKFKED,1,IEDB_mhc2_binder
HHLLVHPFIIRTVGK,0,IEDB_mhc2_nonbinder
RNLNLDVGMFLNDTG,0,IEDB_mhc2_nonbinder
HLNYEERLNEQLLKD,1,IEDB_mhc2_binder
LQGLRYFIMAYVNQA,1,IEDB_mhc2_binder
LLKRRILGFQSPTNR,0,IEDB_mhc2_nonbinder
CPLPHKLDSFGGCRC,1,IEDB_mhc2_binder
LGIVSHLLKAKDNSI,1,IEDB_mhc2_binder
LDFAKVASVQRMMRR,1,IEDB_mhc2_binder
SLEDFFDAVASLPPG,1,IEDB_mhc2_binder
HFLPMPLYSDFYEEA,0,IEDB_mhc2_nonbinder
TVTTGDTFQQADSHV,0,IEDB_mhc2_nonbinder
AEHSRNVYIQVACEV,0,IEDB_mhc2_nonbinder
ISQAVHAAHAEINEAGR,1,IEDB_mhc2_binder
LQGFGDLILKEQYSH,0,IEDB_mhc2_nonbinder
PFGAIEDQDVKDWVD,1,IEDB_mhc2_binder
LGIISHLLKTRDNSV,1,IEDB_mhc2_binder
LETFVRVNPDEFEKK,1,IEDB_mhc2_binder
LYRGLFQVYFSEFAL,0,IEDB_mhc2_nonbinder
GKTPLGLVDVCFWST,1,IEDB_mhc2_binder
LNFEAKYRDLAIAKK,0,IEDB_mhc2_nonbinder
DGNRSYRIMRQIEGL,1,IEDB_mhc2_binder
SFKLVPGFKVSNKVN,0,IEDB_mhc2_nonbinder
LKAFFSWSLTDSSGK,1,IEDB_mhc2_binder
WIVILERRVWDIFLA,0,IEDB_mhc2_nonbinder
SIINHKFCNLSDAHK,1,IEDB_mhc2_binder
LLEHELHIIYSREQE,0,IEDB_mhc2_nonbinder
TSFSSRLLINERDYS,1,IEDB_mhc2_binder
NHVIQSVRRLYPKIF,1,IEDB_mhc2_binder
TYFYVICYWPNNKIN,0,IEDB_mhc2_nonbinder
YVGDLNTKLMTRLVE,1,IEDB_mhc2_binder
HLLRTDSIFKANDGV,1,IEDB_mhc2_binder
KLKVSGELKNNPFRP,0,IEDB_mhc2_nonbinder
ALCVDMNLNELVDFM,0,IEDB_mhc2_nonbinder
HLHKVVEVPINVAEA,1,IEDB_mhc2_binder
HKDSGLGEISNLLHR,0,IEDB_mhc2_nonbinder
DIVGPDIKLWLSVKV,0,IEDB_mhc2_nonbinder
EEKFPYIMGDVELLE,1,IEDB_mhc2_binder
VPDIPELSYQKEALL,1,IEDB_mhc2_binder
MKGGVNTFLIRVSDV,1,IEDB_mhc2_binder
LSSSQVPDDFYITDV,0,IEDB_mhc2_nonbinder
GPHMSPALFFTFLAN,1,IEDB_mhc2_binder
LRRGLSQFTHTVKTD,1,IEDB_mhc2_binder
VLSDLGPSNHNMLPF,0,IEDB_mhc2_nonbinder
HIMSVLDMGQGILHN,1,IEDB_mhc2_binder
CLPGSPCHLRERGNP,0,IEDB_mhc2_nonbinder
VTLLMAEHDRQVLNN,1,IEDB_mhc2_binder
KNSIIYRDPCYWMGY,0,IEDB_mhc2_nonbinder
NLTRWESILQGNIYG,0,IEDB_mhc2_nonbinder
PRLVRPIRMSKTRLD,0,IEDB_mhc2_nonbinder
DTIIDQSVANGVPVH,1,IEDB_mhc2_binder
SDVILMHPMDVGQSR,0,IEDB_mhc2_nonbinder
ERLNEQLLKDIVGEV,0,IEDB_mhc2_nonbinder
AIDLNSRTPSTYPSL,0,IEDB_mhc2_nonbinder
DKDAPFKLASSEPHC,1,IEDB_mhc2_binder
SKSNPSSSSESQKGA,0,IEDB_mhc2_nonbinder
VLLATCAEMLSWLDF,1,IEDB_mhc2_binder
NVRLRECYVQRFHLI,1,IEDB_mhc2_binder
LLESLSSLGAHLDSD,1,IEDB_mhc2_binder
ASGVETYKSECCICV,0,IEDB_mhc2_nonbinder
IYCQKSLKEVNQFSK,1,IEDB_mhc2_binder
EANSSSSGAINLFYL,0,IEDB_mhc2_nonbinder
LQGKPRRCTPGQFVL,0,IEDB_mhc2_nonbinder
FDAVASLPPGSAKLS,1,IEDB_mhc2_binder
ADDIRKLFDMHGRQD,1,IEDB_mhc2_binder
QFGSVPALTIACMTK,1,IEDB_mhc2_binder
DVKDWTDGSRGYRLQ,1,IEDB_mhc2_binder
KSKNTLMYEITGGKF,1,IEDB_mhc2_binder
VLILMCENANKFMDD,0,IEDB_mhc2_nonbinder
LCTLFLIRSAVSPEN,0,IEDB_mhc2_nonbinder
MLVAAKMKCFGNTAV,1,IEDB_mhc2_binder
LLYKAHCISGSRVGH,0,IEDB_mhc2_nonbinder
KDNSIYIVKQSECAV,1,IEDB_mhc2_binder
DALTLIPEFSRSILW,1,IEDB_mhc2_binder
VQDVMAHLNIRGEKQ,0,IEDB_mhc2_nonbinder
KMKCFGNTAVAKCNL,1,IEDB_mhc2_binder
IYLSINGVLEEQGSF,1,IEDB_mhc2_binder
GRISVLHADLLTENK,0,IEDB_mhc2_nonbinder
AQLGLRKKTKQSITE,1,IEDB_mhc2_binder
RIQRGPGRAFVTIGK,1,IEDB_mhc2_binder
SGDAMARNISSRTLE,0,IEDB_mhc2_nonbinder
RYIHCYRRPNDIKSF,1,IEDB_mhc2_binder
CDLFKKHDDAIVRLR,1,IEDB_mhc2_binder
QNDPVAPYEALHTKL,0,IEDB_mhc2_nonbinder
MIAGVKSNLIWKLLA,0,IEDB_mhc2_nonbinder
LEKLKRKVGQTERSA,0,IEDB_mhc2_nonbinder
GHHEHCGKLVVKNVY,0,IEDB_mhc2_nonbinder
REELIKLKLWFKDEV,1,IEDB_mhc2_binder
LQIEEEYQVFRNRLR,1,IEDB_mhc2_binder
DPDSTDYLILKNLTG,1,IEDB_mhc2_binder
QGNLSNTQLTRRSEI,0,IEDB_mhc2_nonbinder
GPSEGGEHGAPGKIP,0,IEDB_mhc2_nonbinder
ASQDVKNWMTETLLV,1,IEDB_mhc2_binder
KGKHLLNKQDYEYKV,0,IEDB_mhc2_nonbinder
DLHTVLRNVACQEAV,1,IEDB_mhc2_binder
PGARNARLMRALKNQ,0,IEDB_mhc2_nonbinder
RHTFESQFGDIGEGL,0,IEDB_mhc2_nonbinder
SGLFQFIFFLLLAGR,0,IEDB_mhc2_nonbinder
SRGYRLQRKIEAIFS,1,IEDB_mhc2_binder
LSVSLTLLGKPELFS,0,IEDB_mhc2_nonbinder
GSKGEEADKLEDDLA,0,IEDB_mhc2_nonbinder
RLSTIILCISSVGGC,0,IEDB_mhc2_nonbinder
SSMHLIVQNAYKQMI,1,IEDB_mhc2_binder
ELGIKVKNKFITARS,0,IEDB_mhc2_nonbinder
ATDNFSIFTLSPTRS,0,IEDB_mhc2_nonbinder
NIYADGLDAGFDTAN,0,IEDB_mhc2_nonbinder
PLLTKFVAAALHNVK,1,IEDB_mhc2_binder
KSGKTGTEMYIKFLN,0,IEDB_mhc2_nonbinder
YSAILGTNERCELEY,0,IEDB_mhc2_nonbinder
LMNSLAFPTAFPGHF,0,IEDB_mhc2_nonbinder
RLKELINIPYCNYTK,1,IEDB_mhc2_binder
LLIGGEDKLSESLIL,0,IEDB_mhc2_nonbinder
GAWRFRDLKIQTPEV,0,IEDB_mhc2_nonbinder
VGQMLMLVNDRLLDI,1,IEDB_mhc2_binder
AITIGSVSITVCKRN,0,IEDB_mhc2_nonbinder
KSEVYEKGLGKFVKT,1,IEDB_mhc2_binder
LGALDSPREIGSLLH,1,IEDB_mhc2_binder
EDFVLVYDLHKEQLI,1,IEDB_mhc2_binder
LKWHLHKTVEVPFNV,1,IEDB_mhc2_binder
IMNANTLMGRYTHYK,1,IEDB_mhc2_binder
TTLVLRLNVDNFFLR,0,IEDB_mhc2_nonbinder
YELIQPHIYISTNAL,0,IEDB_mhc2_nonbinder
IPGVCKEILSFCISL,1,IEDB_mhc2_binder
ENPVVHFFKNIVTPR,1,IEDB_mhc2_binder
WSLGHMPWDHLDNAF,0,IEDB_mhc2_nonbinder
MNENLGIISHLLKVR,1,IEDB_mhc2_binder
LLFLTGHSHIRVHPI,0,IEDB_mhc2_nonbinder
ETSSTAKFKVGCTRM,0,IEDB_mhc2_nonbinder
VTQQLDTFLQTFISE,0,IEDB_mhc2_nonbinder
TSKYRSPQPNIVAAT,1,IEDB_mhc2_binder
LLLKKVESCCNWLDR,1,IEDB_mhc2_binder
RRVCKFMIIETKEYD,0,IEDB_mhc2_nonbinder
CKEAYCQEFSLGDTE,1,IEDB_mhc2_binder
LLYITSFLFAHMISS,0,IEDB_mhc2_nonbinder
EFGYSRLYENRRVRN,0,IEDB_mhc2_nonbinder
SQTPKVDTLSDSVIY,0,IEDB_mhc2_nonbinder
GLGVIPLQMVSYLNL,0,IEDB_mhc2_nonbinder
SKRILERESVPSLIK,1,IEDB_mhc2_binder
EMLSVNKMLNDRKDL,0,IEDB_mhc2_nonbinder
LNNMLIVQDALKNIH,0,IEDB_mhc2_nonbinder
LRLANLTEIQEAVIR,1,IEDB_mhc2_binder
AGVLTLNLVRSGALV,0,IEDB_mhc2_nonbinder
EETPLLTKFVSAALH,1,IEDB_mhc2_binder
PELRSHINYLFEHKR,0,IEDB_mhc2_nonbinder
SAVLLGGEQFNQDVH,0,IEDB_mhc2_nonbinder
LDEPLKSVPLEMLLI,1,IEDB_mhc2_binder
VKKILAESINKSAFQ,1,IEDB_mhc2_binder
WLVSNGSYLNETHFS,1,IEDB_mhc2_binder
KNQCEMNHVNSMHLM,1,IEDB_mhc2_binder
RRDLDSGKLKRNFQK,0,IEDB_mhc2_nonbinder
ALIDVVGATPRGCIV,0,IEDB_mhc2_nonbinder
VKDKYMWCYSQVNKR,1,IEDB_mhc2_binder
ATLLMTEKNVVQSWD,0,IEDB_mhc2_nonbinder
RHGMEDGLLTLVTND,0,IEDB_mhc2_nonbinder
LMFRGFNHRHGKDIR,0,IEDB_mhc2_nonbinder
FDWLEIICFHEYLSS,1,IEDB_mhc2_binder
SYSMDHSKWGPMMCP,0,IEDB_mhc2_nonbinder
IDPLIVSTSTLKTFF,1,IEDB_mhc2_binder
YKVELSGDVIVKAIG,1,IEDB_mhc2_binder
MDMLNFDSNGSAMKV,0,IEDB_mhc2_nonbinder
VQVKITFLGDSGMRS,0,IEDB_mhc2_nonbinder
EGFIFQVNTSKTGIN,1,IEDB_mhc2_binder
LVSMNRNQVFIVMPS,0,IEDB_mhc2_nonbinder
ILYKICLSGDGWPYI,1,IEDB_mhc2_binder
RRANDKGDGEEFKNT,0,IEDB_mhc2_nonbinder
DIYISRRLLGTFTWT,1,IEDB_mhc2_binder
NIVKTKNTEQAKANL,0,IEDB_mhc2_nonbinder
RLKGRSCDDWLGGSV,0,IEDB_mhc2_nonbinder
RMLLMEGLKLLSLCI,1,IEDB_mhc2_binder
SGLLQFIVFLLLAGR,1,IEDB_mhc2_binder
AKISQFARSILWDYF,1,IEDB_mhc2_binder
GGNMLETIKVTPNNF,1,IEDB_mhc2_binder
GSEVLIQRMAVELFQ,1,IEDB_mhc2_binder
DESLDIQKCGELLEF,1,IEDB_mhc2_binder
CELGEWVFSSVQPPK,1,IEDB_mhc2_binder
EQTSMAVTATDIREL,0,IEDB_mhc2_nonbinder
SIILDTGFGEVRLKS,0,IEDB_mhc2_nonbinder
GDLVVKALGALEDDE,1,IEDB_mhc2_binder
AEHDRQVLNNLSNCV,1,IEDB_mhc2_binder
ISRKIVYTLKALCAL,1,IEDB_mhc2_binder
LPAWVGLKVKVNLHH,0,IEDB_mhc2_nonbinder
ELFQLAKELVSDRPM,1,IEDB_mhc2_binder
EQFINYCLDFLFDVI,1,IEDB_mhc2_binder
DKFLVREPKVFENET,0,IEDB_mhc2_nonbinder
NTRDSANLLLSSKLK,0,IEDB_mhc2_nonbinder
NQTFLQGLRYFIMAY,1,IEDB_mhc2_binder
SFEAEVRSLTMSGVD,0,IEDB_mhc2_nonbinder
NALNHSMMAGVNLMH,0,IEDB_mhc2_nonbinder
LELLSLSSLVKFLSG,0,IEDB_mhc2_nonbinder
QKQNPLVFSQSIIFC,0,IEDB_mhc2_nonbinder
HYNNVTLCYSKTGWF,0,IEDB_mhc2_nonbinder
GVRGILHENLGGFEI,0,IEDB_mhc2_nonbinder
GKLSDDVRISERESN,0,IEDB_mhc2_nonbinder
INSERCTLLILLILW,0,IEDB_mhc2_nonbinder
VALVESLELFASGVN,1,IEDB_mhc2_binder
DPRICYAIMLERIGQ,0,IEDB_mhc2_nonbinder
IDMIDQTNSKHVASL,0,IEDB_mhc2_nonbinder
FRLKALDSTFCSAFN,0,IEDB_mhc2_nonbinder
ILFSDTKRVKSTNLN,0,IEDB_mhc2_nonbinder
FLIDEHNEDDGSVHM,0,IEDB_mhc2_nonbinder
WIIDHLEENMLSSDL,0,IEDB_mhc2_nonbinder
QGSFRLKGVMCRPLA,1,IEDB_mhc2_binder
LGLHSQLENGSAFVG,0,IEDB_mhc2_nonbinder
EMKQSVLIHCFNTDM,0,IEDB_mhc2_nonbinder
DKSYFTNAALRNLCF,1,IEDB_mhc2_binder
MMNPSHVKFLDVCIA,1,IEDB_mhc2_binder
GPNKENLYIKSIQSL,1,IEDB_mhc2_binder
VANRLVPMLVLLTRD,0,IEDB_mhc2_nonbinder
SWPLQCPLDHVNTLH,1,IEDB_mhc2_binder
LKPIEKNIVGESNVV,0,IEDB_mhc2_nonbinder
LVNSMKTSFSSRLLV,1,IEDB_mhc2_binder
PCTLEGVWAPFNVLK,1,IEDB_mhc2_binder
GKVNVLRLYLFVTAN,0,IEDB_mhc2_nonbinder
SIVLVLKAISIAIGI,0,IEDB_mhc2_nonbinder
TKPQQGPRTPEKAGQ,0,IEDB_mhc2_nonbinder
DKAKLDDATLTVKVI,0,IEDB_mhc2_nonbinder
RECYAQRFYLAESLV,1,IEDB_mhc2_binder
FTNAALRNLCFYSED,1,IEDB_mhc2_binder
LLAGRSCSDGTFKIG,1,IEDB_mhc2_binder
FLDVCVALDMMNENL,1,IEDB_mhc2_binder
FGSMPALTIACMTVQ,1,IEDB_mhc2_binder
GRKDLKLVDVRLTGE,1,IEDB_mhc2_binder
SKLNKFVSPKTVAGS,1,IEDB_mhc2_binder
VHDVTVMYSGAVNPC,1,IEDB_mhc2_binder
HSTGSVNDCDAQFPY,0,IEDB_mhc2_nonbinder
DLVKAMDNVVAASNQ,0,IEDB_mhc2_nonbinder
SWLDFSHELMTMTRP,1,IEDB_mhc2_binder
GDEVPLLTKFVAAAL,1,IEDB_mhc2_binder
DQKLLVVLETGRFPG,0,IEDB_mhc2_nonbinder
EDSFLMLRGVRQVNS,0,IEDB_mhc2_nonbinder
NKIKRTESGPQGLYM,1,IEDB_mhc2_binder
RKDISINDGFFVDAS,0,IEDB_mhc2_nonbinder
PLPHRLNSLGGCRCG,1,IEDB_mhc2_binder
CQEAVKLKLIIQVEH,0,IEDB_mhc2_nonbinder
QIDHVRMSTKFKLKR,1,IEDB_mhc2_binder
SNNDWNLIFYRSEIE,0,IEDB_mhc2_nonbinder
PKVVRQIEDQLGMNH,1,IEDB_mhc2_binder
TPQAEQQPKGFISAL,0,IEDB_mhc2_nonbinder
YRWVNLASFGDLRLV,1,IEDB_mhc2_binder
NCARKVFNDIKRGRI,1,IEDB_mhc2_binder
RSYPALREVHSAGFA,0,IEDB_mhc2_nonbinder
LRNSDLCNICWKPLP,0,IEDB_mhc2_nonbinder
LPNISLVTFMLAMNA,0,IEDB_mhc2_nonbinder
LLWDYMCISLSTAIE,1,IEDB_mhc2_binder
EVFSRKGKHLLNKQD,0,IEDB_mhc2_nonbinder
SRTIYRGVSPSTTRLES,1,IEDB_mhc2_binder
KRSLGLMGCDCTSVG,1,IEDB_mhc2_binder
LFSSMFKVDLQIFIP,0,IEDB_mhc2_nonbinder
SVLIEGFKLLSLLVE,1,IEDB_mhc2_binder
DQCLFGLEEHFYKFI,0,IEDB_mhc2_nonbinder
DDQISLFDQSLTELL,0,IEDB_mhc2_nonbinder
CLKKNSLGYDERLNE,1,IEDB_mhc2_binder
GVAYDAGIFFNEELL,0,IEDB_mhc2_nonbinder
NLDISIRVLSFSAHQ,0,IEDB_mhc2_nonbinder
KLLDKEVTIALRSAK,0,IEDB_mhc2_nonbinder
LKTNIWFKGRVLNIP,0,IEDB_mhc2_nonbinder
NTYDMLGWGIYSQRC,0,IEDB_mhc2_nonbinder
GDTSSDLLIEALSAM,1,IEDB_mhc2_binder
QSVSGSGGNHMLLDG,1,IEDB_mhc2_binder
YGVFDRLNWQLTARS,0,IEDB_mhc2_nonbinder
CGIFALVSFLLLAGR,1,IEDB_mhc2_binder
LGTLEMESFWDLGFR,0,IEDB_mhc2_nonbinder
HGFEDTILQRLGVLF,1,IEDB_mhc2_binder
VLSSAHSDSLAPECP,0,IEDB_mhc2_nonbinder
LLLIVCSNYTTLHEK,0,IEDB_mhc2_nonbinder
LMLAAWSLHVNHRPL,0,IEDB_mhc2_nonbinder
FESLGSNEYLGVQII,0,IEDB_mhc2_nonbinder
TAGGNVSQSLVLTME,0,IEDB_mhc2_nonbinder
NCFRFVGFDIGSDVF,0,IEDB_mhc2_nonbinder
YSKFASAQANIVAAT,1,IEDB_mhc2_binder
DVQVALAKMADNSVN,1,IEDB_mhc2_binder
DFNNGITIQYNLSFS,1,IEDB_mhc2_binder
NVLILLECFVRSSPA,0,IEDB_mhc2_nonbinder
LLHELIRFCDLTKDS,0,IEDB_mhc2_nonbinder
AFVWQVRKEKVIDQP,0,IEDB_mhc2_nonbinder
LSMPAHDLDLIMKAQ,0,IEDB_mhc2_nonbinder
YRKIQERFIGSLAGR,0,IEDB_mhc2_nonbinder
LDMMNENLGIIGHLL,1,IEDB_mhc2_binder
NTHTDVKDWLDGSRG,0,IEDB_mhc2_nonbinder
GVFHELPSLCRVNNS,1,IEDB_mhc2_binder
EPKVKFGCAVVNPSL,1,IEDB_mhc2_binder
INSMKTSFSSRLLIN,1,IEDB_mhc2_binder
QQQGTGGNGVVRVWD,0,IEDB_mhc2_nonbinder
KLVAKVGTGVLFEDA,0,IEDB_mhc2_nonbinder
KFHYGEKIMMAAPTH,0,IEDB_mhc2_nonbinder
NLFWAVKPKIQKHIE,1,IEDB_mhc2_binder
GDLRTKMFTRLIEDY,1,IEDB_mhc2_binder
ISQLEHIYMIVPQSD,0,IEDB_mhc2_nonbinder
IGFCKSMGSKCVRDG,1,IEDB_mhc2_binder
HLDYTGSMNQQAKYL,1,IEDB_mhc2_binder
VITFKLEWNFEFLES,0,IEDB_mhc2_nonbinder
DGGNMLETIRITPDN,1,IEDB_mhc2_binder
KRVTFQRCVERFYLL,0,IEDB_mhc2_nonbinder
GLSQSKRAQNLLSEI,0,IEDB_mhc2_nonbinder
MSGGNQGAQTGRDGV,0,IEDB_mhc2_nonbinder
SPASISSVLTILYYG,0,IEDB_mhc2_nonbinder
SYFRPLLWDYMCISL,1,IEDB_mhc2_binder
GGCTPPLVVIFSLHD,0,IEDB_mhc2_nonbinder
LEQAYKSLDLNVRRS,0,IEDB_mhc2_nonbinder
NSVIQALTSLGLLYT,1,IEDB_mhc2_binder
KSVPLEMLLINLTTI,1,IEDB_mhc2_binder
SCGLYKQPGVPVRWK,1,IEDB_mhc2_binder
FHMNYSDKKYNRTLF,0,IEDB_mhc2_nonbinder
SFIHNLRLSSSINIK,0,IEDB_mhc2_nonbinder
PGVVYCQDSLAKISQ,1,IEDB_mhc2_binder
WRSFLNKVKSLRILN,1,IEDB_mhc2_binder
IVLAHLKANFAKLTC,0,IEDB_mhc2_nonbinder
LRLFDYNKNAIKTLN,1,IEDB_mhc2_binder
DVFLYGGKIGSKEYR,0,IEDB_mhc2_nonbinder
EVSLHEVKDFDPDVL,0,IEDB_mhc2_nonbinder
ITIQYNLSFSDAQSA,1,IEDB_mhc2_binder
RLSGNRLSEEAFKLR,0,IEDB_mhc2_nonbinder
LGRADNSVKNGNNPL,0,IEDB_mhc2_nonbinder
KYNLNRAMMLDDLTM,1,IEDB_mhc2_binder
CVGKLKRSLGLMGCD,1,IEDB_mhc2_binder
EAELIFKSRLDVVES,0,IEDB_mhc2_nonbinder
LPSLCRVNNSYSLIR,1,IEDB_mhc2_binder
YEYKVQQAMSNLVLG,1,IEDB_mhc2_binder
AWMNKTLKFGACAIM,0,IEDB_mhc2_nonbinder
QVNTSKTGINENYAK,0,IEDB_mhc2_nonbinder
SAILEDKSTALSREN,0,IEDB_mhc2_nonbinder
VNTLSKAYSWEKRDA,0,IEDB_mhc2_nonbinder
PEGEGLQRLGPFSSF,1,IEDB_mhc2_binder
GKLIDTGNQIKISFK,0,IEDB_mhc2_nonbinder
ETTVAPIQEKLLLNP,0,IEDB_mhc2_nonbinder
LQLTKRSEILKTLGF,1,IEDB_mhc2_binder
ATEELLELYNIIETM,0,IEDB_mhc2_nonbinder
RVSDVSVLMKEYDVS,1,IEDB_mhc2_binder
AVGLFIRLLGGESDA,1,IEDB_mhc2_binder
LMSTRRVLEREQIPT,1,IEDB_mhc2_binder
LQIKESKASASSINF,0,IEDB_mhc2_nonbinder
MVFILLPQRNQMLSV,1,IEDB_mhc2_binder
SEIQLQRLCVRLFVS,1,IEDB_mhc2_binder
GRRDLKLVDVRLTSE,1,IEDB_mhc2_binder
WFNVTHSPRLCTHGL,0,IEDB_mhc2_nonbinder
FDDVARNGLMKTEGL,0,IEDB_mhc2_nonbinder
LQRLGPFSSFVEKVI,1,IEDB_mhc2_binder
IKGGLEEIATLKMLM,0,IEDB_mhc2_nonbinder
CGLIGLVTFLLLCGR,1,IEDB_mhc2_binder
VAILKRQAEPSLYGR,1,IEDB_mhc2_binder
KALGALEDDEGVVSM,1,IEDB_mhc2_binder
NSPDLINSTFATPLR,0,IEDB_mhc2_nonbinder
PCVLSGSVRYLFLGE,0,IEDB_mhc2_nonbinder
QEFLSIQVRCVLSLR,0,IEDB_mhc2_nonbinder
LSLCIEIDSCNANGC,1,IEDB_mhc2_binder
RISLSNVMVDGVQLP,1,IEDB_mhc2_binder
IKCSDHYLCLRCLNV,1,IEDB_mhc2_binder
QGILHNSSDLYGLIT,1,IEDB_mhc2_binder
VEVPINVAEAYCIGK,1,IEDB_mhc2_binder
QNLLCRFVGRRQLKT,0,IEDB_mhc2_nonbinder
HSKSTIKKVKGKGIP,0,IEDB_mhc2_nonbinder
LKFYIFTEPPADLCQ,0,IEDB_mhc2_nonbinder
KAVRQIEDQLGMNHV,1,IEDB_mhc2_binder
SHHYIRVGNETGLEL,1,IEDB_mhc2_binder
KGLHHLQIILSGKMA,1,IEDB_mhc2_binder
LRKLGFQQQQVRSPG,1,IEDB_mhc2_binder
GLQNISYVIRRKSIS,0,IEDB_mhc2_nonbinder
SYQYLIIQNTTWEDH,1,IEDB_mhc2_binder
LSTTLGTLIENHINT,0,IEDB_mhc2_nonbinder
EFFKHNPCDYFPLKP,0,IEDB_mhc2_nonbinder
ILDFFSQQIGMIFPF,0,IEDB_mhc2_nonbinder
VFNTRRNTLLFLDLI,1,IEDB_mhc2_binder
EMGGRRVSAKTQNIY,0,IEDB_mhc2_nonbinder
ITLTNVVNISTIQES,0,IEDB_mhc2_nonbinder
VLEPGVEDLKSRRLS,0,IEDB_mhc2_nonbinder
GDLRLVLRTKLMSTR,1,IEDB_mhc2_binder
ILKGLYNFATCGLIG,1,IEDB_mhc2_binder
IISTFHLSIPNFNQY,1,IEDB_mhc2_binder
CLEEWMLVAAKMKCF,1,IEDB_mhc2_binder
RTCFLSPSTEEEYNY,0,IEDB_mhc2_nonbinder
SKMRLSRELECGHKK,1,IEDB_mhc2_binder
KQEEKKEYFLEEVSL,0,IEDB_mhc2_nonbinder
NLVLGSGQHKSDADE,1,IEDB_mhc2_binder
FSEVVTGSMRFSCLN,1,IEDB_mhc2_binder
NLRLKGVTCRLFRQQ,1,IEDB_mhc2_binder
RDGLMTNALKFHITF,0,IEDB_mhc2_nonbinder
ASKYDQMKQKGRCLR,1,IEDB_mhc2_binder
IGLAKVKCKKKLQKV,0,IEDB_mhc2_nonbinder
GNLSQSQLAKRSEIL,1,IEDB_mhc2_binder
CLGPNPHSGRCRLGL,0,IEDB_mhc2_nonbinder
FFDDCNRELMDLKEF,0,IEDB_mhc2_nonbinder
RCWLTKNGSYLNVSD,1,IEDB_mhc2_binder
IVGQMVMLVNDRVLD,1,IEDB_mhc2_binder
ATGTDMPGGYCLEKW,1,IEDB_mhc2_binder
IPLDTPTGLFKPKGV,0,IEDB_mhc2_nonbinder
FDWILGWTIKGLGHD,1,IEDB_mhc2_binder
ENHCKYAGPFGMSRI,1,IEDB_mhc2_binder
LRSLREVNVDSNGLL,0,IEDB_mhc2_nonbinder
FKIMLKALSHLSLGL,1,IEDB_mhc2_binder
ISVIRSLKVDDVLAQ,0,IEDB_mhc2_nonbinder
LAFEPVFSAYRKPDI,0,IEDB_mhc2_nonbinder
YEAKGAKANKAVD,1,IEDB_mhc2_binder
TALAKCNLDHDSEFC,1,IEDB_mhc2_binder
MIFQEIGPLFNVSEF,0,IEDB_mhc2_nonbinder
CQMQCWRSFLNKVKS,1,IEDB_mhc2_binder
TSDAVDNFMRQIYFE,0,IEDB_mhc2_nonbinder
QIDLTKPSLHNSFLI,0,IEDB_mhc2_nonbinder
PSAEFRRTAPPSLYG,1,IEDB_mhc2_binder
YDTSGRDKQRRGLNW,0,IEDB_mhc2_nonbinder
SGYCSNIKLQVVKDA,1,IEDB_mhc2_binder
SQTTANPSCPEGT,0,IEDB_mhc2_nonbinder
EISGNMHVSESNQGL,0,IEDB_mhc2_nonbinder
QIEDQLGMNHVLQSI,1,IEDB_mhc2_binder
ENEFNNLLGSLIQRR,0,IEDB_mhc2_nonbinder
ISERVNRLISYSGYK,1,IEDB_mhc2_binder
YRKPHDEKGFKNGSR,0,IEDB_mhc2_nonbinder
LDGVTMVSVLPLLRG,1,IEDB_mhc2_binder
AYTSSDDQISLFDQS,1,IEDB_mhc2_binder
HLISEILSREYEARQ,1,IEDB_mhc2_binder
TLYLQMNSLRAEDTA,1,IEDB_mhc2_binder
LNLNLCKVEHERERY,0,IEDB_mhc2_nonbinder
KGNLVELGSFYSDPK,1,IEDB_mhc2_binder
LGVGQSMEYDSSSVN,0,IEDB_mhc2_nonbinder
TDTLVAWSILKPLFC,0,IEDB_mhc2_nonbinder
KLKFNSVIVNPSLNG,1,IEDB_mhc2_binder
RRKLKGVEYYDKTYN,0,IEDB_mhc2_nonbinder
PTVTEFRRTAIHSLY,1,IEDB_mhc2_binder
LESHRARNYEGDTEG,0,IEDB_mhc2_nonbinder
FIYIVKQSECASAHI,1,IEDB_mhc2_binder
TLALFALTLLPENVT,0,IEDB_mhc2_nonbinder
EEIITLNSYGSFQEF,1,IEDB_mhc2_binder
LECLSLSLNGNFQAS,0,IEDB_mhc2_nonbinder
SNKFHIRLIKGELSN,1,IEDB_mhc2_binder
HLLKTRDNSVYIVKQ,1,IEDB_mhc2_binder
ASINNVMLDCELGMV,0,IEDB_mhc2_nonbinder
SVDRTGNVVLVSKYN,0,IEDB_mhc2_nonbinder
AENNLQITEHKRLQLAN,1,IEDB_mhc2_binder
MGGVHPNNMIFLQID,0,IEDB_mhc2_nonbinder
CVLHIFRDRKSFGQM,0,IEDB_mhc2_nonbinder
HHVDLMSKLRVDCMS,1,IEDB_mhc2_binder
LSNTAVNPLLNVKLV,0,IEDB_mhc2_nonbinder
APLLTTLKPEIENQV,1,IEDB_mhc2_binder
CDMLRLIDYNKAALS,1,IEDB_mhc2_binder
TIMADILRVLLGPNL,0,IEDB_mhc2_nonbinder
LSELLADSEITETYK,1,IEDB_mhc2_binder
TFVAEFKSRFFVMGE,1,IEDB_mhc2_binder
DSCNGCASNLILEIC,0,IEDB_mhc2_nonbinder
TLPFVKFFERWDGLV,0,IEDB_mhc2_nonbinder
KVSVRMLRQDRFAAM,0,IEDB_mhc2_nonbinder
FSLECIMDVGEIQNK,1,IEDB_mhc2_binder
LQFGVKIAEAKLLCI,0,IEDB_mhc2_nonbinder
TDRRELLESLSSLGA,1,IEDB_mhc2_binder
LNLTEPKSRTRLNLD,0,IEDB_mhc2_nonbinder
LDEVISNKFHIRLIK,1,IEDB_mhc2_binder
FDKQLGKFKFSQKSK,0,IEDB_mhc2_nonbinder
SCHTKGGASRPLCIK,0,IEDB_mhc2_nonbinder
SRKRLVGSGQIMLRR,0,IEDB_mhc2_nonbinder
VMLVNDRVLDILEAV,1,IEDB_mhc2_binder
LSEDVMKAFEEIKYE,1,IEDB_mhc2_binder
EHLIHQFKRASPILR,1,IEDB_mhc2_binder
SKCVRDGKGGFLYIK,1,IEDB_mhc2_binder
SVVVNKYTDGSRVLN,1,IEDB_mhc2_binder
IKKKEGMFVDEKPGN,0,IEDB_mhc2_nonbinder
CVKLCVESNQLYPTG,0,IEDB_mhc2_nonbinder
YFESFVREFVATART,1,IEDB_mhc2_binder
GSTSLSEEFFHQTMQ,1,IEDB_mhc2_binder
KIVSMRDAGFQPTAD,0,IEDB_mhc2_nonbinder
PFIQGKVARTIRGRG,0,IEDB_mhc2_nonbinder
CFELLVDIDFYQFIN,0,IEDB_mhc2_nonbinder
CNELVSAPPGKFKVV,0,IEDB_mhc2_nonbinder
DRIFKNVQLSSLQRE,0,IEDB_mhc2_nonbinder
FLEKPLDICPLELLL,1,IEDB_mhc2_binder
LQMVGMRRPQQGASG,1,IEDB_mhc2_binder
FFVMGEETPLLTKFV,1,IEDB_mhc2_binder
NPAVAVDKGHKFSII,0,IEDB_mhc2_nonbinder
LACYMCEIEKKLAMW,0,IEDB_mhc2_nonbinder
AALQICPFGNSLDIT,0,IEDB_mhc2_nonbinder
RVLYLFLLFDENKFK,0,IEDB_mhc2_nonbinder
LLKDVEYARPGLISS,1,IEDB_mhc2_binder
IKSEDYSIIVSGNNT,0,IEDB_mhc2_nonbinder
KTPADDGAISLSEEG,0,IEDB_mhc2_nonbinder
IKCFEKFLEPKVKFG,1,IEDB_mhc2_binder
MDFVLKNSYLKGIMQ,0,IEDB_mhc2_nonbinder
RKLTSMIVTFLDRLG,0,IEDB_mhc2_nonbinder
LEKRQPIFSHLIAHR,0,IEDB_mhc2_nonbinder
SYDHSKWGPTMSPAL,1,IEDB_mhc2_binder
AVSTALKNASDVLVN,0,IEDB_mhc2_nonbinder
MVDEEPVALLPLSLL,1,IEDB_mhc2_binder
LDPTNTLWLDIEGPP,0,IEDB_mhc2_nonbinder
LEDLMVCFERLHEFT,0,IEDB_mhc2_nonbinder
LLNEFNNLYADKVSV,1,IEDB_mhc2_binder
LLYEHLSEDVMKAFE,1,IEDB_mhc2_binder
DMTEFVNKVVDSIVL,0,IEDB_mhc2_nonbinder
PFGVMKEIRAEVSLH,1,IEDB_mhc2_binder
DHSKWGPHMSPALFF,1,IEDB_mhc2_binder
FSQIIKTTLSIKKKE,1,IEDB_mhc2_binder
RGGDEALTGFLQYAG,1,IEDB_mhc2_binder
PKNMQSNGALLFIAT,0,IEDB_mhc2_nonbinder
SKFSNRRYLCTVTTK,0,IEDB_mhc2_nonbinder
LKDIARLMISLLNNN,0,IEDB_mhc2_nonbinder
YPDSLLCGYGWKLIL,0,IEDB_mhc2_nonbinder
LLNVSYLCHLITKET,1,IEDB_mhc2_binder
KLHNILSHRSLNRDI,0,IEDB_mhc2_nonbinder
DSLILSTLIKTKSTE,0,IEDB_mhc2_nonbinder
KLNNQTKTAVNMLTH,1,IEDB_mhc2_binder
RLTDQIKCFEKFLEP,0,IEDB_mhc2_nonbinder
PRCWLIRNGSYLNTS,1,IEDB_mhc2_binder
MLISSELKCFGNTAI,1,IEDB_mhc2_binder
RSGPVQLWRFLRTSS,0,IEDB_mhc2_nonbinder
ERVGNGTGQYQGNLS,0,IEDB_mhc2_nonbinder
AKKLDRTFFTSAALR,1,IEDB_mhc2_binder
VKDPSKLNNQFGSVP,0,IEDB_mhc2_nonbinder
QAIQRLKAEAQMSIQ,1,IEDB_mhc2_binder
QMWMSLKMGCIFLND,0,IEDB_mhc2_nonbinder
LSKDGCTSAKGPDYK,0,IEDB_mhc2_nonbinder
IRLMSRLLIALLLNY,0,IEDB_mhc2_nonbinder
FEKFFEPKSEFGFFV,1,IEDB_mhc2_binder
GTGQYQGNLSNTQLT,1,IEDB_mhc2_binder
LDECFFFEDNMKLKS,0,IEDB_mhc2_nonbinder
YVLIIKYDKDFAHDS,0,IEDB_mhc2_nonbinder
LLKNRKKSKVFKKAS,1,IEDB_mhc2_binder
MMYESLTEDQVRAFE,1,IEDB_mhc2_binder
WKTDMAKLLSLKEDI,1,IEDB_mhc2_binder
ASFMISFDDIAVLLP,1,IEDB_mhc2_binder
MSKITQSSQCLSKNQ,1,IEDB_mhc2_binder
PYRPSFTSTALDLSS,1,IEDB_mhc2_binder
SATTANPSCPEGT,0,IEDB_mhc2_nonbinder
DASFKESFAIHLDYT,1,IEDB_mhc2_binder
VLQINMLVLTHGLAS,1,IEDB_mhc2_binder
SPLLTEGFKLLSSLV,1,IEDB_mhc2_binder
SSVRITSLLISYVTI,0,IEDB_mhc2_nonbinder
LLSLHEGDLADSSSL,0,IEDB_mhc2_nonbinder
YKFAQPHSVLVETNI,0,IEDB_mhc2_nonbinder
RPGVSRELLSYCVSL,1,IEDB_mhc2_binder
CSVLRFVKGSLFFLA,0,IEDB_mhc2_nonbinder
QKHIEDRLSLNHILH,1,IEDB_mhc2_binder
ADLDEILLDGGASDY,0,IEDB_mhc2_nonbinder
SISIDAVERCYLQAL,1,IEDB_mhc2_binder
QDSPTKVSIMGLLKI,0,IEDB_mhc2_nonbinder
FDQRLGAYEHKNRSR,0,IEDB_mhc2_nonbinder
YKQMIKSRTLKSFFA,1,IEDB_mhc2_binder
TTLPWCLTHQLHRNG,0,IEDB_mhc2_nonbinder
TDRLKKLNLLDLENSNV,0,IEDB_mhc2_nonbinder
SILLYHELSMNDEEK,0,IEDB_mhc2_nonbinder
RWTQSLRRGLSQFTQ,1,IEDB_mhc2_binder
RNFTKGVKKILAESI,1,IEDB_mhc2_binder
WQFLRPNIIVGSLLT,0,IEDB_mhc2_nonbinder
YTKFWYVNHTASGEH,1,IEDB_mhc2_binder
FNGANVKNRRPLWPT,0,IEDB_mhc2_nonbinder
TKPFRMVSLVTSFLL,1,IEDB_mhc2_binder
CDICGEELPTSIVVP,0,IEDB_mhc2_nonbinder
MTSRRVLEKEEMPTL,0,IEDB_mhc2_nonbinder
QMLGLQFNYLAFARF,0,IEDB_mhc2_nonbinder
ALAVSSKALNTGYLA,0,IEDB_mhc2_nonbinder
TLWLDIEGPATDPVE,1,IEDB_mhc2_binder
RKAAGLTRDVSSTWV,0,IEDB_mhc2_nonbinder
YGLITEQFINYCLDF,1,IEDB_mhc2_binder
IFFLFNSTVYALGAC,0,IEDB_mhc2_nonbinder
SISLRPGRFGTWSSR,0,IEDB_mhc2_nonbinder
MVCKDNCCANDMLGS,0,IEDB_mhc2_nonbinder
YTHYKSRNLNFKFDM,1,IEDB_mhc2_binder
VEPEVHVNAIALVYK,0,IEDB_mhc2_nonbinder
DESKKEINFLSQTVN,1,IEDB_mhc2_binder
SKMTPDWDLGGSGSS,0,IEDB_mhc2_nonbinder
VLKDAKLIADSIDFN,1,IEDB_mhc2_binder
EGAWPNSSLKSHLIK,0,IEDB_mhc2_nonbinder
KTLGFQQQRGAGNGV,1,IEDB_mhc2_binder
TDCLKKFSLIFLVKC,1,IEDB_mhc2_binder
MQELPGKSLDTLLLD,0,IEDB_mhc2_nonbinder
VRGRKSLIEEIEEIV,0,IEDB_mhc2_nonbinder
SVLNQTVELKKRSQL,0,IEDB_mhc2_nonbinder
VECETNITDIEKEPS,0,IEDB_mhc2_nonbinder
FMCSVSGSFAIQGKS,0,IEDB_mhc2_nonbinder
DGQVQFLLRVILNRS,0,IEDB_mhc2_nonbinder
ICLKCLNIMLGKSSF,1,IEDB_mhc2_binder
RLDKRSDSLDTLQNLLQ,0,IEDB_mhc2_nonbinder
LRRRAEITPCHGHHP,0,IEDB_mhc2_nonbinder
FVVADLGCMLDRKSL,0,IEDB_mhc2_nonbinder
AKAPETKDSPRASLI,0,IEDB_mhc2_nonbinder
VSLIAALKGMINLWK,1,IEDB_mhc2_binder
SRLTRWGILNYNPSC,0,IEDB_mhc2_nonbinder
ENDEDFDWLEIICFH,0,IEDB_mhc2_nonbinder
FGQKFRNLRNMGQKH,0,IEDB_mhc2_nonbinder
TIEQLVVNVVHADGP,0,IEDB_mhc2_nonbinder
LLCHNNGGKLTIKYS,0,IEDB_mhc2_nonbinder
GLGYETSFEVKKVKK,0,IEDB_mhc2_nonbinder
LEKLKNKIKRTESGP,0,IEDB_mhc2_nonbinder
HSLLDGALVIASLPL,1,IEDB_mhc2_binder
ESGKLSSKYVKLKKL,0,IEDB_mhc2_nonbinder
NFESFTVKLGGVFHE,1,IEDB_mhc2_binder
EDVNPPLLGKEGIGP,0,IEDB_mhc2_nonbinder
EFLYRKMRIDLTDTG,0,IEDB_mhc2_nonbinder
AQQLDQRSQILQMVG,1,IEDB_mhc2_binder
NTVFKAGDLGRDELM,1,IEDB_mhc2_binder
LSCWNIIKDSNRYLN,0,IEDB_mhc2_nonbinder
LNIAVPKLLSQRTCS,0,IEDB_mhc2_nonbinder
DLGNCLNKSDSSWAI,1,IEDB_mhc2_binder
HVNRLVCAAQELVTD,0,IEDB_mhc2_nonbinder
FSLSAAVKAGASLID,1,IEDB_mhc2_binder
VLTNACELGEWVFST,1,IEDB_mhc2_binder
MKTSFSSRLLVNERE,1,IEDB_mhc2_binder
DQYKDLCHMHTGVVV,1,IEDB_mhc2_binder
NFTAKNLSLRLRMLI,0,IEDB_mhc2_nonbinder
RARFLFKLAADSKTT,0,IEDB_mhc2_nonbinder
CHFITKETPDRLTDQ,1,IEDB_mhc2_binder
ADKNLIKCSDHYLCL,1,IEDB_mhc2_binder
ATGPRIHIECHVRGL,0,IEDB_mhc2_nonbinder
ECKSSSEIQLQRLCV,1,IEDB_mhc2_binder
NNNIKMISSRLSLLD,0,IEDB_mhc2_nonbinder
TTPEIVVPPTPWLTK,0,IEDB_mhc2_nonbinder
PDISGLSWETYQLSQ,0,IEDB_mhc2_nonbinder
IKGKKVFNTRRNTLL,1,IEDB_mhc2_binder
ESALNISGYNFSLSA,1,IEDB_mhc2_binder
TNKFFITGFSESTKEEC,0,IEDB_mhc2_nonbinder
YIVKQSDCALAHIRQ,1,IEDB_mhc2_binder
VSYQQAVELNMLKYG,0,IEDB_mhc2_nonbinder
LLTGCCVRFLILGLG,0,IEDB_mhc2_nonbinder
NFDKKIELTSLNKIE,0,IEDB_mhc2_nonbinder
CTKNNSHHYIRVGNE,1,IEDB_mhc2_binder
NLMGKTLILLETFVR,1,IEDB_mhc2_binder
SANQYEQQTVNSTKQ,1,IEDB_mhc2_binder
NQSLGLENLEHLKRN,1,IEDB_mhc2_binder
YIEDFKKLEQLKEDL,1,IEDB_mhc2_binder
DSFARNLTLYNLKAC,0,IEDB_mhc2_nonbinder
SSDDLDSMTLESFKK,0,IEDB_mhc2_nonbinder
LSYFERSLTDNSIRS,0,IEDB_mhc2_nonbinder
KTLNDETKKQVNLMG,1,IEDB_mhc2_binder
EEVPTLIKTLQSKLS,1,IEDB_mhc2_binder
LGDKCRDWKGGVLSS,0,IEDB_mhc2_nonbinder
SAIFLIKERLLSKQS,0,IEDB_mhc2_nonbinder
QFNISKADDTRVYGK,1,IEDB_mhc2_binder
FVLNISINPEVRQKK,0,IEDB_mhc2_nonbinder
EIINEFLIDTNQLGH,1,IEDB_mhc2_binder
PMLLKKLVYIRENMS,0,IEDB_mhc2_nonbinder
EETPLLTKFVAAALH,1,IEDB_mhc2_binder
ILLIIKQNADANVNL,0,IEDB_mhc2_nonbinder
LNIITQEESQINISG,0,IEDB_mhc2_nonbinder
SKNDLSDILKTLTSE,1,IEDB_mhc2_binder
AFALYFDEGRKYRDL,0,IEDB_mhc2_nonbinder
FTAGLTYSQLMTLKD,1,IEDB_mhc2_binder
LSNVKNQSLGLENLE,1,IEDB_mhc2_binder
GAVLYAEPRRIQLKS,0,IEDB_mhc2_nonbinder
PDVIELAYQKDALLS,1,IEDB_mhc2_binder
KFSLGKKSTKNVKQI,0,IEDB_mhc2_nonbinder
AVEGGKPLIETWALS,0,IEDB_mhc2_nonbinder
KLPSANLHIKTLTTI,0,IEDB_mhc2_nonbinder
FELFLSILHKSNGLH,0,IEDB_mhc2_nonbinder
HVNTLHFLVRSKTHL,1,IEDB_mhc2_binder
KFCYSLVGPEDQGNP,1,IEDB_mhc2_binder
AESINKSAFQSSVAS,1,IEDB_mhc2_binder
QICTPWEDNTLLICC,0,IEDB_mhc2_nonbinder
RGRNHFIYIVKQSEC,1,IEDB_mhc2_binder
KDIVVADNLGNLRLK,1,IEDB_mhc2_binder
GSLTQNESKNEINLL,0,IEDB_mhc2_nonbinder
ANLDWRKSLVNYIKL,0,IEDB_mhc2_nonbinder
SIKAVYNFATCGIFA,1,IEDB_mhc2_binder
EDDLNELADINWLNL,1,IEDB_mhc2_binder
SKTHLNFERSLKAFF,1,IEDB_mhc2_binder
IDDSAMEYVPMGLVK,0,IEDB_mhc2_nonbinder
DFTEAVANSMNYTCL,1,IEDB_mhc2_binder
VDVQKMSESKRLHLA,0,IEDB_mhc2_nonbinder
SHLLAIVFCISCDAM,0,IEDB_mhc2_nonbinder
ARRILLKKDVLRLVL,0,IEDB_mhc2_nonbinder
LDIQIVHMRNSTKYN,1,IEDB_mhc2_binder
PLGTNIVLDVQSAGF,0,IEDB_mhc2_nonbinder
DIKLIDVEMTREASR,1,IEDB_mhc2_binder
LERWMLVAGDLKCFG,1,IEDB_mhc2_binder
SCSYKIGHHVELQHI,1,IEDB_mhc2_binder
TWEGQCSNSHVNTLR,1,IEDB_mhc2_binder
IGRFVAEFKSRFFVW,0,IEDB_mhc2_nonbinder
LSWSEHFKCFFDLLL,0,IEDB_mhc2_nonbinder
SLGYDERLNESLFVG,1,IEDB_mhc2_binder
KTIEGLNDMLSKLLD,0,IEDB_mhc2_nonbinder
FKTKGRYNLDPDTID,1,IEDB_mhc2_binder
ILSGDNEIEYGFTRR,0,IEDB_mhc2_nonbinder
IADKLDKSYFTNAAL,1,IEDB_mhc2_binder
ASYEAQKAKANKAVDKA,1,IEDB_mhc2_binder
LTTKLAPPPSPRAPA,0,IEDB_mhc2_nonbinder
KLRLTNGIVTFELLM,0,IEDB_mhc2_nonbinder
RLIVVILLVRKEDKW,0,IEDB_mhc2_nonbinder
LFQTAANRSEITLGK,0,IEDB_mhc2_nonbinder
FVVSRLNSLSTMSLK,0,IEDB_mhc2_nonbinder
SYSAFILFRIAYDNE,0,IEDB_mhc2_nonbinder
LLNLLCDLFKKHDDA,1,IEDB_mhc2_binder
AGFKGEQGPKGEP,1,IEDB_mhc2_binder
EYKVVCACGINKDSN,0,IEDB_mhc2_nonbinder
KCGCCICLEWPGVVY,1,IEDB_mhc2_binder
VHKANFLTVLALPAK,0,IEDB_mhc2_nonbinder
LEKLIKHPDMDSLMI,1,IEDB_mhc2_binder
NQFGSVPAVTISCMT,1,IEDB_mhc2_binder
DCASAHVRQSEYTNW,0,IEDB_mhc2_nonbinder
MSDQSVPSFRWTQSL,1,IEDB_mhc2_binder
CKSMGSKCVRDGKGG,1,IEDB_mhc2_binder
RVRMGNWYVRRDIDS,0,IEDB_mhc2_nonbinder
EKPGNRNPYENLLYK,1,IEDB_mhc2_binder
FGSVPALTIACMTVQ,1,IEDB_mhc2_binder
PDKSQLSIVLTNFST,0,IEDB_mhc2_nonbinder
VFNTRRNTLLFLDLV,1,IEDB_mhc2_binder
LKDKSDESLDIQKCG,1,IEDB_mhc2_binder
NKNFTLIRAKDNDYL,0,IEDB_mhc2_nonbinder
GFTKRQMIKALLESF,0,IEDB_mhc2_nonbinder
RTLILLMLTNPTKRN,1,IEDB_mhc2_binder
DEALRGFLLYAGFAE,1,IEDB_mhc2_binder
FCISLFNRGRLKVTG,1,IEDB_mhc2_binder
FSSPCNQLSQEVSYY,0,IEDB_mhc2_nonbinder
LILKISGNKDSSQLL,0,IEDB_mhc2_nonbinder
AGYEVLSGRTNSSGL,0,IEDB_mhc2_nonbinder
FVAAALHNVKCKTPT,1,IEDB_mhc2_binder
LARDDVLRIIKVELK,0,IEDB_mhc2_nonbinder
EIPSFRWTQSLRREL,1,IEDB_mhc2_binder
WAVKPKAVRQIEDQL,1,IEDB_mhc2_binder
EMPTLIKTIQSRLSR,1,IEDB_mhc2_binder
KGITCKPINLSNSVT,1,IEDB_mhc2_binder
LYGLITEQFLCYALD,1,IEDB_mhc2_binder
CAKEHGFESTFTIEL,0,IEDB_mhc2_nonbinder
SNDPVELALYQPDTG,0,IEDB_mhc2_nonbinder
IDRRLLDECLHLLRT,1,IEDB_mhc2_binder
VTEQFIMLCLELCFD,1,IEDB_mhc2_binder
VLNAEMEIVISLLAI,0,IEDB_mhc2_nonbinder
AFLNAQKLPSMVVTF,0,IEDB_mhc2_nonbinder
RIELPVDLGMDLLNI,0,IEDB_mhc2_nonbinder
PELELNVDAMSQCVS,1,IEDB_mhc2_binder
KAGLIIGEMLLLPND,1,IEDB_mhc2_binder
EFIAKIQKCLLAVGL,1,IEDB_mhc2_binder
KILESLWSPHQVNRA,1,IEDB_mhc2_binder
LALHLGIDSNTLYIE,0,IEDB_mhc2_nonbinder
SPTEFTSISSNSGNL,1,IEDB_mhc2_binder
TNGQRQREILTVLSL,0,IEDB_mhc2_nonbinder
KAFFSWSLTDSSGKD,1,IEDB_mhc2_binder
LSKLNKKMAVKVFGA,0,IEDB_mhc2_nonbinder
LKIVDVKLSAEESRI,1,IEDB_mhc2_binder
TTYSRFDRRDTLVLV,0,IEDB_mhc2_nonbinder
VLNRKSYNCFKGVSL,0,IEDB_mhc2_nonbinder
KLNKFVSPKSVVGNF,1,IEDB_mhc2_binder
GSRGYRLQRKIEAIF,1,IEDB_mhc2_binder
VGDLGKDELMDLASD,0,IEDB_mhc2_nonbinder
EEALNVALAVVTLLA,1,IEDB_mhc2_binder
IIKGIVNVWKSGILQ,1,IEDB_mhc2_binder
CHQTMLRNSELCHIC,1,IEDB_mhc2_binder
GRTLTQRRLWFQQSS,0,IEDB_mhc2_nonbinder
VLSYVIGLLPQDMVI,1,IEDB_mhc2_binder
FLVKNAGYLVGRKPL,1,IEDB_mhc2_binder
GEEETSFFKSLEDKV,1,IEDB_mhc2_binder
RAMFVEDIAMGYVVS,1,IEDB_mhc2_binder
IRLLGGESDASLFFS,1,IEDB_mhc2_binder
LFQQEDFTIVHDLYK,1,IEDB_mhc2_binder
KHGDRVDLFLDRLVL,0,IEDB_mhc2_nonbinder
SRFFVMGEETPLLTK,1,IEDB_mhc2_binder
METLKKAGLIIGEML,1,IEDB_mhc2_binder
KGEIECQFLKVEKSQ,1,IEDB_mhc2_binder
SLCQLLKTLFLRPSN,0,IEDB_mhc2_nonbinder
DYRNFNSGSWVLLRL,0,IEDB_mhc2_nonbinder
ASGLVDSKFDSLEDF,0,IEDB_mhc2_nonbinder
FFEKGQILKFKKFDK,0,IEDB_mhc2_nonbinder
FAAFTPVEASDLVIQ,0,IEDB_mhc2_nonbinder
YNFATCGIFALVSFL,1,IEDB_mhc2_binder
KDFKALKKCTNASSG,0,IEDB_mhc2_nonbinder
LSSKFNKFVSPKSVS,1,IEDB_mhc2_binder
KSILLIMNANTLMGR,1,IEDB_mhc2_binder
RLSIRESNSEAIADK,1,IEDB_mhc2_binder
EIKKRMMAVAESQEL,0,IEDB_mhc2_nonbinder
SRDKRNYQAIAGIWS,0,IEDB_mhc2_nonbinder
GVACIVNVGDCTIDQ,0,IEDB_mhc2_nonbinder
RDQATRFRSQLACGS,0,IEDB_mhc2_nonbinder
VKAIGALEDIDSVET,1,IEDB_mhc2_binder
TTNEKWLSICSSVLK,1,IEDB_mhc2_binder
TSKGICSCGAFKVPG,1,IEDB_mhc2_binder
LLINVQPQMGGTTVL,0,IEDB_mhc2_nonbinder
IALVAVSLIAVIKGI,1,IEDB_mhc2_binder
DFNTWRDCLEPVLDV,0,IEDB_mhc2_nonbinder
FPIPSLDYVTTICLF,1,IEDB_mhc2_binder
ISNAPGRTSAGLESFF,0,IEDB_mhc2_nonbinder
TFTRGAQKLLSEAIN,1,IEDB_mhc2_binder
EVSMVEYANGVIFGD,0,IEDB_mhc2_nonbinder
LPVRHLHTNFLDCGT,0,IEDB_mhc2_nonbinder
LVFRIVRAWLVLEWD,0,IEDB_mhc2_nonbinder
HSHMVYTSTNPHCVY,0,IEDB_mhc2_nonbinder
WGKPPVHTYLRNRKK,0,IEDB_mhc2_nonbinder
PLGLLLKNLTTSSYV,1,IEDB_mhc2_binder
PLLNILKWHLHKTVE,1,IEDB_mhc2_binder
DISKITLVLDNPGIR,0,IEDB_mhc2_nonbinder
KYTDGSRVLNYDFNK,1,IEDB_mhc2_binder
FQDPLLLSSHSHRLI,0,IEDB_mhc2_nonbinder
GIRNDVQMTLAKMAN,1,IEDB_mhc2_binder
GFTRRFKFLLNISYL,1,IEDB_mhc2_binder
VKYPNLDDLEKLTLE,0,IEDB_mhc2_nonbinder
LNRAMTADDITMGYV,1,IEDB_mhc2_binder
CQHKELVLSNESHVY,0,IEDB_mhc2_nonbinder
KSVVVPKLDELGNIV,1,IEDB_mhc2_binder
PIFTGKKVINLSELL,1,IEDB_mhc2_binder
SGLIKRAKGSINFQD,0,IEDB_mhc2_nonbinder
GDWFSCMKMILLQMN,1,IEDB_mhc2_binder
RLKGVTCRPLKHKVE,1,IEDB_mhc2_binder
KMKKLPLYENVICLR,0,IEDB_mhc2_nonbinder
SDLNCDEVHIIMKYY,0,IEDB_mhc2_nonbinder
YDDNEMKIKLLTLLD,0,IEDB_mhc2_nonbinder
VHGKVRGCAIHFELN,0,IEDB_mhc2_nonbinder
LGVSLSKDVNVLDKL,0,IEDB_mhc2_nonbinder
YTFSGSNDGDSLHPC,0,IEDB_mhc2_nonbinder
TVRLKECYVQRFFLR,1,IEDB_mhc2_binder
GEQNSEMLHGEQVED,1,IEDB_mhc2_binder
EQAYRKFDLQQEERTRD,0,IEDB_mhc2_nonbinder
IVLSSELRLSHSRTH,1,IEDB_mhc2_binder
SLPLFTGQASFDLAA,1,IEDB_mhc2_binder
SHGTLFALFLIFVIT,0,IEDB_mhc2_nonbinder
GVPVHLCNLIQKRTL,1,IEDB_mhc2_binder
KRGMDVKMGGSSGFC,0,IEDB_mhc2_nonbinder
IKNLSKQTLFTKLRS,0,IEDB_mhc2_nonbinder
HMAFDCMDLVKIVNL,0,IEDB_mhc2_nonbinder
ENKNATWCLEVSVTD,1,IEDB_mhc2_binder
LLESQGRKDIKLIDI,0,IEDB_mhc2_nonbinder
LCHMHTGVVVEKKKR,1,IEDB_mhc2_binder
VNVNRVNLWFSRSLY,0,IEDB_mhc2_nonbinder
ISVSNWTNQCSGNHL,1,IEDB_mhc2_binder
LTDFTLSIKNNKVSR,1,IEDB_mhc2_binder
CIMDQKEGLENSFVI,0,IEDB_mhc2_nonbinder
FVQNIIVKLETKDMK,1,IEDB_mhc2_binder
LFDSQTYIAISNSAQ,0,IEDB_mhc2_nonbinder
LIKTLQSKLSRNFTK,1,IEDB_mhc2_binder
VSLFSLTLSTLGRCC,0,IEDB_mhc2_nonbinder
HQTMQLNGQIPSHIM,1,IEDB_mhc2_binder
DYDNSFMPEWVNFKF,1,IEDB_mhc2_binder
NDWIIESDHLLSEML,1,IEDB_mhc2_binder
MPLVTFHLSQDCIDG,0,IEDB_mhc2_nonbinder
LLKLSDMESEQDLEK,0,IEDB_mhc2_nonbinder
NYLSSEHLSSLRNLC,1,IEDB_mhc2_binder
QMSIQLINKAVNALI,1,IEDB_mhc2_binder
LRSTNLMFSLKVISS,0,IEDB_mhc2_nonbinder
TIDFLGAVRITWPRS,0,IEDB_mhc2_nonbinder
LYLSDKGNLVELGSF,1,IEDB_mhc2_binder
SDFYGLISERFINYC,1,IEDB_mhc2_binder
ICCRLDDSKWDPISL,0,IEDB_mhc2_nonbinder
SQLELRWKSRHIKER,1,IEDB_mhc2_binder
FNSAQMYLCFKINLI,0,IEDB_mhc2_nonbinder
GFLSKEQEDVMIEGV,1,IEDB_mhc2_binder
LSVNYEKWIDDNQFP,0,IEDB_mhc2_nonbinder
NIRYLVMAIVSDFSS,1,IEDB_mhc2_binder
YSDDSPTEFTSISSN,1,IEDB_mhc2_binder
NIQYRHIIEELQSEE,0,IEDB_mhc2_nonbinder
NYLIGQEFLIYTDFC,0,IEDB_mhc2_nonbinder
ASLFLHLVGIPTHRH,1,IEDB_mhc2_binder
NRAEILPDTTYLGPL,0,IEDB_mhc2_nonbinder
SGSRSKDYLPYEENQ,0,IEDB_mhc2_nonbinder
GSYLNETHFSDDIEQ,1,IEDB_mhc2_binder
RDQVPSHIMSVLDMG,1,IEDB_mhc2_binder
TIPLKSFNCVYYWMY,0,IEDB_mhc2_nonbinder
LHQLWPYLKATSQVI,1,IEDB_mhc2_binder
IRALMNLILSEDVKS,1,IEDB_mhc2_binder
TKMTELKLSIPLDAD,0,IEDB_mhc2_nonbinder
SRCYSLYLSDKGNLV,1,IEDB_mhc2_binder
FKFGSSSKDAWSDLT,0,IEDB_mhc2_nonbinder
QIYFESYVRPFVATT,1,IEDB_mhc2_binder
VLKGMKTTSELEIEE,1,IEDB_mhc2_binder
VALDMMNENLGIISH,1,IEDB_mhc2_binder
LGNFSWFPHKDMMPS,1,IEDB_mhc2_binder
IPLSFLPDWFAFKDC,1,IEDB_mhc2_binder
LSDSEGNETPGGYCL,0,IEDB_mhc2_nonbinder
GLSTGQIRLVIRLFA,0,IEDB_mhc2_nonbinder
STDQVLRKFGNLQTL,0,IEDB_mhc2_nonbinder
KIVSWVIGNGLKIQI,0,IEDB_mhc2_nonbinder
ELCFDVRMTAYTSSD,1,IEDB_mhc2_binder
RNEWILESDHLIAEM,1,IEDB_mhc2_binder
NLLMKNKIKELMSIP,1,IEDB_mhc2_binder
VKCKTPTQLSETIDT,0,IEDB_mhc2_nonbinder
HVEILVHIKVSLPKW,0,IEDB_mhc2_nonbinder
RTKSQKSSIALFQRV,0,IEDB_mhc2_nonbinder
EDLPRQCSISIIGKA,0,IEDB_mhc2_nonbinder
KKKTLTLQFSLNISK,0,IEDB_mhc2_nonbinder
LPYDSPLFATKNPKC,0,IEDB_mhc2_nonbinder
KNVLKVGRLSAEELM,1,IEDB_mhc2_binder
NEEFVICTIMEASSM,0,IEDB_mhc2_nonbinder
GTFVAEFKSRFFVMG,1,IEDB_mhc2_binder
YSQDNTILINFGNSF,0,IEDB_mhc2_nonbinder
NAGIVVGQMLMLVND,1,IEDB_mhc2_binder
EEFTTNYLSSEHLSS,1,IEDB_mhc2_binder
DKGLDWLGYTMSNIL,0,IEDB_mhc2_nonbinder
RCGKHLVSFGHVAST,0,IEDB_mhc2_nonbinder
VQTEPRMLLMEGLKL,1,IEDB_mhc2_binder
ELKCFGNTAIAKCNL,1,IEDB_mhc2_binder
IEGRPEDPVEIALYQ,0,IEDB_mhc2_nonbinder
SGNIQDLEDSFYETH,0,IEDB_mhc2_nonbinder
QINITEGFGSHGFED,1,IEDB_mhc2_binder
VTHKLLNNNIKALIS,0,IEDB_mhc2_nonbinder
SVLMKEYDVSIYEPE,1,IEDB_mhc2_binder
ASQDDNVVGLSTMQT,0,IEDB_mhc2_nonbinder
ETEILDDADSLQLFE,0,IEDB_mhc2_nonbinder
EKYFYCGHMSQCPIG,1,IEDB_mhc2_binder
GIELLTNSNGIQYWR,1,IEDB_mhc2_binder
HTGFNVHSLPRCWLT,1,IEDB_mhc2_binder
RKKRVTLRVSTMFKY,0,IEDB_mhc2_nonbinder
FYCDPKRFFLPVFSD,1,IEDB_mhc2_binder
HCNSLVKNISEYSLL,0,IEDB_mhc2_nonbinder
LWCHKRVSVSAILLT,0,IEDB_mhc2_nonbinder
FCKSMGSKCVRDGKG,1,IEDB_mhc2_binder
QKLKISFYKTSLHDE,0,IEDB_mhc2_nonbinder
MSSEKVSKWSALFTQ,0,IEDB_mhc2_nonbinder
LEAPQCSNEVLVSDM,0,IEDB_mhc2_nonbinder
NAVNAKLTSVFNSPI,0,IEDB_mhc2_nonbinder
QPCQMAHFAYKLFIG,0,IEDB_mhc2_nonbinder
IFSEFVLLATCAEML,0,IEDB_mhc2_nonbinder
SRANWIDSHILIMIM,0,IEDB_mhc2_nonbinder
ESLLDFGMHGFEWHT,0,IEDB_mhc2_nonbinder
DLPTVTLVIIEHRKG,0,IEDB_mhc2_nonbinder
SKLLNLKHDLQKSGV,1,IEDB_mhc2_binder
SGTKLGLCRLSMRML,0,IEDB_mhc2_nonbinder
WHLVYGNLNSFSEST,0,IEDB_mhc2_nonbinder
RWTQSLRRGLSEFTT,1,IEDB_mhc2_binder
GNNPLDNLWSPFGVM,1,IEDB_mhc2_binder
VYLSPFKLTYFLEAP,1,IEDB_mhc2_binder
ELESCEAHACQANTD,0,IEDB_mhc2_nonbinder
NYSLSAAVKAGATLL,1,IEDB_mhc2_binder
TKMPEQKSGLELIAT,0,IEDB_mhc2_nonbinder
ETKKQVNLMGQTINA,1,IEDB_mhc2_binder
ALKDVGISVDHYKID,0,IEDB_mhc2_nonbinder
QEHEFRLGILSVYQE,0,IEDB_mhc2_nonbinder
YTPLVTSLKLNECIH,0,IEDB_mhc2_nonbinder
QYDVIIQHPADMSWC,1,IEDB_mhc2_binder
GTWKHLRGDPLIGFD,0,IEDB_mhc2_nonbinder
YSCNLRVSWLLSGHP,0,IEDB_mhc2_nonbinder
RIFREYFEMGIVPSH,1,IEDB_mhc2_binder
KRYVTLFTEHTADEA,0,IEDB_mhc2_nonbinder
VSVTDVTLLMAEHDR,1,IEDB_mhc2_binder
IERKRTLKQVSSISG,0,IEDB_mhc2_nonbinder
EKFIEPKVKFDCVVV,0,IEDB_mhc2_nonbinder
GTGLAKALADMNAVG,0,IEDB_mhc2_nonbinder
IPERCEFGHQKVTFL,1,IEDB_mhc2_binder
KIGVTLVPVVDGRSN,1,IEDB_mhc2_binder
TKYAAFISTIIILNV,0,IEDB_mhc2_nonbinder
KTGEKSRCYSIYLSI,1,IEDB_mhc2_binder
EKFGHLCRAHNGVIV,1,IEDB_mhc2_binder
LWPEDVYSLLKLQTC,0,IEDB_mhc2_nonbinder
LRVMTLSRKRVELTR,0,IEDB_mhc2_nonbinder
RNFMVQVVLSSMINP,1,IEDB_mhc2_binder
SWPDLLARSLITIEF,0,IEDB_mhc2_nonbinder
QMKQKGRCLRGWLGS,1,IEDB_mhc2_binder
TIHLVSLKRNSNSIV,1,IEDB_mhc2_binder
AFSKGGSLEDCHFLV,0,IEDB_mhc2_nonbinder
TLKKLSWKFMADEKE,0,IEDB_mhc2_nonbinder
GGNMLETIKVSPQTM,1,IEDB_mhc2_binder
PNIEQLKGIQSLRKL,1,IEDB_mhc2_binder
SFQEFRSNHPSKNDL,1,IEDB_mhc2_binder
PMWRNDCKMKPTKLL,0,IEDB_mhc2_nonbinder
NLLLFHLDDDAKLCK,0,IEDB_mhc2_nonbinder
DVEMTKEASREYEDK,1,IEDB_mhc2_binder
TNAMGLDVNRKAIQM,0,IEDB_mhc2_nonbinder
VDFSVCYSKSLRDLV,1,IEDB_mhc2_binder
NLNELVEFSAKQLNY,0,IEDB_mhc2_nonbinder
QEISHQTWYYLDTNI,0,IEDB_mhc2_nonbinder
KFISPKSVIGTFVAE,1,IEDB_mhc2_binder
LPLIISKVLLLTKSS,0,IEDB_mhc2_nonbinder
LSDITLQITSKPSTD,0,IEDB_mhc2_nonbinder
RRRVMIQSSGGKLRL,1,IEDB_mhc2_binder
ETFSLRMHDTWSMLP,0,IEDB_mhc2_nonbinder
PVGEIYKRWIILGLN,1,IEDB_mhc2_binder
LCNICWKPLPTTITV,1,IEDB_mhc2_binder
QTTRRFSKGVLDLSQ,0,IEDB_mhc2_nonbinder
ILIDPSSQDSKLCSV,0,IEDB_mhc2_nonbinder
AGQPPQTKLEGLLPD,0,IEDB_mhc2_nonbinder
RAHCMPLPGLDMDLW,0,IEDB_mhc2_nonbinder
LTRLVKRPMRDIRSP,1,IEDB_mhc2_binder
LTSLHGRLLGTKDNT,0,IEDB_mhc2_nonbinder
VKDNPIIGKKKKHVD,0,IEDB_mhc2_nonbinder
FSNIQDLGKKRFLLI,1,IEDB_mhc2_binder
CPVQVGFFTRVNILR,0,IEDB_mhc2_nonbinder
TADDITMGYVCSNLA,1,IEDB_mhc2_binder
YCDPKRFFLPIFSED,1,IEDB_mhc2_binder
KNGSYLNVSDFRNQW,1,IEDB_mhc2_binder
VRLWDVSDPSKLNNQ,1,IEDB_mhc2_binder
ILGAVLEAVDNWVEF,1,IEDB_mhc2_binder
PVSDLSFALDEAGPF,0,IEDB_mhc2_nonbinder
KDQSKYCHGILLKDV,1,IEDB_mhc2_binder
LFYQKTGERSRCYSL,1,IEDB_mhc2_binder
EVQLVESGGGLVQPG,1,IEDB_mhc2_binder
VSKGEVNAQVNITME,1,IEDB_mhc2_binder
RAGILRTLGFQQQRG,1,IEDB_mhc2_binder
ECYVQRFFLRVGLYG,1,IEDB_mhc2_binder
AFVGAEALNSDQIKAA,0,IEDB_mhc2_nonbinder
SWENTTVDLSTKPQQ,0,IEDB_mhc2_nonbinder
LIWPNSLNPAPSFPA,0,IEDB_mhc2_nonbinder
FETDTYNSSPIDSSS,0,IEDB_mhc2_nonbinder
AEKLLDVDPPGENFQ,0,IEDB_mhc2_nonbinder
REAMGKIDPTLTTWI,1,IEDB_mhc2_binder
MKNLGIHLEMSTLNI,0,IEDB_mhc2_nonbinder
VDDKLRDVRDGSLLN,0,IEDB_mhc2_nonbinder
ITPEEECVFYEQMKK,0,IEDB_mhc2_nonbinder
TEYDFVLVGPCTEPA,1,IEDB_mhc2_binder
IVGEVRESKIREELI,1,IEDB_mhc2_binder
AFLVRVSCLKQTSPN,0,IEDB_mhc2_nonbinder
ELALYQPDTGNYILC,1,IEDB_mhc2_binder
MHPANVMDRTFLQSL,0,IEDB_mhc2_nonbinder
KTSRGQVMVVIHLDV,0,IEDB_mhc2_nonbinder
LDECLHLLRTDSIFK,1,IEDB_mhc2_binder
QIEKVYLSLLSACNK,1,IEDB_mhc2_binder
TIEVSSIVLAFSLLPVT,0,IEDB_mhc2_nonbinder
ALSAMMLDRLGLKMQ,1,IEDB_mhc2_binder
YIASRSQIKGRAWDN,1,IEDB_mhc2_binder
MNNSLKVSQIDATLL,0,IEDB_mhc2_nonbinder
VSLIAVIKGIINLYK,1,IEDB_mhc2_binder
LWDYFTLVLTNACEI,1,IEDB_mhc2_binder
DYETREAEHLELAWH,0,IEDB_mhc2_nonbinder
LPTKLRPSAAPTAPP,1,IEDB_mhc2_binder
IVRLRNAGIVVGQML,1,IEDB_mhc2_binder
EGSVITYRISHKSRVTP,0,IEDB_mhc2_nonbinder
VTLLAIIKGIVNVWK,1,IEDB_mhc2_binder
CSVIFTRLFNRLGGK,0,IEDB_mhc2_nonbinder
QLDVNQTVEVITQIILN,0,IEDB_mhc2_nonbinder
MVTIIDPGVSDSSFT,0,IEDB_mhc2_nonbinder
LGSYEHKSRSRLGFT,1,IEDB_mhc2_binder
RIELVFRMRLGHWAS,0,IEDB_mhc2_nonbinder
EQIEFSGEMKVVGDL,0,IEDB_mhc2_nonbinder
VQISIGGLNDKSYET,0,IEDB_mhc2_nonbinder
TLVGCNNLPPDSVVL,0,IEDB_mhc2_nonbinder
KEAKTSSDTQIPGVC,0,IEDB_mhc2_nonbinder
RHSELSIESDELLLI,0,IEDB_mhc2_nonbinder
DVRISERESNSEALS,1,IEDB_mhc2_binder
MEVILPWFVMKHHNM,0,IEDB_mhc2_nonbinder
GGYCLTRWMLIEAEL,1,IEDB_mhc2_binder
HAFFGALKFKISKTG,1,IEDB_mhc2_binder
HNNKMNTCVSWEQNR,0,IEDB_mhc2_nonbinder
KNAIEKLNNQTKTAV,1,IEDB_mhc2_binder
YRLWSQGTLSRELCS,0,IEDB_mhc2_nonbinder
VGFPTHRHIQGDPCP,0,IEDB_mhc2_nonbinder
ELCDAVYLSPFKLTY,1,IEDB_mhc2_binder
QKFVDTILSENGVVA,1,IEDB_mhc2_binder
ALMDCIMFDAAVSGG,1,IEDB_mhc2_binder
KTILKSSIMPDLSDQ,0,IEDB_mhc2_nonbinder
SASYEKKNALQIELSSY,0,IEDB_mhc2_nonbinder
ASYVMVMDGTMRDLL,0,IEDB_mhc2_nonbinder
TRLVEDFTEAVANSM,1,IEDB_mhc2_binder
KEGLDRVSPALSIYL,0,IEDB_mhc2_nonbinder
NWVEFKGYALCYSKS,1,IEDB_mhc2_binder
DIEGPPNDPVEFAIY,0,IEDB_mhc2_nonbinder
KLFGNLNVELGKSRK,0,IEDB_mhc2_nonbinder
LEFHSHLSGLLNKFI,1,IEDB_mhc2_binder
SEYSRLCESLSMTSG,1,IEDB_mhc2_binder
DKHLVGVLKLRMSET,0,IEDB_mhc2_nonbinder
APFHWLDLGDYPRVC,0,IEDB_mhc2_nonbinder
KDGTFAIQMALESCD,0,IEDB_mhc2_nonbinder
KFKLRRKMVYSYTIV,1,IEDB_mhc2_binder
DMLKLFEFNKKAIET,1,IEDB_mhc2_binder
DSEVLFSYNKLKGPG,0,IEDB_mhc2_nonbinder
FTNFKVAYSKSLKEL,1,IEDB_mhc2_binder
LLFFLALSICARISS,0,IEDB_mhc2_nonbinder
IMYQSVMDGKMVDEE,1,IEDB_mhc2_binder
VLSDLIGPMVYVPLV,0,IEDB_mhc2_nonbinder
VRGGSGKTLCCVLRF,0,IEDB_mhc2_nonbinder
DDILALSREAVESCP,0,IEDB_mhc2_nonbinder
NLTGLVSTGSRTRTN,1,IEDB_mhc2_binder
KRSLTKNVSNESQMT,0,IEDB_mhc2_nonbinder
TRWMLIEAELKCFGN,1,IEDB_mhc2_binder
SKLMFKVRLSKEFCY,0,IEDB_mhc2_nonbinder
LCLNKLESKDEYNGR,0,IEDB_mhc2_nonbinder
FVMTQLPGAKIISSR,0,IEDB_mhc2_nonbinder
DIKLIDVEMTKEASR,1,IEDB_mhc2_binder
GSNRALINEIDLEGE,0,IEDB_mhc2_nonbinder
VVYARRPRGLNQQEF,0,IEDB_mhc2_nonbinder
TASPPYSLAERPRGF,0,IEDB_mhc2_nonbinder
PLASIAELIIIHIAN,0,IEDB_mhc2_nonbinder
RNIENSFGNQELLRL,1,IEDB_mhc2_binder
GLFIDAGYAATNDDN,1,IEDB_mhc2_binder
CFHEFLSSKLNKFVS,1,IEDB_mhc2_binder
MMTNRFKFILNISYM,1,IEDB_mhc2_binder
EFGFRALHALRPSSQ,1,IEDB_mhc2_binder
WENTVVDLESDGKPQ,0,IEDB_mhc2_nonbinder
CKINLCLSKDTIYCH,0,IEDB_mhc2_nonbinder
MCISLSTAIELGAWV,1,IEDB_mhc2_binder
TAVAKCNEKHDEEFC,1,IEDB_mhc2_binder
KLSKLKMDALDDELE,0,IEDB_mhc2_nonbinder
TEEELDDMIYNAKKF,1,IEDB_mhc2_binder
PSQSLLRHCHILTWG,0,IEDB_mhc2_nonbinder
RFFVWGDEVPLLTKF,1,IEDB_mhc2_binder
DDLTMGYVVSTISEP,0,IEDB_mhc2_nonbinder
TFRGRVLDMFRTAFG,1,IEDB_mhc2_binder
HLLKAKDNSIYIVKQ,1,IEDB_mhc2_binder
NSSDLYGLITEQFIN,1,IEDB_mhc2_binder
IMFQSVLDGKLYEEE,1,IEDB_mhc2_binder
SNAWGLEFFFVSFDK,0,IEDB_mhc2_nonbinder
CFRQPESVMVQGNVI,0,IEDB_mhc2_nonbinder
KKFLSLLTSSFNNGS,1,IEDB_mhc2_binder
INLLLPKVSFGSNSG,0,IEDB_mhc2_nonbinder
IVKWKREEHYIVLSS,1,IEDB_mhc2_binder
EQQTVNSTKQVAILK,1,IEDB_mhc2_binder
KNSHQDLWSQLEKLI,1,IEDB_mhc2_binder
RGGLPLNGCKLCSNY,0,IEDB_mhc2_nonbinder
LWSEIGSKCMGYLMP,0,IEDB_mhc2_nonbinder
WLGNSVRSCELAHPR,0,IEDB_mhc2_nonbinder
AVKAGASLIDGGNML,1,IEDB_mhc2_binder
FRRKKVIGTLNNLKT,0,IEDB_mhc2_nonbinder
SIMDFDVSGVTPTIS,1,IEDB_mhc2_binder
AKSSRMKKLGMADLD,0,IEDB_mhc2_nonbinder
IQRLSVKIVDMVLSD,1,IEDB_mhc2_binder
QEALNIALVAVSLIA,1,IEDB_mhc2_binder
CGHMSQCPIGELTKA,1,IEDB_mhc2_binder
LPVKAKNWNNFQLFV,0,IEDB_mhc2_nonbinder
SGGSKLLVLTNTLYI,0,IEDB_mhc2_nonbinder
AFKDCRLCFSKSKNT,0,IEDB_mhc2_nonbinder
VPFNVAQAYCIGKLK,1,IEDB_mhc2_binder
LVEQVFGIKLKKELY,0,IEDB_mhc2_nonbinder
KELLNTPYCNYTKFW,1,IEDB_mhc2_binder
KTGEKSRCYSLYLSD,1,IEDB_mhc2_binder
CEICEKKPKVIYCQK,1,IEDB_mhc2_binder
ARCHLINKNFWCCTN,0,IEDB_mhc2_nonbinder
VYYTFIKKLVKMRSR,0,IEDB_mhc2_nonbinder
IGRSTELQNITFDML,1,IEDB_mhc2_binder
IGLFGRQTQALGRRQ,0,IEDB_mhc2_nonbinder
SYNSVGPDTGRLKFS,1,IEDB_mhc2_binder
KNLTGLVSAGPKAKS,1,IEDB_mhc2_binder
QTPGVCKELLNYCVS,1,IEDB_mhc2_binder
LSIDSKLLKGLNARL,0,IEDB_mhc2_nonbinder
SAALRNLCFYSEDSP,0,IEDB_mhc2_nonbinder
DTDDLWRNPGGYVLN,0,IEDB_mhc2_nonbinder
ASCNFTLDYLNAKFR,0,IEDB_mhc2_nonbinder
LVLKNLTNLVSANVP,1,IEDB_mhc2_binder
YSKFRSPQPNIVAAT,1,IEDB_mhc2_binder
VEGSINRNKLNSSSQ,0,IEDB_mhc2_nonbinder
EKSNYLRSTFREISL,0,IEDB_mhc2_nonbinder
EENLINLISRGGDEA,1,IEDB_mhc2_binder
TPNNFSSIVKAALNV,1,IEDB_mhc2_binder
TEGFMRKQKYKLRHS,1,IEDB_mhc2_binder
GEWIEFTNFKVAYSK,1,IEDB_mhc2_binder
DCIMFSAVISGSVSN,1,IEDB_mhc2_binder
SAKLSQTVRFRIKSQ,1,IEDB_mhc2_binder
VEKIMEDFSDHVKEA,0,IEDB_mhc2_nonbinder
TFDMLKVFEDHPTSC,1,IEDB_mhc2_binder
YQIKRQTVKRNLPQN,0,IEDB_mhc2_nonbinder
TIKLDSEEYHLLYQK,1,IEDB_mhc2_binder
TVLYSSRFKELNSDK,0,IEDB_mhc2_nonbinder
AAAFSYQTCSLEDKN,0,IEDB_mhc2_nonbinder
GFLFYQKTGERSRCY,1,IEDB_mhc2_binder
LVSKYLADNERLSRQ,1,IEDB_mhc2_binder
ELQLKDFAIFNNNKN,0,IEDB_mhc2_nonbinder
SCVTSLVEMFKTKGR,0,IEDB_mhc2_nonbinder
ERAEAWRQKLHGRL,1,IEDB_mhc2_binder
MEEQGKRPLLTYGQK,0,IEDB_mhc2_nonbinder
FANLLYILAMQQGYR,0,IEDB_mhc2_nonbinder
TLFMTVVEEKDSVLR,0,IEDB_mhc2_nonbinder
LRPQGSLEVFVIHKL,0,IEDB_mhc2_nonbinder
VSQFSKPILWDYFSL,1,IEDB_mhc2_binder
RSRPGQWSVRFLLET,0,IEDB_mhc2_nonbinder
ETPALNLRSTNTLFK,0,IEDB_mhc2_nonbinder
HLKISTSNRGSLLQS,0,IEDB_mhc2_nonbinder
TKTAVNMLTHSINSL,1,IEDB_mhc2_binder
SKLHLISLLSLLVIW,0,IEDB_mhc2_nonbinder
SFNVVGTLMIVDGRK,0,IEDB_mhc2_nonbinder
KYASIGYECVLGVFS,0,IEDB_mhc2_nonbinder
ETVIIGICNDCQVGA,0,IEDB_mhc2_nonbinder
VQRGAVQRKKRLATQ,0,IEDB_mhc2_nonbinder
LFNENLSKVANYDVL,0,IEDB_mhc2_nonbinder
PYKLVVASEKPCYDE,0,IEDB_mhc2_nonbinder
LPKNCVVPNVKVPDF,0,IEDB_mhc2_nonbinder
TSLENNFDEPPLPTT,0,IEDB_mhc2_nonbinder
GRGNWDCIMTSYQYL,1,IEDB_mhc2_binder
FNKGRLRVNGTLGTD,1,IEDB_mhc2_binder
GDLRLVLRTKLMTSR,1,IEDB_mhc2_binder
PQLLENKIGKSRLQI,0,IEDB_mhc2_nonbinder
KLCPLKPTTLKIYPS,0,IEDB_mhc2_nonbinder
SEKEFERAICDMKMA,1,IEDB_mhc2_binder
QSTLRKNFKSTIVGT,0,IEDB_mhc2_nonbinder
SLKHIYLIFCNFTLF,0,IEDB_mhc2_nonbinder
IFLSKDLQADIKGRD,1,IEDB_mhc2_binder
LVKPSKFEATPDRLL,0,IEDB_mhc2_nonbinder
DYSLNINNFDRWKSN,0,IEDB_mhc2_nonbinder
KETRCMKVLPKINRL,0,IEDB_mhc2_nonbinder
LMSINGVVVFRNSDE,0,IEDB_mhc2_nonbinder
QVCLDLHGVKDIIFS,0,IEDB_mhc2_nonbinder
QGILHNTSDLYGLIT,1,IEDB_mhc2_binder
LNMIGMSGGNQGAQT,1,IEDB_mhc2_binder
ELFGFQSRIVKVLPS,0,IEDB_mhc2_nonbinder
KGRTCEELIEKDEHI,0,IEDB_mhc2_nonbinder
SDFYALISERFINYA,1,IEDB_mhc2_binder
DSIFKANDGVFDIRS,1,IEDB_mhc2_binder
DSFKLLTSRWFSKAS,0,IEDB_mhc2_nonbinder
LDPNAKTWMDIEGRP,0,IEDB_mhc2_nonbinder
CVALDMMNENLGIVS,1,IEDB_mhc2_binder
FFQEKVAADAGWVFS,0,IEDB_mhc2_nonbinder
MIQFDNGKIMHLNVL,0,IEDB_mhc2_nonbinder
EMHRESLLKSLEVFS,1,IEDB_mhc2_binder
LGGNMVIKSGAAALD,0,IEDB_mhc2_nonbinder
QDMVITTQGSDDIRK,0,IEDB_mhc2_nonbinder
PVAKTAEMACIDSCL,0,IEDB_mhc2_nonbinder
INGTNFILALCIIFV,0,IEDB_mhc2_nonbinder
VGDLNTKLMTRLVED,1,IEDB_mhc2_binder
QRALRKTKRGEEDLN,0,IEDB_mhc2_nonbinder
LKSDDIALVKAVTNA,0,IEDB_mhc2_nonbinder
DCCMEILGAVLEAVD,1,IEDB_mhc2_binder
NMIKKKIGAAKFELS,0,IEDB_mhc2_nonbinder
KIKGLKVFNTRRNTL,1,IEDB_mhc2_binder
DFVLGQLINEKKDYS,0,IEDB_mhc2_nonbinder
RSNHPSKNDLSDILK,0,IEDB_mhc2_nonbinder
IVIRFKGREGRAKLK,0,IEDB_mhc2_nonbinder
NDSKLLKMVTSVIKN,0,IEDB_mhc2_nonbinder
RHHIIGGLLLGNENR,0,IEDB_mhc2_nonbinder
AMLKNLCFYSQESPQ,1,IEDB_mhc2_binder
GEWVFSDVKSPSAPP,1,IEDB_mhc2_binder
EELLIKRITKSWERK,0,IEDB_mhc2_nonbinder
MCLDYIECHQAPSLS,0,IEDB_mhc2_nonbinder
IKTAELDESIRKVMD,0,IEDB_mhc2_nonbinder
LYQTMSLAEELEEES,0,IEDB_mhc2_nonbinder
HDDKETSFIRNCARK,1,IEDB_mhc2_binder
ENSVVKPVVSAKFGF,0,IEDB_mhc2_nonbinder
FKLSSSEPHCALLDC,1,IEDB_mhc2_binder
VQSLLTGLWPFIRIN,1,IEDB_mhc2_binder
KVKEFEILRGEHFVK,0,IEDB_mhc2_nonbinder
KSRTLKSFFAWSLSD,1,IEDB_mhc2_binder
LCHLVTKETPDRLTD,1,IEDB_mhc2_binder
GNFVQTDRKSLLQTL,1,IEDB_mhc2_binder
CWEQLPTCITVPEEP,1,IEDB_mhc2_binder
QSDNTMGDVVQALTS,1,IEDB_mhc2_binder
THGLASVVVHTKMTK,1,IEDB_mhc2_binder
LLTKFVAAALHNIKC,1,IEDB_mhc2_binder
RCWLIKNNSYLNISD,1,IEDB_mhc2_binder
IIFCSDALTLIPEFS,1,IEDB_mhc2_binder
PTLPKVIPDGFKLTG,1,IEDB_mhc2_binder
FDFNKQAIQRLKAEA,1,IEDB_mhc2_binder
EADKLEDDLADICFD,0,IEDB_mhc2_nonbinder
INHDNGPLIMKCYRM,0,IEDB_mhc2_nonbinder
KLLSNKTISIPQCKL,0,IEDB_mhc2_nonbinder
LETEVDAVRSNAMFT,0,IEDB_mhc2_nonbinder
SLSSLDKLDKWKMLN,0,IEDB_mhc2_nonbinder
RLSTYKVEFTGDLVV,1,IEDB_mhc2_binder
LKASKKYNSLVFTEF,0,IEDB_mhc2_nonbinder
FLKAVALECMCEMWK,0,IEDB_mhc2_nonbinder
RKSGLIVGQMVMLVN,1,IEDB_mhc2_binder
EKESQLILTIFPTKQ,0,IEDB_mhc2_nonbinder
AVNLTGCMKFKVMAA,0,IEDB_mhc2_nonbinder
SKNIAILRHPVTTDY,0,IEDB_mhc2_nonbinder
EKEKSDIVLLKDQLK,0,IEDB_mhc2_nonbinder
AGAKNAKVDKAEY,0,IEDB_mhc2_nonbinder
DKSGCIHNHDDKSVE,0,IEDB_mhc2_nonbinder
SMINPLVMSTSCLKS,1,IEDB_mhc2_binder
RVLEREQIPTLIKTL,1,IEDB_mhc2_binder
SLRKLSSVCLALTNS,1,IEDB_mhc2_binder
FSKYFGNVRLRECYA,1,IEDB_mhc2_binder
RPGVSKKFLSLLTSS,1,IEDB_mhc2_binder
NLKPLNKNTGSMGDE,0,IEDB_mhc2_nonbinder
AHHLPPGLTKPRCEH,0,IEDB_mhc2_nonbinder
LQLVGIQRAGLAPTG,1,IEDB_mhc2_binder
EIDQVLVTQSFTFIQ,0,IEDB_mhc2_nonbinder
NGVIVPKKKNKEANS,0,IEDB_mhc2_nonbinder
LIIITSIKAVYNFAT,1,IEDB_mhc2_binder
RLIHSLSNTKNQSLG,1,IEDB_mhc2_binder
LDSQLNRLKSLTDDLQR,1,IEDB_mhc2_binder
MEKGMDPFHHVMLRK,0,IEDB_mhc2_nonbinder
SMTSGRLSGVESLNV,1,IEDB_mhc2_binder
NVKCKTPTQLSETID,0,IEDB_mhc2_nonbinder
IQLYSMLDGLNGLHD,0,IEDB_mhc2_nonbinder
KPILWDYFSLVLTNA,1,IEDB_mhc2_binder
LKGVMCRPLASTPQV,1,IEDB_mhc2_binder
ETVEKIVDQYREPVK,0,IEDB_mhc2_nonbinder
YSGYKETPFLTIVNQ,1,IEDB_mhc2_binder
EVKDFDPDVLPPEVY,0,IEDB_mhc2_nonbinder
AYVSDFYHKDLIDKI,1,IEDB_mhc2_binder
TFQEEKIPSLIKTLQ,1,IEDB_mhc2_binder
ESEKEVQSLLTGLWP,0,IEDB_mhc2_nonbinder
NLNDLEKLKDKHPVL,0,IEDB_mhc2_nonbinder
IALIAVSIISILKGV,1,IEDB_mhc2_binder
IGWQEFALVFSDELA,0,IEDB_mhc2_nonbinder
SPFLLPKSKVDLFLE,0,IEDB_mhc2_nonbinder
TKMKWSPRIKFLDLC,1,IEDB_mhc2_binder
IRSARTLQLGKFGLE,0,IEDB_mhc2_nonbinder
IFWQDMHSVANLWGQ,0,IEDB_mhc2_nonbinder
KMKLDSKIILANLEN,0,IEDB_mhc2_nonbinder
LCVGKRIDLPFQDTT,0,IEDB_mhc2_nonbinder
FLIDTNQLGHVTPVE,1,IEDB_mhc2_binder
ILKGVINIWGSGLLQ,1,IEDB_mhc2_binder
CEFEKPFFIQIVKKK,0,IEDB_mhc2_nonbinder
LFDGGSIASFELSRL,0,IEDB_mhc2_nonbinder
LSCSHFFKGEIDRRL,1,IEDB_mhc2_binder
YALDLLYDVIPVTYT,1,IEDB_mhc2_binder
CPLALFDASHCLIQM,0,IEDB_mhc2_nonbinder
GKRKYKLIVDGGSFC,0,IEDB_mhc2_nonbinder
HLSIPNFNQYEAMSC,1,IEDB_mhc2_binder
SASGKLQLSRSLERV,0,IEDB_mhc2_nonbinder
INAFALAAGYVDAKESQ,0,IEDB_mhc2_nonbinder
ELQNITFDMLKVFED,1,IEDB_mhc2_binder
NFAEDLFCRMNLKYD,0,IEDB_mhc2_nonbinder
DLDQGKFYIGFLKQL,0,IEDB_mhc2_nonbinder
GEPLVLKEGIFYRGN,1,IEDB_mhc2_binder
AIAFDAGSLAKVLSS,0,IEDB_mhc2_nonbinder
ILEDLQSSITILSGQ,0,IEDB_mhc2_nonbinder
QGVSVLSEFKTILMA,0,IEDB_mhc2_nonbinder
TLKASYTADNFQVLL,0,IEDB_mhc2_nonbinder
TDNLGIYSNQFIESL,0,IEDB_mhc2_nonbinder
CSRTLKNSHQDLWSQ,1,IEDB_mhc2_binder
ISDSSGSLRLKGITC,1,IEDB_mhc2_binder
RSRSRLGFSSEVLKL,1,IEDB_mhc2_binder
KSVDINLIPLIDGRT,1,IEDB_mhc2_binder
SQNRKDIKLIDVEMT,0,IEDB_mhc2_nonbinder
DVNLMIFMVLILSLD,0,IEDB_mhc2_nonbinder
VSPLNIIYPCMYPAT,0,IEDB_mhc2_nonbinder
NKIKTGSFKRINMRC,0,IEDB_mhc2_nonbinder
KKYNISPSLGENLQI,0,IEDB_mhc2_nonbinder
SITDKMDGSAKTRMK,0,IEDB_mhc2_nonbinder
CSNSHVNTLRFLVKN,1,IEDB_mhc2_binder
KTSPKGLEYLVPNNR,0,IEDB_mhc2_nonbinder
RLRDLNQAVNNLVEL,1,IEDB_mhc2_binder
LQLSGSCLNNEKEFE,1,IEDB_mhc2_binder
WDLNFSIYVLPLACT,0,IEDB_mhc2_nonbinder
ECGKKLASFTPVIQD,1,IEDB_mhc2_binder
KHKLIVQTRVEISTL,0,IEDB_mhc2_nonbinder
RESKIREELIKLKTW,1,IEDB_mhc2_binder
NVVRDRYGLSLWALF,0,IEDB_mhc2_nonbinder
RKFYNEEGYVRLIQG,0,IEDB_mhc2_nonbinder
DGKGGFLYIKDIFTR,1,IEDB_mhc2_binder
WMLIAAKMKCFGNTA,1,IEDB_mhc2_binder
FLVKCQLQNPGVADL,1,IEDB_mhc2_binder
QRDPEEFKTLIEFHY,1,IEDB_mhc2_binder
PPKDKLGLSLCEHFA,0,IEDB_mhc2_nonbinder
EIKKAIGASLISNKK,0,IEDB_mhc2_nonbinder
TLWSRWIEDVRLETL,0,IEDB_mhc2_nonbinder
SKEEKDTNGTDRAEI,0,IEDB_mhc2_nonbinder
SLVSHIVKWKREEHY,1,IEDB_mhc2_binder
ATSKVSRLLLSLNSM,0,IEDB_mhc2_nonbinder
LGNLFLHRFRIGEHL,1,IEDB_mhc2_binder
GMFMIDNQKLSYLKV,1,IEDB_mhc2_binder
KVFNTRRNTLLFLDL,1,IEDB_mhc2_binder
SQVTNMLLPVVSLSL,0,IEDB_mhc2_nonbinder
LNVYIIRGHDLNSKV,0,IEDB_mhc2_nonbinder
RYTKIGLDKTDDPFN,0,IEDB_mhc2_nonbinder
RFFLPIFSEDVLIEM,1,IEDB_mhc2_binder
YTNFLRGKPDLIFIV,0,IEDB_mhc2_nonbinder
WKSDMSKLLNLKSDL,1,IEDB_mhc2_binder
EFGHQKVTFLSQVHP,1,IEDB_mhc2_binder
YNTSFVSDWTTERLR,1,IEDB_mhc2_binder
LPWNDMHFFPKSSGM,0,IEDB_mhc2_nonbinder
LAHPSKRSQKLLQNL,1,IEDB_mhc2_binder
IGKLKRSLGLMECQC,1,IEDB_mhc2_binder
TVKSDVLKDAKLIAD,1,IEDB_mhc2_binder
GGETMNNVVQALTSL,1,IEDB_mhc2_binder
QSALFGSDLAFATPL,0,IEDB_mhc2_nonbinder
PGEFQHLLEKFEELV,0,IEDB_mhc2_nonbinder
VVENSQKRLAEASGL,0,IEDB_mhc2_nonbinder
VQGLTDLGLLYTAKY,1,IEDB_mhc2_binder
RNKSAAADLLREESISA,0,IEDB_mhc2_nonbinder
SYTIVSSLGVDDVGT,1,IEDB_mhc2_binder
CDMKMAVNNGDLSCS,1,IEDB_mhc2_binder
LCFYSQESPQSYNSV,1,IEDB_mhc2_binder
NGVLEEQGSFYCDPK,0,IEDB_mhc2_nonbinder
KYNVGSLHKSLICLL,0,IEDB_mhc2_nonbinder
FTSAIKDQCGLDEMA,1,IEDB_mhc2_binder
QIWLSQWFMNAVGHD,1,IEDB_mhc2_binder
LVHCTVKLNPQGILR,0,IEDB_mhc2_nonbinder
EERQKNELNYLLLDH,0,IEDB_mhc2_nonbinder
FLTRGKNIQLPRRSL,1,IEDB_mhc2_binder
SFDDIAVLLPQYDVI,1,IEDB_mhc2_binder
YLKELYNNVNKCGCC,1,IEDB_mhc2_binder
TSFIRNCARKVFNDI,1,IEDB_mhc2_binder
WSISAKRLMKLLILE,0,IEDB_mhc2_nonbinder
RHESSHWNLPECKII,0,IEDB_mhc2_nonbinder
FTLVIDKMQNEELDF,0,IEDB_mhc2_nonbinder
LTALAVSQLTEVFSR,1,IEDB_mhc2_binder
RDTLFSLLKYAQESN,1,IEDB_mhc2_binder
IGSINAKYLQEITKF,0,IEDB_mhc2_nonbinder
SKLAVECKSSSEIQL,0,IEDB_mhc2_nonbinder
KTKRGEEDLNKLRDL,0,IEDB_mhc2_nonbinder
LVMCWPQRLSMKTTS,0,IEDB_mhc2_nonbinder
TLLKDKKSGDIMALS,0,IEDB_mhc2_nonbinder
GLEDVNSPLVVVKKI,0,IEDB_mhc2_nonbinder
RIANQTSLENNFDEP,0,IEDB_mhc2_nonbinder
WLSICSSVLKRYDLE,1,IEDB_mhc2_binder
LDTSIEAKYLESTLE,0,IEDB_mhc2_nonbinder
FWAVKPRGTRLIEDQ,1,IEDB_mhc2_binder
KNLYDHALMSIISTF,1,IEDB_mhc2_binder
KAAAPDCCMEILGAV,1,IEDB_mhc2_binder
GFGFCSLEGSTLESM,0,IEDB_mhc2_nonbinder
GAKLLVETAVDLIGL,0,IEDB_mhc2_nonbinder
TKIIMKQFLTSTALN,0,IEDB_mhc2_nonbinder
IFSEDVLIEMCEEMT,0,IEDB_mhc2_nonbinder
SQTTAAPSCPEGT,0,IEDB_mhc2_nonbinder
WIFRALKYDFNHDPT,1,IEDB_mhc2_binder
KEPHQLAETIDTIID,0,IEDB_mhc2_nonbinder
SPNLVHEWRSKKNIC,0,IEDB_mhc2_nonbinder
EGFKLLSSLVELESC,1,IEDB_mhc2_binder
RFKKRDRSGFGLDLF,0,IEDB_mhc2_nonbinder
IGRHQLSHCPDALKLV,0,IEDB_mhc2_nonbinder
THLYMNQVQVDGKSA,0,IEDB_mhc2_nonbinder
PEIWHHLSTLIKQPD,1,IEDB_mhc2_binder
LHTEFQSVTLTMQRL,1,IEDB_mhc2_binder
TLAADLEKLKSKVIR,1,IEDB_mhc2_binder
DQNLKLCCSMNEWIL,0,IEDB_mhc2_nonbinder
EFTSTRIKELGEVRT,0,IEDB_mhc2_nonbinder
DQSMSWINSQDFLKW,0,IEDB_mhc2_nonbinder
CDMLRLFDFNKNAIE,1,IEDB_mhc2_binder
VWNKLCVNSQSQITN,0,IEDB_mhc2_nonbinder
PSLGWLWSPGLEIVI,0,IEDB_mhc2_nonbinder
EIFGDTIIKALGALD,1,IEDB_mhc2_binder
YELGALSSQGLILVP,0,IEDB_mhc2_nonbinder
GTSSINPTESTNFLK,0,IEDB_mhc2_nonbinder
MGQFISFMQEIPTFL,1,IEDB_mhc2_binder
DEFFDCFKYILIQAG,1,IEDB_mhc2_binder
QESQELAGMRLIVVF,0,IEDB_mhc2_nonbinder
SPQQICSNFKIQLVF,1,IEDB_mhc2_binder
VEKVIHKGVERPMFK,1,IEDB_mhc2_binder
KDEVEEELFMYIKAS,0,IEDB_mhc2_nonbinder
CSLLYADFTRENANF,0,IEDB_mhc2_nonbinder
VGGYDIPLTVLLNKV,0,IEDB_mhc2_nonbinder
AEELPLIDPSYVKLQ,0,IEDB_mhc2_nonbinder
IEDKLPELPLFLCLL,0,IEDB_mhc2_nonbinder
IKNGPVILKKSSSSF,0,IEDB_mhc2_nonbinder
CLAWFETGEVVITNL,0,IEDB_mhc2_nonbinder
KYTNSNDFYGLRVKD,0,IEDB_mhc2_nonbinder
LDVPSLVAGYIGMLP,0,IEDB_mhc2_nonbinder
LYVVDPAYIYLTLDT,0,IEDB_mhc2_nonbinder
SLDEHYHIRVHLVK,0,IEDB_mhc2_nonbinder
NKEVDRLMSMKSVQN,1,IEDB_mhc2_binder
SECAVAHIRQVEYVN,1,IEDB_mhc2_binder
FENIECLKRVHLNYE,1,IEDB_mhc2_binder
DIDKLVAATVKSLDK,0,IEDB_mhc2_nonbinder
IEALPRNMVITCQGS,1,IEDB_mhc2_binder
LLMNLLHSIQATVGV,0,IEDB_mhc2_nonbinder
VKLSGFVTTHFHNEG,0,IEDB_mhc2_nonbinder
VPNIIHEAINIALIA,1,IEDB_mhc2_binder
YNNVNKCGCCICLEW,0,IEDB_mhc2_nonbinder
IGNTVTPTVTFTMDGDK,0,IEDB_mhc2_nonbinder
ALKVQENARVSTRES,1,IEDB_mhc2_binder
KRREGMFIDERPGNR,0,IEDB_mhc2_nonbinder
HRWHNAHVVKHKGIY,1,IEDB_mhc2_binder
RSKQFSLLYGCYRTE,0,IEDB_mhc2_nonbinder
HLEGQEIPMSLSVLK,0,IEDB_mhc2_nonbinder
LYACVNRSGELQEQV,0,IEDB_mhc2_nonbinder
VASGFIGFCKSMGSK,1,IEDB_mhc2_binder
DRTELLEMVCFHEFL,1,IEDB_mhc2_binder
NNKLTAHEVKLQIEE,1,IEDB_mhc2_binder
FEIRFFPSDLLMEVI,0,IEDB_mhc2_nonbinder
QQQRGAGNGVVRIWD,0,IEDB_mhc2_nonbinder
LSYDQLLDSSLLVGV,1,IEDB_mhc2_binder
KSLLNQCLFSQTPGR,0,IEDB_mhc2_nonbinder
YQLSMRIANQTSLEN,1,IEDB_mhc2_binder
WKAVGGTVRPEKLEN,0,IEDB_mhc2_nonbinder
RCWYKFIHYVPNNTY,0,IEDB_mhc2_nonbinder
HDLYKKQLTKSIESF,1,IEDB_mhc2_binder
KKAVNLAQILMDNDL,1,IEDB_mhc2_binder
SLRFDETSLVNCIVS,0,IEDB_mhc2_nonbinder
QLQNPGVADLLSCSH,1,IEDB_mhc2_binder
RVTSLAGLDLKLLRF,0,IEDB_mhc2_nonbinder
AQTTANPSCPEGT,0,IEDB_mhc2_nonbinder
RESLESLWAPFGVLR,1,IEDB_mhc2_binder
DSLMILAQALVSDRP,1,IEDB_mhc2_binder
YLQALSVCNKVKGLK,1,IEDB_mhc2_binder
NLADSDDILALSREA,1,IEDB_mhc2_binder
GSLIVNPSLNGFLSK,1,IEDB_mhc2_binder
RYLDVCVALDMMNEN,1,IEDB_mhc2_binder
FQLNLTDSPETHHYR,1,IEDB_mhc2_binder
VTQMKSLVTKPFRMV,1,IEDB_mhc2_binder
IKGRDYLSTLLMWHM,1,IEDB_mhc2_binder
ELWSTGSRLFRTLDT,0,IEDB_mhc2_nonbinder
LHTEFQTVSFSMVGL,1,IEDB_mhc2_binder
PVPGAAGPPQVGLSY,0,IEDB_mhc2_nonbinder
GNVRLRECYAQRFYL,1,IEDB_mhc2_binder
SCLDGKLCLMKAQPT,1,IEDB_mhc2_binder
ISMGKSGLELTFTND,1,IEDB_mhc2_binder
EYLVAFADEGGENKE,0,IEDB_mhc2_nonbinder
YIIKLNCPLNAKSKN,0,IEDB_mhc2_nonbinder
GQNKGTGLQVARQGF,0,IEDB_mhc2_nonbinder
PLCKYPLPTKLKIST,1,IEDB_mhc2_binder
RNTLLFLDLIILNFV,0,IEDB_mhc2_nonbinder
QSKFSNSAVAGSFIG,0,IEDB_mhc2_nonbinder
EVPTGPCTFVDYELA,0,IEDB_mhc2_nonbinder
ENIHMQTEFDDSAQD,0,IEDB_mhc2_nonbinder
IPYCNYSKYWYLNHT,1,IEDB_mhc2_binder
STGKTSLPKCWLVSN,1,IEDB_mhc2_binder
LLLLCSPSKRNQTFL,1,IEDB_mhc2_binder
KCLLSLFVDVRPIDA,0,IEDB_mhc2_nonbinder
KMPVFQSMLTRVTKM,0,IEDB_mhc2_nonbinder
PYLKATSQVILFQQE,1,IEDB_mhc2_binder
LFHVGRAMIEESEVK,0,IEDB_mhc2_nonbinder
TLILLETFVRVNPDD,1,IEDB_mhc2_binder
EAMSCDFNGGKISVQ,1,IEDB_mhc2_binder
CIANGVSTKIVTRIS,1,IEDB_mhc2_binder
MLNTNLTTCPESNMK,0,IEDB_mhc2_nonbinder
SRYFGNVRLRECYVQ,1,IEDB_mhc2_binder
DAMPGVLSYVIGLLP,1,IEDB_mhc2_binder
AKTNNQSLGFENLEC,0,IEDB_mhc2_nonbinder
TFLANLNLTEPKSRT,1,IEDB_mhc2_binder
WFELEYEFTKVRLGP,0,IEDB_mhc2_nonbinder
RLSHVTMEVGAEQLE,0,IEDB_mhc2_nonbinder
SISLALVNSMKTSFS,1,IEDB_mhc2_binder
ASPNKKTDILAVDSL,0,IEDB_mhc2_nonbinder
ESMFCPTVVIIYASF,0,IEDB_mhc2_nonbinder
NKGDKYYHHQDLSTK,1,IEDB_mhc2_binder
NLLYYLRSRAYKFFV,0,IEDB_mhc2_nonbinder
QCGGDFSNTPDCISY,0,IEDB_mhc2_nonbinder
ADSVKGRFTISRDNS,1,IEDB_mhc2_binder
TAVNSLISDNTLMKN,1,IEDB_mhc2_binder
KAKMCEEMSRDFEIA,0,IEDB_mhc2_nonbinder
IAASVHLISIEINAL,0,IEDB_mhc2_nonbinder
LRYFGVSLMGLCLSA,0,IEDB_mhc2_nonbinder
AKYPNSSDLDRLTQS,0,IEDB_mhc2_nonbinder
DKAAKNSTLNTMNRV,0,IEDB_mhc2_nonbinder
CTTPLVIKSMAFAQG,0,IEDB_mhc2_nonbinder
NGGSESLSVTRMLSV,0,IEDB_mhc2_nonbinder
CRNLDLEMMDNVVYA,0,IEDB_mhc2_nonbinder
IEHYLQGSEQLEFVR,1,IEDB_mhc2_binder
AISLEEFGHSFNIPI,0,IEDB_mhc2_nonbinder
ISCICGGTIDAYTSS,1,IEDB_mhc2_binder
LEMVCFHEFLSSKLN,1,IEDB_mhc2_binder
PTQLSETIDTICDQC,0,IEDB_mhc2_nonbinder
LSSIKVELTGDVILK,1,IEDB_mhc2_binder
CNYTKFWYVNHTGFN,1,IEDB_mhc2_binder
MLDSINKTHRPITQL,0,IEDB_mhc2_nonbinder
AELVDEKLMQATLFI,0,IEDB_mhc2_nonbinder
FLYANVGEEAEKGED,1,IEDB_mhc2_binder
LSNLSHDINSLNTMI,0,IEDB_mhc2_nonbinder
WRFASYSITLVNLDL,0,IEDB_mhc2_nonbinder
IALYQPSSGCYIHFF,1,IEDB_mhc2_binder
PFQVVAKNRNWFKAK,0,IEDB_mhc2_nonbinder
MGNKQAKAPETKDSP,0,IEDB_mhc2_nonbinder
PQGQFRLKGVTCRPL,1,IEDB_mhc2_binder
TCNDHYLCLRCHQTM,1,IEDB_mhc2_binder
EQGSFYCDPKRFFLP,0,IEDB_mhc2_nonbinder
IFSDAALHNMIDIMI,0,IEDB_mhc2_nonbinder
ERVNRLIRYSGYPQT,0,IEDB_mhc2_nonbinder
HVTRVCKQDGIMLYI,1,IEDB_mhc2_binder
INQILAKFPLYTWGK,0,IEDB_mhc2_nonbinder
LEEDVHVHLILSKDC,0,IEDB_mhc2_nonbinder
DIVSRISERVNRLIS,1,IEDB_mhc2_binder
DDIKEISRNYVAGQL,0,IEDB_mhc2_nonbinder
QSSLGASHLNMHIVN,0,IEDB_mhc2_nonbinder
ALGQDQMLILSNQRR,0,IEDB_mhc2_nonbinder
DITLNGNANQVIMLS,0,IEDB_mhc2_nonbinder
RLCFSKSKNTLMYEI,1,IEDB_mhc2_binder
KTSFSSRLLINEREY,1,IEDB_mhc2_binder
VAEHDLKVAMNIKAQ,0,IEDB_mhc2_nonbinder
NRIICAKFDGRVNKR,0,IEDB_mhc2_nonbinder
RVYRQLFCGLGYVFE,0,IEDB_mhc2_nonbinder
LRAAMISLAKKIDVQ,1,IEDB_mhc2_binder
SELYENLADSDDILA,1,IEDB_mhc2_binder
SKSKLRKKKLFNVAK,0,IEDB_mhc2_nonbinder
ERDYSRYFGNVRLRE,1,IEDB_mhc2_binder
YLILKNLTGLVSTGS,1,IEDB_mhc2_binder
KALSHLSLGLINSMK,1,IEDB_mhc2_binder
ELGNILSVYDKEKLV,1,IEDB_mhc2_binder
IKQSKRKSETSLGLV,0,IEDB_mhc2_nonbinder
NSVKNGNNPLDNLWS,1,IEDB_mhc2_binder
FRWTIGTYLLIRTSD,0,IEDB_mhc2_nonbinder
YCVRNDRSMVSYLSG,0,IEDB_mhc2_nonbinder
SKKSREPKKSFNKLD,0,IEDB_mhc2_nonbinder
SSFIRLSNSKMLTIN,0,IEDB_mhc2_nonbinder
EENSPYVGIIDKLEV,0,IEDB_mhc2_nonbinder
LLMLARTFRFGQQYN,0,IEDB_mhc2_nonbinder
FFGRFRRDLDSGKLK,1,IEDB_mhc2_binder
DLWEKNTLKPAVTLD,0,IEDB_mhc2_nonbinder
EIDIEDQEYQRLIHS,1,IEDB_mhc2_binder
WLDKALSNIRNEPHV,0,IEDB_mhc2_nonbinder
SSDDQVSLIKIPCLS,1,IEDB_mhc2_binder
LTLFIEPAIFDCSSI,0,IEDB_mhc2_nonbinder
LKEDIHRTGITLVPV,1,IEDB_mhc2_binder
VLWLGSSETEAFVNC,0,IEDB_mhc2_nonbinder
MLKGCCDLGRKGVLS,0,IEDB_mhc2_nonbinder
VKLSAEESRIFEDLV,1,IEDB_mhc2_binder
IPKLNEVGEIVSEYD,1,IEDB_mhc2_binder
GSLSMLKSLLCTGRG,0,IEDB_mhc2_nonbinder
LVASQPIFTGKKVIN,1,IEDB_mhc2_binder
KLSCPINWRHNSYQL,0,IEDB_mhc2_nonbinder
ISGYNFSLSAAVKAG,1,IEDB_mhc2_binder
FFTTSLFLHLVGFPT,1,IEDB_mhc2_binder
KSVSEILKTVQCDYT,0,IEDB_mhc2_nonbinder
ISQKADWGRGGSPIY,0,IEDB_mhc2_nonbinder
FRILSSISLALVNSM,1,IEDB_mhc2_binder
YDAFNKIRDNLMFLC,0,IEDB_mhc2_nonbinder
ELLGYCVSLFNRGKL,1,IEDB_mhc2_binder
ALLDCIMFQSVLDGK,1,IEDB_mhc2_binder
KTKNSSLLDLDRVRE,0,IEDB_mhc2_nonbinder
EGFGSHGFEDTILQR,1,IEDB_mhc2_binder
LYCPISGQMKCHGVG,0,IEDB_mhc2_nonbinder
SEAINKSAFQSSIAS,1,IEDB_mhc2_binder
CPLDHVNTLHFLTRG,1,IEDB_mhc2_binder
CFISVNDRLVSLEST,1,IEDB_mhc2_binder
HLPDTIPIQLLPNTL,1,IEDB_mhc2_binder
LQKYVMAVVIRINQQ,0,IEDB_mhc2_nonbinder
TIVNQDVKDWTDGSR,0,IEDB_mhc2_nonbinder
LEDKVNSTIARYNRG,1,IEDB_mhc2_binder
REDTILTLRELFYLE,0,IEDB_mhc2_nonbinder
KRNEKNASKGKILES,1,IEDB_mhc2_binder
GGNGVVRVWDVKDPS,0,IEDB_mhc2_nonbinder
LELSCSFEEKLSWVF,0,IEDB_mhc2_nonbinder
NHDPTPLCQKQTSTV,0,IEDB_mhc2_nonbinder
FCMGCVSSGSIFKKG,0,IEDB_mhc2_nonbinder
LTPLLPPSLLFLPKA,1,IEDB_mhc2_binder
QVSQVQRLLRKSKRG,1,IEDB_mhc2_binder
VSPKSVVGNFVAEFK,1,IEDB_mhc2_binder
QEMELQQERIRREVT,0,IEDB_mhc2_nonbinder
RNLCFYSEESPTEYT,1,IEDB_mhc2_binder
AVLDLDKEMMEVGPV,0,IEDB_mhc2_nonbinder
ATYHIIIVALTIMGV,0,IEDB_mhc2_nonbinder
TDPVELALYQPANKH,1,IEDB_mhc2_binder
KFWYVNHTLTGQHTL,1,IEDB_mhc2_binder
RKVLLKEKLCVIAFK,0,IEDB_mhc2_nonbinder
VFSTHKLSLTKLFSY,0,IEDB_mhc2_nonbinder
GYESRGNIRQNFNLQ,0,IEDB_mhc2_nonbinder
EFERAICDMKMAVNN,1,IEDB_mhc2_binder
SGLFQFFVFLALAGR,1,IEDB_mhc2_binder
RLNSRLIILDVHHEG,0,IEDB_mhc2_nonbinder
KTFNENLVSSIEQKD,0,IEDB_mhc2_nonbinder
VNVWKSGILQLFVFL,1,IEDB_mhc2_binder
ERVIRKSIYSVNLRT,0,IEDB_mhc2_nonbinder
CTGMLKRRLGLMSLS,1,IEDB_mhc2_binder
FISWTQQTPKLQLTY,0,IEDB_mhc2_nonbinder
RSLGLMECQCSSLTE,1,IEDB_mhc2_binder
IKTLNDESKKEINFL,1,IEDB_mhc2_binder
LLEEECSFSCKVILG,0,IEDB_mhc2_nonbinder
WRETQGTLLEMSRFR,0,IEDB_mhc2_nonbinder
EYFNQRVGLRCSYRV,0,IEDB_mhc2_nonbinder
VRIKLLNKNTKLRRS,0,IEDB_mhc2_nonbinder
KFSLIFLVKCQLQNP,0,IEDB_mhc2_nonbinder
GHRVVPTDLIGTGRV,0,IEDB_mhc2_nonbinder
KDTLISVHYFIDTSV,0,IEDB_mhc2_nonbinder
LDLGGFSPELSDKYS,0,IEDB_mhc2_nonbinder
HSTILNSSIQKRIVV,0,IEDB_mhc2_nonbinder
KNGSRHSHGMLLKDL,1,IEDB_mhc2_binder
GGETMNSVVQALTSL,1,IEDB_mhc2_binder
LQIPDAVFVYLDIDS,0,IEDB_mhc2_nonbinder
EDDLADICFDGEEET,0,IEDB_mhc2_nonbinder
VLCKYNISSQVNSLM,0,IEDB_mhc2_nonbinder
LKEGIFYRGNERLST,1,IEDB_mhc2_binder
NLCYMFCKLTSANTT,0,IEDB_mhc2_nonbinder
ANTEQKKTKILNDKN,0,IEDB_mhc2_nonbinder
SKIDTYLLTLPGNDD,0,IEDB_mhc2_nonbinder
PILSLLDEVMPKLLE,0,IEDB_mhc2_nonbinder
FSIFCKEYVVPPADR,0,IEDB_mhc2_nonbinder
IHSLRRLYPSVFEKH,1,IEDB_mhc2_binder
YKKMHKNEGCLDSFY,0,IEDB_mhc2_nonbinder
LVEMFKTKGRYNLDP,0,IEDB_mhc2_nonbinder
AISSSAYLNKVGINL,0,IEDB_mhc2_nonbinder
KITSLLNDSTDLEKS,0,IEDB_mhc2_nonbinder
RRIFGVFKNPCTSHG,1,IEDB_mhc2_binder
DLWPFISDKFPLACF,0,IEDB_mhc2_nonbinder
DIHPLTSNRSQSDLL,0,IEDB_mhc2_nonbinder
INVSGSVLMRDQVPL,0,IEDB_mhc2_nonbinder
GRKLTNRSLLDALVN,0,IEDB_mhc2_nonbinder
FFQDHLGCLIYKQKM,0,IEDB_mhc2_nonbinder
LSPHYFKERERVPVF,0,IEDB_mhc2_nonbinder
YYPTNKLQAAVMETD,0,IEDB_mhc2_nonbinder
KCDCQIIRYMDQKLG,0,IEDB_mhc2_nonbinder
SFGVLIVQLKFLNVW,0,IEDB_mhc2_nonbinder
PVSYTSSDDQITTFK,1,IEDB_mhc2_binder
YANQIHHVDLMSKLR,1,IEDB_mhc2_binder
LKCFGNTAVAKCNLN,1,IEDB_mhc2_binder
EVKKEIKDPLITSGC,0,IEDB_mhc2_nonbinder
TLHKNNKVNLLDTNS,0,IEDB_mhc2_nonbinder
RSRCYSVYLSDNGVM,1,IEDB_mhc2_binder
MCNKIKGSKIFNTRR,1,IEDB_mhc2_binder
WLEQRKQVEFTARLS,0,IEDB_mhc2_nonbinder
GVPESSVSNLFLAMT,0,IEDB_mhc2_nonbinder
QSKLSKNFTKGVKKI,1,IEDB_mhc2_binder
VCACGLFKQKGRPLR,1,IEDB_mhc2_binder
ISTVDSSNKSLVLAT,0,IEDB_mhc2_nonbinder
QGSVITVQGADDIKK,1,IEDB_mhc2_binder
MGDVVQALTSLGLLY,1,IEDB_mhc2_binder
LRRELGMFTEPTKSS,1,IEDB_mhc2_binder
LKKLFITGKSKQKRA,0,IEDB_mhc2_nonbinder
NTQVKEKMQAIGNLT,0,IEDB_mhc2_nonbinder
DELGDKFCYSLVGPE,1,IEDB_mhc2_binder
LEISEWSDKHSLMIL,0,IEDB_mhc2_nonbinder
EFEKKWKADMSKLLN,1,IEDB_mhc2_binder
KPGNRNPYENLLYKL,1,IEDB_mhc2_binder
KQRWIPGYREGSGSI,0,IEDB_mhc2_nonbinder
DILKKSKFMQEINIE,1,IEDB_mhc2_binder
INSLQQEIGSYSENL,0,IEDB_mhc2_nonbinder
RHIVGKPCPKPHRLN,1,IEDB_mhc2_binder
RKINFAAFSLYRQPL,0,IEDB_mhc2_nonbinder
TRHIGEVFEQFCKPL,0,IEDB_mhc2_nonbinder
TLGGLRERQTSQFIQ,0,IEDB_mhc2_nonbinder
LDEEYSNSLRLTNMA,0,IEDB_mhc2_nonbinder
VLTNACELGEWVFSS,1,IEDB_mhc2_binder
MCSLILLKRELGLML,0,IEDB_mhc2_nonbinder
FMRMAWGGSYIALDS,1,IEDB_mhc2_binder
FDHDILPDKFYEEFC,1,IEDB_mhc2_binder
TYEHKSRSRLGLSSE,1,IEDB_mhc2_binder
SENSASAQSKFIIAS,0,IEDB_mhc2_nonbinder
ILAADRKLFTDFSAS,0,IEDB_mhc2_nonbinder
EMLLINLTTIAYEEE,1,IEDB_mhc2_binder
VTPVEIVVDAEKLQF,1,IEDB_mhc2_binder
HRAGYQEIGALFDLQ,0,IEDB_mhc2_nonbinder
EVPINVAEAYCVGKL,1,IEDB_mhc2_binder
SSLIKSTLQVKRKEG,1,IEDB_mhc2_binder
LLKDLESAQPGLLSY,1,IEDB_mhc2_binder
SQFTQTVKSDVLKDA,1,IEDB_mhc2_binder
MGNLTAQQLDQRSQI,1,IEDB_mhc2_binder
SLEQGEGVLGGPVVQ,0,IEDB_mhc2_nonbinder
KLVDVKLTSDQARLY,1,IEDB_mhc2_binder
KIMTPATNADTSCQL,0,IEDB_mhc2_nonbinder
KLFEFNRNAIKTLQN,1,IEDB_mhc2_binder
RLSSLSLALVNSMKT,1,IEDB_mhc2_binder
CGSWLLKGLYLIYEP,0,IEDB_mhc2_nonbinder
PMHLSERVERGHAVL,0,IEDB_mhc2_nonbinder
RNLLTYVDDSKLKLF,0,IEDB_mhc2_nonbinder
RTRRTALFGDGFFMV,0,IEDB_mhc2_nonbinder
KLILVARSDEEVKIS,0,IEDB_mhc2_nonbinder
FIFFLLLAGRSCSDG,1,IEDB_mhc2_binder
DRNGACRCGRFQKLG,1,IEDB_mhc2_binder
ASAHIRQSDYVDHEL,0,IEDB_mhc2_nonbinder
LSHNSNQALSVEYVD,1,IEDB_mhc2_binder
NVVLRASGSIEGHQF,1,IEDB_mhc2_binder
RDIFLSQHHPSSLLL,1,IEDB_mhc2_binder
TRVSTKFKLRRKMVY,1,IEDB_mhc2_binder
KRSQKLLQNLRYFIM,1,IEDB_mhc2_binder
VIKDATSLLNGLDFS,1,IEDB_mhc2_binder
VILSDNGILCPTLPK,1,IEDB_mhc2_binder
SQMALQDVLRQGQQI,0,IEDB_mhc2_nonbinder
LEAVDNWVEFKGYAL,1,IEDB_mhc2_binder
GWPYIASRTSITGRA,1,IEDB_mhc2_binder
NPYENLLYKLCLSGD,1,IEDB_mhc2_binder
HALKRLQSVSPIIKL,0,IEDB_mhc2_nonbinder
SSSLLQKELYANEEF,0,IEDB_mhc2_nonbinder
KSCNKHVWTQMSQLR,0,IEDB_mhc2_nonbinder
DLLSVLKTFNLVIDN,0,IEDB_mhc2_nonbinder
IRLIKGELSNHMVED,1,IEDB_mhc2_binder
LLESIAQFGDWVEFA,1,IEDB_mhc2_binder
FLDLCVALDVNCEAL,1,IEDB_mhc2_binder
IGSFYCDPKRYFVPI,1,IEDB_mhc2_binder
EAVIKEAVKKLDPTN,1,IEDB_mhc2_binder
LVILKVYSLEDKGNE,0,IEDB_mhc2_nonbinder
TERSASGGVYLGNLS,1,IEDB_mhc2_binder
QSVTLTMQRLLANHS,1,IEDB_mhc2_binder
QLAETIDTICDQCVA,1,IEDB_mhc2_binder
RLKIPWALEVAGSFE,0,IEDB_mhc2_nonbinder
FLGMWFASFAHPFPG,0,IEDB_mhc2_nonbinder
NSELIRRAKAAESLASD,1,IEDB_mhc2_binder
FPAIFSAEVLQATVD,1,IEDB_mhc2_binder
DPLVLKDGAFYVGGE,1,IEDB_mhc2_binder
KFQENLAIADKQFRA,0,IEDB_mhc2_nonbinder
CSFYADPKRYFPAIF,1,IEDB_mhc2_binder
AYDLIGPDNPGEPLV,1,IEDB_mhc2_binder
QMHPAECTGLIGCKS,0,IEDB_mhc2_nonbinder
GGYSTSLLCRVSLCK,0,IEDB_mhc2_nonbinder
CFKYILIQAGFDQRL,1,IEDB_mhc2_binder
MLLDGVSVVASLPLF,1,IEDB_mhc2_binder
LSSDLEKLKQKVQRT,0,IEDB_mhc2_nonbinder
VVGNFVAEFKSRFFV,1,IEDB_mhc2_binder
FINYAISCICGGTID,1,IEDB_mhc2_binder
LYKRVLHMLLLLIQT,0,IEDB_mhc2_nonbinder
VSFQFNSMLCKFVQY,0,IEDB_mhc2_nonbinder
RMGDVVCNAAMLIKQ,1,IEDB_mhc2_binder
RLVACAGINQKMVDM,0,IEDB_mhc2_nonbinder
DIKTKIMVLKIVKDW,0,IEDB_mhc2_nonbinder
ELLGVEPPSESDLEF,1,IEDB_mhc2_binder
FARYRNIIVDNWNVE,0,IEDB_mhc2_nonbinder
ITSTALDLSSNKSVV,1,IEDB_mhc2_binder
DVMNGLVRTEMLYKT,0,IEDB_mhc2_nonbinder
VLLFQERAVRKSQTD,0,IEDB_mhc2_nonbinder
DNQKLSYLKVEIFGD,1,IEDB_mhc2_binder
SMETEGEVKKLTILE,0,IEDB_mhc2_nonbinder
KEVDSLMIMKSNQKN,1,IEDB_mhc2_binder
KTLQLIFKMSSRNSP,0,IEDB_mhc2_nonbinder
TKFPNSPSPWNLSIV,0,IEDB_mhc2_nonbinder
DLASDLEKLKRKVGQ,0,IEDB_mhc2_nonbinder
ILEDSKLSLFIESEM,0,IEDB_mhc2_nonbinder
LFDLHGRRDLKLVDV,1,IEDB_mhc2_binder
KLRFWFKKEIFDKQL,1,IEDB_mhc2_binder
SSPTKRSQTFLQGLR,1,IEDB_mhc2_binder
PSLLVNQFGSVPAVT,1,IEDB_mhc2_binder
TSCNDLAGSKTAALI,0,IEDB_mhc2_nonbinder
RRSEILQLVGIQRAG,1,IEDB_mhc2_binder
LSLGLINSMKTSFSS,1,IEDB_mhc2_binder
FEAKGAKANKAVD,1,IEDB_mhc2_binder
LASFTPVIQDQDLEM,1,IEDB_mhc2_binder
VPHVIEEVMNIVLIA,1,IEDB_mhc2_binder
RMSTKFKLKRKMVYS,1,IEDB_mhc2_binder
RCYSLYIAENGELTE,1,IEDB_mhc2_binder
TSLMRVEVELPRTRE,0,IEDB_mhc2_nonbinder
QRALRKNKRGEEDLN,0,IEDB_mhc2_nonbinder
LLTHSINALISDNLL,1,IEDB_mhc2_binder
TFTTVIKTLLEVKNK,1,IEDB_mhc2_binder
DGDGQPSINDLDEVI,0,IEDB_mhc2_nonbinder
LSKEIINYNMPTCKY,0,IEDB_mhc2_nonbinder
WAMELAEGPCLVYGT,0,IEDB_mhc2_nonbinder
TISLHRGNVKLLISD,0,IEDB_mhc2_nonbinder
EFSNFKVAFSRSLND,1,IEDB_mhc2_binder
TDPVEMALFQPAGKQ,1,IEDB_mhc2_binder
TSQEYFGALLAQEGC,0,IEDB_mhc2_nonbinder
DSTVIRNLKNAGLIV,1,IEDB_mhc2_binder
VEITKLKSKNLSVDE,1,IEDB_mhc2_binder
AANHCGTVANGVLQT,1,IEDB_mhc2_binder
TSFLLMIVLQINMLV,0,IEDB_mhc2_nonbinder
FNKECCLSNVGLRYL,0,IEDB_mhc2_nonbinder
LFKFKEFKKLWDIQR,0,IEDB_mhc2_nonbinder
LVTLASGKGPNASKK,0,IEDB_mhc2_nonbinder
RKMVYSYTIVSSLGV,1,IEDB_mhc2_binder
FVKDALIKDVNHGYS,0,IEDB_mhc2_nonbinder
NTLYLQMNSLRAEDT,1,IEDB_mhc2_binder
SDFYTMNTEVALCNA,0,IEDB_mhc2_nonbinder
HRMRGLCSKEKLKES,0,IEDB_mhc2_nonbinder
EVYIPGSFMIRFREH,0,IEDB_mhc2_nonbinder
AVAGITLVPIVDGRC,1,IEDB_mhc2_binder
QSFTATAVDAGLPVL,0,IEDB_mhc2_nonbinder
SQTTANPACPEGT,0,IEDB_mhc2_nonbinder
VYESNSILSLCGYIR,0,IEDB_mhc2_nonbinder
PLFRLTWRCTNYPKD,0,IEDB_mhc2_nonbinder
LYKGVYELQTLELNM,1,IEDB_mhc2_binder
VLTRNKHSLVHLHTF,0,IEDB_mhc2_nonbinder
NLTTIAYEEEEFFEC,1,IEDB_mhc2_binder
PDNTLLFYERLRLKS,0,IEDB_mhc2_nonbinder
KTSFSSRLLVNEKDY,1,IEDB_mhc2_binder
LRNVACQEAVKLKLI,1,IEDB_mhc2_binder
LDGVNLVASQPIFTG,1,IEDB_mhc2_binder
MFLKVGSLSKDELME,1,IEDB_mhc2_binder
SLMKRLGDRFSTVDV,0,IEDB_mhc2_nonbinder
LMLTTAITENLLLRI,0,IEDB_mhc2_nonbinder
NPPLNGSLTLEQEDI,0,IEDB_mhc2_nonbinder
ESKVMEELIRLKIWY,0,IEDB_mhc2_nonbinder
WKPLPTSITVPVEPS,1,IEDB_mhc2_binder
ERESNSEALSKALSL,0,IEDB_mhc2_nonbinder
STKYNISRKIVYTLK,1,IEDB_mhc2_binder
MDGRVQGWLSLKDLM,0,IEDB_mhc2_nonbinder
PTHRHLKGEACPLPH,1,IEDB_mhc2_binder
VLRTKLMTSRRVLER,1,IEDB_mhc2_binder
SQTTAIPSCPEGT,0,IEDB_mhc2_nonbinder
VLLSCGGQGRPLGSA,0,IEDB_mhc2_nonbinder
LMIVLQINMLVLTHG,0,IEDB_mhc2_nonbinder
TSSDDQITLIKTPSL,1,IEDB_mhc2_binder
IMVQYLQSHAKSMNI,0,IEDB_mhc2_nonbinder
DQKGPHVLSLLVIKT,0,IEDB_mhc2_nonbinder
NYRWVNLSSFGDLRL,1,IEDB_mhc2_binder
ITAEARNELRILQVL,0,IEDB_mhc2_nonbinder
NAMFESYVSCGDKET,0,IEDB_mhc2_nonbinder
ANAYSGKNRHMQRQG,1,IEDB_mhc2_binder
SGLFQLIFFLTLAGR,1,IEDB_mhc2_binder
GYASLQKMGQLSNVQ,0,IEDB_mhc2_nonbinder
KQRVCPCEICAQNPG,0,IEDB_mhc2_nonbinder
DDGLDGLAAKKYFSG,0,IEDB_mhc2_nonbinder
HDEEFCDMLRLIDYN,1,IEDB_mhc2_binder
IPEFSRSILWDYFSL,1,IEDB_mhc2_binder
ALISDNLLMKNKIKE,1,IEDB_mhc2_binder
LKDALSFHNDEIMKM,1,IEDB_mhc2_binder
KEASREYEDKVWDKY,0,IEDB_mhc2_nonbinder
PLVITTSVLKSFFWF,0,IEDB_mhc2_nonbinder
LLDNRSNHYEEVIAS,1,IEDB_mhc2_binder
SYNKLRRAMTKEFSG,0,IEDB_mhc2_nonbinder
VGLVVQIDHVRMSTK,1,IEDB_mhc2_binder
TAFQRTMNLAVGGMV,0,IEDB_mhc2_nonbinder
VREFVATARTLGNFS,1,IEDB_mhc2_binder
EVKSFQWTQALRREL,1,IEDB_mhc2_binder
YPYLFEEHLAPFMSD,1,IEDB_mhc2_binder
KNNSYLNISDFRNDW,1,IEDB_mhc2_binder
LKVDPFRPTFTSTAL,1,IEDB_mhc2_binder
NVMVDGVQLPPQEKA,1,IEDB_mhc2_binder
LINTNGEEDIFQHLI,0,IEDB_mhc2_nonbinder
EIMKMCHTGVGPNMS,1,IEDB_mhc2_binder
ETPFLTIVNQDVKDW,1,IEDB_mhc2_binder
RFEQFLVNNGEIIVK,0,IEDB_mhc2_nonbinder
SRLQQDRLQKQGKFL,0,IEDB_mhc2_nonbinder
HLFGSAAAFKPLKFF,0,IEDB_mhc2_nonbinder
LVGFKNVDEDNIFVS,0,IEDB_mhc2_nonbinder
FGNTAVAKCNQNHDS,1,IEDB_mhc2_binder
PALTIACMTKQSDNT,1,IEDB_mhc2_binder
VLDMGQGILHNSSDL,1,IEDB_mhc2_binder
QTLCSFERYFKRGYG,0,IEDB_mhc2_nonbinder
LGPDKLLKCSMTCAQ,0,IEDB_mhc2_nonbinder
DLRLVLRTKLMTSRR,1,IEDB_mhc2_binder
IMLSNIVSKVTLSPT,0,IEDB_mhc2_nonbinder
SNEKYLIVRISRGYS,0,IEDB_mhc2_nonbinder
GQEHDLSRHFKYSSK,0,IEDB_mhc2_nonbinder
NMSLIMFTFRKNMIY,0,IEDB_mhc2_nonbinder
KELSAMSEEDIIKLI,0,IEDB_mhc2_nonbinder
HQPFSSLVEGEQKKL,0,IEDB_mhc2_nonbinder
NLGGVVLAGSHMVSD,0,IEDB_mhc2_nonbinder
CLFITHHPLDSLGIR,0,IEDB_mhc2_nonbinder
QDICPLGLLLKNLTT,1,IEDB_mhc2_binder
MVTQMKSLVTKPFRM,1,IEDB_mhc2_binder
RISRFLLLHPITIHH,0,IEDB_mhc2_nonbinder
VIKGIINLYKSGLFQ,1,IEDB_mhc2_binder
HKRLDASVKLGIDKI,0,IEDB_mhc2_nonbinder
LGGILKNYFCAILGT,0,IEDB_mhc2_nonbinder
EKQDVKDWTDGSRGY,0,IEDB_mhc2_nonbinder
FPITNNIIGLLFYQK,1,IEDB_mhc2_binder
GASKSNQPDSSRATQ,0,IEDB_mhc2_nonbinder
FLVDLNLDDKIYSPN,0,IEDB_mhc2_nonbinder
IICFHEYLSSKLNKF,1,IEDB_mhc2_binder
LTLAEPAAHTKFLEV,0,IEDB_mhc2_nonbinder
SSFIILPWFLLLRPD,0,IEDB_mhc2_nonbinder
NVQLQLARNFPGIAS,0,IEDB_mhc2_nonbinder
RSILLIPLSFLPDWF,1,IEDB_mhc2_binder
VYDLLFALCLDYEQT,0,IEDB_mhc2_nonbinder
LQFNQMMNPSHVKFL,1,IEDB_mhc2_binder
GWLCKMHTGIVRDKK,1,IEDB_mhc2_binder
FSNQMESAKGVIDGC,0,IEDB_mhc2_nonbinder
TLMKNRLKELINIPY,1,IEDB_mhc2_binder
FLHLVKIPTHRHIVG,1,IEDB_mhc2_binder
DFTRLRYLDVCVALD,1,IEDB_mhc2_binder
VHWHFTLNTTLKQYG,0,IEDB_mhc2_nonbinder
DKEKLVSACVSSMAE,1,IEDB_mhc2_binder
CESDEIKDVLKYRWL,1,IEDB_mhc2_binder
GLKVNLYLMEDNTRS,0,IEDB_mhc2_nonbinder
CMTVQGGETMNSVIQ,1,IEDB_mhc2_binder
EVPSFRWTQSLRRGL,1,IEDB_mhc2_binder
GISVDHYKIDMEVIC,1,IEDB_mhc2_binder
KLFDMHGRQDLKIVD,1,IEDB_mhc2_binder
KSELMDLASDLEKLK,1,IEDB_mhc2_binder
KDLSNKLLEETYLTL,0,IEDB_mhc2_nonbinder
SHGIDVTDLFAAQPG,1,IEDB_mhc2_binder
SSLGAHLDSDVSSCP,0,IEDB_mhc2_nonbinder
VGEEAEKGEDQTIKE,0,IEDB_mhc2_nonbinder
KSERGFETVFVFAMF,0,IEDB_mhc2_nonbinder
YDLFHNKIIFLAVVL,0,IEDB_mhc2_nonbinder
AVGHDWYLDPPFLCR,1,IEDB_mhc2_binder
LISDNLLMKNKIREL,1,IEDB_mhc2_binder
RFKYLLNVSYLCHLV,1,IEDB_mhc2_binder
TPSLDQHILWHKPEI,0,IEDB_mhc2_nonbinder
IKMIRTLWADPTETG,0,IEDB_mhc2_nonbinder
HDEVPIFFHKDMDDL,0,IEDB_mhc2_nonbinder
FWSAIFFTTSLFLHL,1,IEDB_mhc2_binder
KMKSSDAREERLQDP,0,IEDB_mhc2_nonbinder
VDLTKKPQVGPRQPE,0,IEDB_mhc2_nonbinder
LILATNRAIYAIRHT,0,IEDB_mhc2_nonbinder
LSYKEQVGGNRELYI,1,IEDB_mhc2_binder
GATLLDGGNMLETIR,1,IEDB_mhc2_binder
TLTSESIKLTLDIQI,0,IEDB_mhc2_nonbinder
SSDLDRLTQSHPILN,1,IEDB_mhc2_binder
KNKSISLLRRLVFWN,0,IEDB_mhc2_nonbinder
FEFPQLKDLHNMEVV,0,IEDB_mhc2_nonbinder
SGTTRLTRNNSGTVL,0,IEDB_mhc2_nonbinder
SELVRIVSTQLKTLM,1,IEDB_mhc2_binder
DMEAEFKTIKLLKNF,0,IEDB_mhc2_nonbinder
SACNKIKGKKVFNTR,1,IEDB_mhc2_binder
EEFFHQKLLLEEGVP,1,IEDB_mhc2_binder
ELLDQSDVKEPGVSR,1,IEDB_mhc2_binder
EPMVEERVVSTSDAV,0,IEDB_mhc2_nonbinder
RWLLIDLLRESRGAP,1,IEDB_mhc2_binder
MSNVHELKMMHCQNN,0,IEDB_mhc2_nonbinder
AAVQSNQIQVRFLRD,0,IEDB_mhc2_nonbinder
SFHNDEIMKMCHTGV,1,IEDB_mhc2_binder
YCESIPMATGAVLEV,0,IEDB_mhc2_nonbinder
DTKLLTTLDRPHIEC,0,IEDB_mhc2_nonbinder
VTSDLKCFGNTALAK,1,IEDB_mhc2_binder
HINHEDFHPTLICQG,0,IEDB_mhc2_nonbinder
KKLEERKIEVDFLLW,0,IEDB_mhc2_nonbinder
FCYVYYHTTTWNNKL,0,IEDB_mhc2_nonbinder
PTKRNQKQVQNIRYL,1,IEDB_mhc2_binder
ILSREYEARQGKTPL,1,IEDB_mhc2_binder
YSPLRYKDSFESLSG,0,IEDB_mhc2_nonbinder
DGYLVKAWFLVNEAE,0,IEDB_mhc2_nonbinder
EFYHSYLQIQDEIPS,1,IEDB_mhc2_binder
YLVCVAGDEEKLDLP,0,IEDB_mhc2_nonbinder
TICDQCVANGVGIEI,1,IEDB_mhc2_binder
ALMVKNQNVSRAMFV,1,IEDB_mhc2_binder
GRCLRGWLGSCFISV,1,IEDB_mhc2_binder
RVNQLIRYSGYRETP,1,IEDB_mhc2_binder
DEEYFMCFKYLLIQG,1,IEDB_mhc2_binder
IPKLDELGNILSVYD,1,IEDB_mhc2_binder
MSISLQQCNSNKSLQ,0,IEDB_mhc2_nonbinder
ACMTKQSDNTMGDVV,0,IEDB_mhc2_nonbinder
EHLSSLRNLCELLGV,1,IEDB_mhc2_binder
IEDAVKFTLQCSGKP,0,IEDB_mhc2_nonbinder
KDKDIPQSSEPHCAL,0,IEDB_mhc2_nonbinder
TDGVATVDQQFSTTH,1,IEDB_mhc2_binder
YFVRAVLLDDTCDRL,0,IEDB_mhc2_nonbinder
LDMIITAVNSLISDN,1,IEDB_mhc2_binder
LEDTGGEIKTVLSAY,0,IEDB_mhc2_nonbinder
SSNNLAISVLKSTDT,0,IEDB_mhc2_nonbinder
NHLVMLLYKCLCSNR,0,IEDB_mhc2_nonbinder
PKSDDFRPFALAIFY,0,IEDB_mhc2_nonbinder
RLKLLELENSNQGHN,0,IEDB_mhc2_nonbinder
YPILLDRAYFLSLQP,0,IEDB_mhc2_nonbinder
VNQAHHIDLMSKLAV,1,IEDB_mhc2_binder
YVVNSMKSCSTQKDL,0,IEDB_mhc2_nonbinder
YDQKLGSYEHRSRSR,0,IEDB_mhc2_nonbinder
ILGLMYKSKCLGGCR,0,IEDB_mhc2_nonbinder
FTAQEVELLSEYESM,0,IEDB_mhc2_nonbinder
DYNFQPNIEQLKGIQ,1,IEDB_mhc2_binder
FFCVSKCIGGGRKMS,0,IEDB_mhc2_nonbinder
KPVAGPRQPEKNGQN,0,IEDB_mhc2_nonbinder
LEKLLVSIEGKRFSQ,0,IEDB_mhc2_nonbinder
EVGISPQQVCRNFMV,1,IEDB_mhc2_binder
LDLIMLNFVVDEMVK,1,IEDB_mhc2_binder
LCNLIQKRTLSLLQY,1,IEDB_mhc2_binder
RGQVRGMAILNVLIV,0,IEDB_mhc2_nonbinder
GMVYNKRNGEPPFED,0,IEDB_mhc2_nonbinder
SNHYEEVIASCHQGI,1,IEDB_mhc2_binder
LKSDLLRAGITLVPV,1,IEDB_mhc2_binder
LSTVDAKTAILKGVD,0,IEDB_mhc2_nonbinder
SSFQIYPEEDIYHLQ,0,IEDB_mhc2_nonbinder
TSVLKSFFWFNEVLN,1,IEDB_mhc2_binder
FEFFEQLKKCMPEIK,0,IEDB_mhc2_nonbinder
SCKSCWQKFDSLVRC,1,IEDB_mhc2_binder
EQEDIMIRGLDRFFS,0,IEDB_mhc2_nonbinder
RYLKETLSGFVENRY,0,IEDB_mhc2_nonbinder
FKDEVFSKGLGKFKL,1,IEDB_mhc2_binder
VSEYDKQKLVSTCIT,1,IEDB_mhc2_binder
FNVLKVIRSETSVHE,1,IEDB_mhc2_binder
EGHQFLDGVNLVASQ,1,IEDB_mhc2_binder
SNLRTREDFFLIKEK,0,IEDB_mhc2_nonbinder
LEAVFETPKAAGTML,0,IEDB_mhc2_nonbinder
RFFSKELLDQSDVKE,1,IEDB_mhc2_binder
QTKLEGLLPDALLFT,1,IEDB_mhc2_binder
CWLVSNGSYLNESDF,1,IEDB_mhc2_binder
TDTEFLLYRLIRALM,1,IEDB_mhc2_binder
KADYNLNIIISTGSE,0,IEDB_mhc2_nonbinder
EIVGPECSDSPLVLD,0,IEDB_mhc2_nonbinder
YGLITEQFLCYALDL,1,IEDB_mhc2_binder
PRMYMGNLTQSQLEK,1,IEDB_mhc2_binder
RQIRLNKKLDSIRDL,0,IEDB_mhc2_nonbinder
EKKKRGGKEEITPHC,0,IEDB_mhc2_nonbinder
ELTKAVATRTYFDHE,1,IEDB_mhc2_binder
KCSFCYDQDTHLNGF,0,IEDB_mhc2_nonbinder
IEYAKLYVLSPILAE,1,IEDB_mhc2_binder
YLRQRLLGYSIDIST,0,IEDB_mhc2_nonbinder
KLLNYNIKATLMMIR,0,IEDB_mhc2_nonbinder
GWLGSCFISVNDRLV,1,IEDB_mhc2_binder
SKIRSMLRKLYNKLK,1,IEDB_mhc2_binder
STAIELGAWVLGEPK,1,IEDB_mhc2_binder
KDYMVLKDLYPAVGY,0,IEDB_mhc2_nonbinder
PECVKLISSFIIGLC,0,IEDB_mhc2_nonbinder
DQEYHRLIHSLSKTS,1,IEDB_mhc2_binder
LSPLYFTSAIKDQCG,1,IEDB_mhc2_binder
FVSPKTVAGSFASEF,1,IEDB_mhc2_binder
SSGVYMGNLSSQQLD,1,IEDB_mhc2_binder
YRESNLYGLRHIRGQ,0,IEDB_mhc2_nonbinder
LNISDFRNDWILESD,0,IEDB_mhc2_nonbinder
INLKFTKMSQSKMRI,0,IEDB_mhc2_nonbinder
MNSLRAEDTAVYYCA,1,IEDB_mhc2_binder
KDVKGSLIEAIYVVG,0,IEDB_mhc2_nonbinder
LEMAAKVITQRENLL,0,IEDB_mhc2_nonbinder
FKKSVFVSSKLSNSP,0,IEDB_mhc2_nonbinder
VAGRVRVEGVATGPRRT,0,IEDB_mhc2_nonbinder
LLYDVIPVSYTSSDD,1,IEDB_mhc2_binder
SVLDGHLPDTIPIQL,1,IEDB_mhc2_binder
RLNMGYIPCCHHSLG,0,IEDB_mhc2_nonbinder
RAFKCTKEENMSELY,0,IEDB_mhc2_nonbinder
GLISSIIRSLPKSMV,1,IEDB_mhc2_binder
EEKDVMMVQMGSDYI,0,IEDB_mhc2_nonbinder
QAKYLVHDVTVMYSG,1,IEDB_mhc2_binder
LNTKLMTRLVEDFSE,1,IEDB_mhc2_binder
VYLDLLIAPPGSGQL,0,IEDB_mhc2_nonbinder
INIWGSGLLQFIVFL,0,IEDB_mhc2_nonbinder
IFTPDAAQGINAVDV,0,IEDB_mhc2_nonbinder
KKIKRLVRHKMHKLL,0,IEDB_mhc2_nonbinder
ACHIDSLGMLPDKSP,0,IEDB_mhc2_nonbinder
LAVFQPSSGNYVHCF,1,IEDB_mhc2_binder
VEDLKRPGVSRELLS,1,IEDB_mhc2_binder
MGQLISFFQDIPIFF,1,IEDB_mhc2_binder
SLQILLKGKELTTRF,0,IEDB_mhc2_nonbinder
KEVRRINSVLAASKG,0,IEDB_mhc2_nonbinder
VKVKFHPLNHTEWVL,0,IEDB_mhc2_nonbinder
QALLHGLDFSEVSNV,1,IEDB_mhc2_binder
LCTLNKSHLYIKGGN,1,IEDB_mhc2_binder
LECFVRSSPANFEQK,1,IEDB_mhc2_binder
EIPSFRWTQSLRRGL,1,IEDB_mhc2_binder
THRHIRGEACPLPHR,1,IEDB_mhc2_binder
TVFLLVIVELIPSTSSA,1,IEDB_mhc2_binder
DCVVVNPPLNGSLTL,1,IEDB_mhc2_binder
CDGNTASANFHQNVK,0,IEDB_mhc2_nonbinder
EFYYDICFEQAKEFL,0,IEDB_mhc2_nonbinder
NAMMKCEENVAFDRI,0,IEDB_mhc2_nonbinder
VLSIYHKKHWSEVER,0,IEDB_mhc2_nonbinder
SFDSKLHLISLLSLL,0,IEDB_mhc2_nonbinder
LRRELSGYCSNIKLQ,1,IEDB_mhc2_binder
MRNVTLDLGGFSPEL,1,IEDB_mhc2_binder
PDTIDFLIMRNLTNL,1,IEDB_mhc2_binder
GFKLLSLLVELESCK,1,IEDB_mhc2_binder
LKHDLQKSGVTLVPI,1,IEDB_mhc2_binder
STLQVKRKEGMFIDE,1,IEDB_mhc2_binder
INDKSHHQLLERLIH,0,IEDB_mhc2_nonbinder
YRIMRQIEGLIPDAC,1,IEDB_mhc2_binder
LISERFINYCIGVIF,1,IEDB_mhc2_binder
HKMVEIPFNVVSAMM,1,IEDB_mhc2_binder
ASLPLFTGHESFDLA,1,IEDB_mhc2_binder
ILEAVKLIRKKIGTN,1,IEDB_mhc2_binder
NPRDRTKVNLEPVMN,0,IEDB_mhc2_nonbinder
SDSTLVFGQLKIRES,0,IEDB_mhc2_nonbinder
ECNFEQKFVDTILSE,1,IEDB_mhc2_binder
SSKLNKFISPKSVIG,1,IEDB_mhc2_binder
GPDYKRPGVSKKFLS,1,IEDB_mhc2_binder
GYRFQRFHIKLLRI,0,IEDB_mhc2_nonbinder
IEAELKCFGNTAVAK,1,IEDB_mhc2_binder
RVSVVHKESFTNLIE,0,IEDB_mhc2_nonbinder
DQTDFEMIYDLHRVV,1,IEDB_mhc2_binder
RIGELWLLRRLSPAD,0,IEDB_mhc2_nonbinder
RKVFLEIKKGHVFEE,1,IEDB_mhc2_binder
MALFQPAGKQYIHCF,1,IEDB_mhc2_binder
DSQLAPHALKVRLYQ,0,IEDB_mhc2_nonbinder
CLKRVHLNYEERLNE,1,IEDB_mhc2_binder
WDKADPLANTQMKLM,0,IEDB_mhc2_nonbinder
VAVSIKMKLVSISNF,0,IEDB_mhc2_nonbinder
SQTTGNPSCPEGT,0,IEDB_mhc2_nonbinder
DDFHLDRIKACVRKL,0,IEDB_mhc2_nonbinder
ALCALPLEDCFTKDP,0,IEDB_mhc2_nonbinder
RMELQRMSDSVNVRK,0,IEDB_mhc2_nonbinder
GLLSSRYTSEFHRKG,0,IEDB_mhc2_nonbinder
MFISDTPGERNPYEN,1,IEDB_mhc2_binder
LRILNTRRKLLLIFD,1,IEDB_mhc2_binder
PLSLETPLELLEYPL,0,IEDB_mhc2_nonbinder
CYTSSLSEVVLKVDK,0,IEDB_mhc2_nonbinder
EVALRKPIIVQKDYT,0,IEDB_mhc2_nonbinder
YILVPVEGCCCGWCK,0,IEDB_mhc2_nonbinder
RTVFFYTERAFEVAS,0,IEDB_mhc2_nonbinder
ALGAEQHKRLWERR,0,IEDB_mhc2_nonbinder
SIDFNQVSQVQRALR,1,IEDB_mhc2_binder
GPNMSCDDVVFGINS,0,IEDB_mhc2_nonbinder
CELKDLNPRLIYWVF,0,IEDB_mhc2_nonbinder
TQLVLSSMVNPLVLS,1,IEDB_mhc2_binder
RREQTLPFSELRWIS,0,IEDB_mhc2_nonbinder
EILQESLSNKRYHTQ,0,IEDB_mhc2_nonbinder
HDCLQIVTKDESSIN,0,IEDB_mhc2_nonbinder
TFLRQYEKYGCSKSL,0,IEDB_mhc2_nonbinder
VLQSIRRNYPVLFDE,1,IEDB_mhc2_binder
EVGEIVSEYDKQKLV,0,IEDB_mhc2_nonbinder
FIRRQVPDIPELSYQ,1,IEDB_mhc2_binder
ESAQPGLLSYVIGLL,1,IEDB_mhc2_binder
CNLDHDSEFCDMLKL,1,IEDB_mhc2_binder
NKVSRAMFVEDIAMG,1,IEDB_mhc2_binder
KQPAILLVFQPNTLI,0,IEDB_mhc2_nonbinder
LLNNQFGTMPSLTLA,1,IEDB_mhc2_binder
SIMKLPLSTKENDED,1,IEDB_mhc2_binder
SQVEVPMVLTEGFKL,1,IEDB_mhc2_binder
HSLPRCWLVSNGSYL,1,IEDB_mhc2_binder
QCKSLVSRSLGLCRM,0,IEDB_mhc2_nonbinder
VAFKKVLIDESRHEE,0,IEDB_mhc2_nonbinder
RPSAAPTAPPAGAAD,0,IEDB_mhc2_nonbinder
FHRDNVLRFLEPAYP,0,IEDB_mhc2_nonbinder
SRLVIGSKGEEADKL,1,IEDB_mhc2_binder
YVGGERLSTYKVEFT,1,IEDB_mhc2_binder
SPLRKEQSFFSDNHN,0,IEDB_mhc2_nonbinder
RSKIDLDSVKSILKW,1,IEDB_mhc2_binder
NSKDDLSMSLRQYLL,0,IEDB_mhc2_nonbinder
ADSEITETYKEGDAV,0,IEDB_mhc2_nonbinder
QTIKECQMQCWRSFL,1,IEDB_mhc2_binder
RTLGSFTWFPHKTSI,1,IEDB_mhc2_binder
VPILLNNPNLFWAVK,1,IEDB_mhc2_binder
LNYAMLDTSQLAETR,0,IEDB_mhc2_nonbinder
SGRLKFLDVCVALDM,1,IEDB_mhc2_binder
SSIASGFVGLCRTLG,1,IEDB_mhc2_binder
NTAVAKCNVNHDEEF,0,IEDB_mhc2_nonbinder
AMVLGKSWHPVLLQY,0,IEDB_mhc2_nonbinder
LSEMQEAIVKEAMRK,1,IEDB_mhc2_binder
SPALFHAFFGALKFK,1,IEDB_mhc2_binder
FKKASFDELFRASIN,1,IEDB_mhc2_binder
TERLRWLLIEVLKGM,1,IEDB_mhc2_binder
FSRDQASKILIWAYF,0,IEDB_mhc2_nonbinder
LLIQGHFDQKLGSYE,1,IEDB_mhc2_binder
SHLLVLALDLSSSQT,0,IEDB_mhc2_nonbinder
SNQAFVDEMNMIRVA,0,IEDB_mhc2_nonbinder
GEDADLYFARRFKYL,1,IEDB_mhc2_binder
NCGTVRPCERKSLGK,0,IEDB_mhc2_nonbinder
FRPTFTSTALDISSN,1,IEDB_mhc2_binder
KLMPSEDKNISDETL,0,IEDB_mhc2_nonbinder
AYLEIENNFCERSKT,0,IEDB_mhc2_nonbinder
GPQLFRLQQGKRSVQ,0,IEDB_mhc2_nonbinder
AHVYKTQPSEMETLK,1,IEDB_mhc2_binder
GMSRILFAQEKTKFL,1,IEDB_mhc2_binder
PDATHLGPQFCKSCW,0,IEDB_mhc2_nonbinder
IGICVAVTVAILYSM,0,IEDB_mhc2_nonbinder
CVSLFNRGKLRVSGD,1,IEDB_mhc2_binder
EKNFVKPIITTSNVS,0,IEDB_mhc2_nonbinder
MKSCILGCNFIGLDS,0,IEDB_mhc2_nonbinder
LCHLITKETPDRLTD,1,IEDB_mhc2_binder
RDGAKASQLMMLLLM,0,IEDB_mhc2_nonbinder
FLEAPQDICPLGLLL,1,IEDB_mhc2_binder
ELLLSYFTLFKLASP,0,IEDB_mhc2_nonbinder
SQHHPSSLLLEGFKL,1,IEDB_mhc2_binder
YYKVRKVGCTLQRYE,0,IEDB_mhc2_nonbinder
EKICRHQPFSSLVEG,1,IEDB_mhc2_binder
PHCALLDCLMFQSAI,1,IEDB_mhc2_binder
EEFRESSCLSYELLS,0,IEDB_mhc2_nonbinder
DTEELFLRLRKGSKL,0,IEDB_mhc2_nonbinder
NSFYYMKGGVNTFLI,1,IEDB_mhc2_binder
RKPHDEKGFKNGSRH,0,IEDB_mhc2_nonbinder
GLSSEALKVQENARV,1,IEDB_mhc2_binder
SVIVNPSLNGTLTES,1,IEDB_mhc2_binder
FNLLVSKGSTRLRLD,0,IEDB_mhc2_nonbinder
VSVDNISLLPQEDMI,1,IEDB_mhc2_binder
SCSDGTFKIGLHTEF,1,IEDB_mhc2_binder
ALAGILAIMIKLSVA,0,IEDB_mhc2_nonbinder
MSASKEVKSFLWTQS,1,IEDB_mhc2_binder
SSLYGRYNCKCCWFA,0,IEDB_mhc2_nonbinder
TCNDHYLCLRCHQGM,1,IEDB_mhc2_binder
HFKNGYVNSSQILGD,0,IEDB_mhc2_nonbinder
VNLMGQTINALISDN,1,IEDB_mhc2_binder
NGKKIRYRDVGTDKA,0,IEDB_mhc2_nonbinder
RLGNFILLRGLHFHE,0,IEDB_mhc2_nonbinder
RQFLSFILTYRAQMG,0,IEDB_mhc2_nonbinder
MQDPLLGTLSELKDL,1,IEDB_mhc2_binder
FNTNIKRFRSTKLLG,0,IEDB_mhc2_nonbinder
NISGYNYSLSAAVKA,1,IEDB_mhc2_binder
NDNFLMRNVTLDLGG,1,IEDB_mhc2_binder
NGSLYSMHSGEIHLK,0,IEDB_mhc2_nonbinder
SEEFFHQTMQLNGQI,1,IEDB_mhc2_binder
RKQKYKLRHSDYEYK,1,IEDB_mhc2_binder
SRTVMCYKNPELKYI,0,IEDB_mhc2_nonbinder
VVMINMCKSAHLPDF,0,IEDB_mhc2_nonbinder
DYVSVPFQFGVNFHS,0,IEDB_mhc2_nonbinder
LSVKDLSAIEVSYKT,0,IEDB_mhc2_nonbinder
VISILSMKPSSLGIR,0,IEDB_mhc2_nonbinder
IGHLLRGRNHFIYIV,1,IEDB_mhc2_binder
LALSAKELKLKKVDG,0,IEDB_mhc2_nonbinder
ICFWSTIFFTASLFL,0,IEDB_mhc2_nonbinder
IMLCLELCFDVRMTA,1,IEDB_mhc2_binder
ISIYQMIDTYQTNLC,0,IEDB_mhc2_nonbinder
RRPLGIFSWTITDAV,1,IEDB_mhc2_binder
LFSEENELGCSNQLK,0,IEDB_mhc2_nonbinder
CRCGRFQKLGKQVTW,1,IEDB_mhc2_binder
LLVQQSGHLEDGVIL,0,IEDB_mhc2_nonbinder
WILKEFAGESAPQVS,0,IEDB_mhc2_nonbinder
DMMPSEDGAEALGPF,0,IEDB_mhc2_nonbinder
LRAGITLVPVVDGRS,1,IEDB_mhc2_binder
LDIQAQVQRFVRSNS,0,IEDB_mhc2_nonbinder
SFSECILWLYDIFHE,0,IEDB_mhc2_nonbinder
SLEIYVEDILMLRHV,0,IEDB_mhc2_nonbinder
RNLKNAGLIVGQMIL,1,IEDB_mhc2_binder
ASTAQYAAKSAFNIV,0,IEDB_mhc2_nonbinder
GPSFFLRQRSAELHA,0,IEDB_mhc2_nonbinder
LIAEMLSKEYQDRQG,0,IEDB_mhc2_nonbinder
CGHKKPCTLEGVWAP,0,IEDB_mhc2_nonbinder
LTLLVHMVGHTSVAV,0,IEDB_mhc2_nonbinder
NKVSSAKFKALIIQE,0,IEDB_mhc2_nonbinder
NQLGHVTPVEIVVDA,1,IEDB_mhc2_binder
RIKSQDASFKESFAI,1,IEDB_mhc2_binder
GRKDLKLVDVKLTSD,1,IEDB_mhc2_binder
TEVTNCLSEKNDAWV,0,IEDB_mhc2_nonbinder
FLILQRYYFNATMGQ,0,IEDB_mhc2_nonbinder
ETLNMTMPLSCTKNN,1,IEDB_mhc2_binder
WLNFDSELVRIVSTQ,1,IEDB_mhc2_binder
ALKGFLSYAGCESDE,1,IEDB_mhc2_binder
GYYLRPTINQRRESV,0,IEDB_mhc2_nonbinder
DLPNISVLDKKIELL,0,IEDB_mhc2_nonbinder
DSVETLLCQLWPYLK,1,IEDB_mhc2_binder
KGSWNKVIADYIEET,0,IEDB_mhc2_nonbinder
QGAQTGRDGVVRVWD,0,IEDB_mhc2_nonbinder
LINKAVNALINDQLI,1,IEDB_mhc2_binder
FDELFRASINEFIAK,1,IEDB_mhc2_binder
GSLLHGLWPYLKATK,1,IEDB_mhc2_binder
VVECKEVFCQTIKLD,0,IEDB_mhc2_nonbinder
YTVEAFSKPLLFLYP,0,IEDB_mhc2_nonbinder
LEAIKLIRKKLMTSP,0,IEDB_mhc2_nonbinder
MGNSKSKSKLSANQY,0,IEDB_mhc2_nonbinder
GLSEHLEQECHIPFA,1,IEDB_mhc2_binder
DLVQSWNFDIPLSKG,0,IEDB_mhc2_nonbinder
KQKLVSTCITSMAER,1,IEDB_mhc2_binder
KAGSNNSNKSLQSAG,0,IEDB_mhc2_nonbinder
AQQSMDLHFFENEPL,0,IEDB_mhc2_nonbinder
GWPYIGSRSQIIGRS,1,IEDB_mhc2_binder
SQKSKLINDLILLGS,1,IEDB_mhc2_binder
TLVLTNACEIGEWVF,1,IEDB_mhc2_binder
SMVGLFSNNPHDLPL,1,IEDB_mhc2_binder
KSIQKNTIFKIGDLG,1,IEDB_mhc2_binder
LLYKLCLSGEGWPYI,1,IEDB_mhc2_binder
QYYMLLTHQGSDKAN,0,IEDB_mhc2_nonbinder
VSQLTEVFSRKGKHL,1,IEDB_mhc2_binder
GQHVNDGGSLMLSSG,0,IEDB_mhc2_nonbinder
REEHYIVLSSELRLS,1,IEDB_mhc2_binder
SPFCCRGLCGHKLDP,0,IEDB_mhc2_nonbinder
MIFAIRWKPRLQQI,0,IEDB_mhc2_nonbinder
SLPPGSAKLSQTVRF,1,IEDB_mhc2_binder
GEKKLNNLDPMTNSG,1,IEDB_mhc2_binder
FSFAPRDKFIYPYAC,0,IEDB_mhc2_nonbinder
LEVDLFLLELCGVPF,0,IEDB_mhc2_nonbinder
FPLKPTASKLLEDRV,1,IEDB_mhc2_binder
EFFQMHERKMLRSSQ,0,IEDB_mhc2_nonbinder
TSSSQSLISSPMSKK,0,IEDB_mhc2_nonbinder
NSHHYISMGKSGLEL,1,IEDB_mhc2_binder
LLMLKHMWRDGYSTI,0,IEDB_mhc2_nonbinder
DDIEQQADNMITEML,1,IEDB_mhc2_binder
DMSWCSKSDDQIWLS,1,IEDB_mhc2_binder
LVNDRVLDILTANKL,1,IEDB_mhc2_binder
IPSIIHEALNIALIA,1,IEDB_mhc2_binder
SWMFKGKFMESDCIF,0,IEDB_mhc2_nonbinder
ASGVYMGNLTTQQLD,0,IEDB_mhc2_nonbinder
FCFGARLISTRLFLS,0,IEDB_mhc2_nonbinder
NKLSSTFTRGAQKLL,1,IEDB_mhc2_binder
ADGKKLSSIKVELTG,1,IEDB_mhc2_binder
KVTFLSQVHPSPLLT,1,IEDB_mhc2_binder
QQLSSCWKTHDLNSR,0,IEDB_mhc2_nonbinder
MLLLMDSLEADARIL,0,IEDB_mhc2_nonbinder
DSIDFLVLKNLTNLV,1,IEDB_mhc2_binder
RYFIMAYVSDFYHKD,1,IEDB_mhc2_binder
FLAWLYPFSSTLPGM,0,IEDB_mhc2_nonbinder
LPTMSSSEDGLDGFD,0,IEDB_mhc2_nonbinder
YMYLNFENKKNGLGV,0,IEDB_mhc2_nonbinder
GESRTGIAFKACLEA,0,IEDB_mhc2_nonbinder
RLFDYNKNAIKTLND,1,IEDB_mhc2_binder
LDSSKKEELSLLYEH,0,IEDB_mhc2_nonbinder
IEHVSQNACSIHGEY,0,IEDB_mhc2_nonbinder
LRMVLRQKIIYSGAV,1,IEDB_mhc2_binder
SSIVKAALNVKRREG,1,IEDB_mhc2_binder
ELNQNMGEFLFTDAR,0,IEDB_mhc2_nonbinder
GFMYIREVLNKQRVC,1,IEDB_mhc2_binder
MSKLRVDCMSGSEVL,1,IEDB_mhc2_binder
ENDKHWVGCCYSSVN,0,IEDB_mhc2_nonbinder
QHSLPRCWLIKNNSY,1,IEDB_mhc2_binder
KTGELNDLVTDPALW,0,IEDB_mhc2_nonbinder
AHSKLPFPWGLSFMD,0,IEDB_mhc2_nonbinder
EFAIYQPESQRYIHC,1,IEDB_mhc2_binder
RLMSMRSVQRNTVFK,1,IEDB_mhc2_binder
LLESCHPVDQYGVNQ,0,IEDB_mhc2_nonbinder
KAQPTSWPLQCPLDH,0,IEDB_mhc2_nonbinder
QPTRLKLVELTRIIE,0,IEDB_mhc2_nonbinder
LCESLSMTSGRLSGV,1,IEDB_mhc2_binder
GKFKFSQKSKLINDL,1,IEDB_mhc2_binder
IQYWRVPLNLRNESE,1,IEDB_mhc2_binder
PARFNQNQLIASGLV,1,IEDB_mhc2_binder
SLMDQSRFVQPSWST,0,IEDB_mhc2_nonbinder
LQYAGCSEQEVNRVL,1,IEDB_mhc2_binder
PYRPNITSTALDLSS,1,IEDB_mhc2_binder
FSLGAAVKAGACMLD,1,IEDB_mhc2_binder
LWKDGDAKPTKLSFL,0,IEDB_mhc2_nonbinder
WEDDRTDSLKAIMMS,0,IEDB_mhc2_nonbinder
LLQVNISDKSHYQER,0,IEDB_mhc2_nonbinder
LISERFINYAISCIC,1,IEDB_mhc2_binder
KVLKIKLDYEEVATP,0,IEDB_mhc2_nonbinder
KSRFFIWSQEVPLLT,1,IEDB_mhc2_binder
ALTGFLQYAGCSEQE,1,IEDB_mhc2_binder
SSQEILCLKQRSVEC,0,IEDB_mhc2_nonbinder
LGYLLIHSTTINDGQ,0,IEDB_mhc2_nonbinder
KVFTSGFAFLEHTQI,0,IEDB_mhc2_nonbinder
LAESINKSAFQSSVA,1,IEDB_mhc2_binder
NRLIYHLMNQGVSRP,0,IEDB_mhc2_nonbinder
EVTTYRGSELYKGVF,0,IEDB_mhc2_nonbinder
IQLVFSSMINPLVIT,1,IEDB_mhc2_binder
VLFDEHLAPFMNDLQ,1,IEDB_mhc2_binder
HNCRCCWFANTNLIK,1,IEDB_mhc2_binder
LKAEAQMSIQLINKA,1,IEDB_mhc2_binder
MINDTHFLLRGPFEA,1,IEDB_mhc2_binder
CIMFQSVLDGHLPDT,1,IEDB_mhc2_binder
IAFFLDDPTHNYKWR,0,IEDB_mhc2_nonbinder
FDYCGTNHLSKCQFD,1,IEDB_mhc2_binder
RCLHYTVDKSKPKVYQ,1,IEDB_mhc2_binder
REYPDSCLDGKLCLM,1,IEDB_mhc2_binder
HYLCLRCLNVMLKNS,1,IEDB_mhc2_binder
TAETHGHERGSDANT,0,IEDB_mhc2_nonbinder
LHKAVEVPISVAEAY,1,IEDB_mhc2_binder
EEYIDQTLRSEHHIM,0,IEDB_mhc2_nonbinder
KIYKKDGCQSDVLLH,0,IEDB_mhc2_nonbinder
VATVERSKLNEPLKV,0,IEDB_mhc2_nonbinder
IQCVAIFNVNPFGAV,0,IEDB_mhc2_nonbinder
RSLDKFGDWLEFSNF,0,IEDB_mhc2_nonbinder
VRMANVLQSNMKVAF,0,IEDB_mhc2_nonbinder
NDAVQALTDLGLIYT,1,IEDB_mhc2_binder
NSVAKSFLRSILDDL,0,IEDB_mhc2_nonbinder
GIVLVSQLVNKMGMR,0,IEDB_mhc2_nonbinder
VKLQLTDKVLSADYR,0,IEDB_mhc2_nonbinder
DQGNPIVLHNGMFMI,1,IEDB_mhc2_binder
LSFMSEYCNNNYLPL,0,IEDB_mhc2_nonbinder
WGPTMSPALFLSFLY,1,IEDB_mhc2_binder
FTSTALDLSSNKSVV,1,IEDB_mhc2_binder
DKSFFTSAALRNLCF,1,IEDB_mhc2_binder
FLAECLYDLQYILDV,0,IEDB_mhc2_nonbinder
GLMDRNLPFLITGDT,0,IEDB_mhc2_nonbinder
MLYMCLIKCSLSQDC,0,IEDB_mhc2_nonbinder
SLLVELESCKVNACH,1,IEDB_mhc2_binder
LETFVRVNPEEFEKK,1,IEDB_mhc2_binder
DPFLLNCETDVRDWV,1,IEDB_mhc2_binder
ESRRGLTSSLLELDA,0,IEDB_mhc2_nonbinder
KVISFSVETFKFAGR,0,IEDB_mhc2_nonbinder
HLSTLIKQPDFNSLI,1,IEDB_mhc2_binder
TILVRETERKVPLEL,0,IEDB_mhc2_nonbinder
SSTDGQKYTTISNGTIN,0,IEDB_mhc2_nonbinder
DDIHEIVMMLPSSQG,0,IEDB_mhc2_nonbinder
CRCDNYNAKFGWCKL,0,IEDB_mhc2_nonbinder
TLYQIYPGVLSAFPR,0,IEDB_mhc2_nonbinder
SSIVKKLPSKFNVLS,0,IEDB_mhc2_nonbinder
PNSLGVWLNYLCKSS,0,IEDB_mhc2_nonbinder
GQGLHDMEENEQESV,0,IEDB_mhc2_nonbinder
VLDMGQGILHNTSDL,1,IEDB_mhc2_binder
SMAERFKTKGRYNLD,0,IEDB_mhc2_nonbinder
FRNDWILESDFLISE,1,IEDB_mhc2_binder
LNHVRIPIGYWAVNP,1,IEDB_mhc2_binder
RSQVMMAPQLQGGRG,0,IEDB_mhc2_nonbinder
SSLGVDDVGTPELEL,1,IEDB_mhc2_binder
CLEKWMLISSELKCF,1,IEDB_mhc2_binder
LFVLPDCDYSTFYVI,0,IEDB_mhc2_nonbinder
IKFGLINLLCKMSCS,0,IEDB_mhc2_nonbinder
WDNTSVDLTKKPQVG,0,IEDB_mhc2_nonbinder
QIVTKDESGLNISGY,1,IEDB_mhc2_binder
VENLMNHVLQDTRAL,0,IEDB_mhc2_nonbinder
APLQTKLNADMMDLK,0,IEDB_mhc2_nonbinder
KCAKKVLLKIKKGQV,1,IEDB_mhc2_binder
DFKIGTTPKLLLGVI,0,IEDB_mhc2_nonbinder
MNDLQVSRTMDSGRL,1,IEDB_mhc2_binder
ATATSMWVSILDEVQ,0,IEDB_mhc2_nonbinder
PFRMVSLVTSFLLMI,1,IEDB_mhc2_binder
QKYFNNIIPGQELQD,0,IEDB_mhc2_nonbinder
ILVIHFRRNIHYGGL,0,IEDB_mhc2_nonbinder
DLVEECCVLEFFSNK,0,IEDB_mhc2_nonbinder
LIERTKSVKLRELWE,0,IEDB_mhc2_nonbinder
FHGMMFKEENAHAPI,0,IEDB_mhc2_nonbinder
HDCLQIITKDESALN,0,IEDB_mhc2_nonbinder
YFVPIFSEAVITSMC,1,IEDB_mhc2_binder
KTTLSIKKKEGMFVD,1,IEDB_mhc2_binder
TFGDLRLVLRTKIMS,1,IEDB_mhc2_binder
YFHYIRNAFTDDEGY,0,IEDB_mhc2_nonbinder
EHTNYITSRYKNWGF,0,IEDB_mhc2_nonbinder
EELQMFQLTKRFMSS,0,IEDB_mhc2_nonbinder
SNSEAIADKLDKSYF,0,IEDB_mhc2_nonbinder
MDPFADNSLLNLQRV,0,IEDB_mhc2_nonbinder
KLRLCLQLISGSVSK,0,IEDB_mhc2_nonbinder
DKKVLLSQLITLGSH,1,IEDB_mhc2_binder
IEFHYYMSDQLNKFV,1,IEDB_mhc2_binder
FPKFDYDPLVRFSFC,0,IEDB_mhc2_nonbinder
MTSTVVQLLSFEFHG,0,IEDB_mhc2_nonbinder
LKTLMLLLLCSPSKR,1,IEDB_mhc2_binder
ERIQEASNKIVHITN,0,IEDB_mhc2_nonbinder
LEQECHIPFAEFENF,0,IEDB_mhc2_nonbinder
LDYISLSVYDVPTSD,0,IEDB_mhc2_nonbinder
LYNPSVKTGDFGSRS,0,IEDB_mhc2_nonbinder
DIWLSVKSKKVLHLH,0,IEDB_mhc2_nonbinder
SFFWFNEVLELEDDS,0,IEDB_mhc2_nonbinder
DLLTFDKSNLALGRA,0,IEDB_mhc2_nonbinder
IGDLGRDELMELASD,0,IEDB_mhc2_nonbinder
LMSLSCQSVCEEFFH,1,IEDB_mhc2_binder
RSEILRTLGFQQQGT,1,IEDB_mhc2_binder
MYRRNDRGIGSEILQ,0,IEDB_mhc2_nonbinder
PSSGCYIHFFREPTD,1,IEDB_mhc2_binder
FLADWVVERVRWLLI,1,IEDB_mhc2_binder
NLRMDLLNSLELNKK,0,IEDB_mhc2_nonbinder
IQEQEQMIKEFYESN,0,IEDB_mhc2_nonbinder
KSHLYIKGGNASFMI,1,IEDB_mhc2_binder
VNTLRFLVKNAGYLV,1,IEDB_mhc2_binder
LEWMLEMCSFHSDET,0,IEDB_mhc2_nonbinder
SRVLNYDFNKLTALA,1,IEDB_mhc2_binder
DVCKRFNEMDKTAIR,0,IEDB_mhc2_nonbinder
LCLCIVTFSDKKKLF,0,IEDB_mhc2_nonbinder
SWIRSCPDLKDCLID,1,IEDB_mhc2_binder
KTLILLETFVRVNPE,1,IEDB_mhc2_binder
LKIWYKSEVYEKGLG,1,IEDB_mhc2_binder
NVENKNLQVWLRAVD,0,IEDB_mhc2_nonbinder
VQYILVEMHGEMDES,0,IEDB_mhc2_nonbinder
WQQRKRESTEMAKIV,0,IEDB_mhc2_nonbinder
SIKLTLDIQIVHMRN,1,IEDB_mhc2_binder
NIDLTGIFLGDEMRK,0,IEDB_mhc2_nonbinder
VPSCPFCANKLMDVV,1,IEDB_mhc2_binder
IKDVLKYRWLNLSAN,1,IEDB_mhc2_binder
KYRWLNLSANGDLRL,1,IEDB_mhc2_binder
ILFQQEDFVLVYDLH,1,IEDB_mhc2_binder
HRSRMVGLLEWIFRA,1,IEDB_mhc2_binder
LRMIRQKYQLFSKLN,0,IEDB_mhc2_nonbinder
AIEKYKETMFLVEEI,0,IEDB_mhc2_nonbinder
YDFNKLTALAVSQLT,1,IEDB_mhc2_binder
SELRFNHFFDDCLMD,0,IEDB_mhc2_nonbinder
KGKSAWYVDTEIINE,1,IEDB_mhc2_binder
LDSIKSRCAQQIASF,0,IEDB_mhc2_nonbinder
CARKVFNDIKKGKIF,1,IEDB_mhc2_binder
PGGQQLTVLAIARGL,0,IEDB_mhc2_nonbinder
PSSSTNLNSTEFISG,0,IEDB_mhc2_nonbinder
KLFIKDKKLEVPEEK,0,IEDB_mhc2_nonbinder
FLLMYEMHRESLLKS,1,IEDB_mhc2_binder
YIYGSDAPVEREDCS,0,IEDB_mhc2_nonbinder
VKPATLLPEGVGHWC,0,IEDB_mhc2_nonbinder
FIVFLLLAGRSCSYK,1,IEDB_mhc2_binder
MGLTYGSWGTPDADS,0,IEDB_mhc2_nonbinder
MVKDASSPEHMRYER,0,IEDB_mhc2_nonbinder
FIKSKKWSDEKMLLA,0,IEDB_mhc2_nonbinder
EDRLLEEYSKLLKFQ,0,IEDB_mhc2_nonbinder
SVMYISVGTRLVSYK,0,IEDB_mhc2_nonbinder
IPIFFEEALNVALAV,1,IEDB_mhc2_binder
DQEYQRLIHSLSNVK,1,IEDB_mhc2_binder
LFAELKPIIGNGVED,0,IEDB_mhc2_nonbinder
ETDQTVCPANTKILK,0,IEDB_mhc2_nonbinder
VLDILTANKLIRQKL,1,IEDB_mhc2_binder
PRLTLLDFMAVQLEL,0,IEDB_mhc2_nonbinder
TLLSGVLLVYMGADQ,0,IEDB_mhc2_nonbinder
HLSLLLPLADVSAIG,0,IEDB_mhc2_nonbinder
FDQCHTLNSNVLHTK,0,IEDB_mhc2_nonbinder
PLLTQLIDINLHPTP,0,IEDB_mhc2_nonbinder
SKVIRTERPLSSGVY,1,IEDB_mhc2_binder
FRPTLVSVARPINGI,1,IEDB_mhc2_binder
FPERQELAYQRDIFL,1,IEDB_mhc2_binder
HSHGMLLKDLESAQP,0,IEDB_mhc2_nonbinder
FISNNMIFKCSVSQL,0,IEDB_mhc2_nonbinder
SKAQVLYDIYVSNSH,0,IEDB_mhc2_nonbinder
VGIQDAVNDCVSVGR,0,IEDB_mhc2_nonbinder
GALVIASLPLFTGHE,1,IEDB_mhc2_binder
ASVISKNSSLAFQAE,0,IEDB_mhc2_nonbinder
SDRSILADFFSAEKN,0,IEDB_mhc2_nonbinder
ELLKLLPINDLLCTT,0,IEDB_mhc2_nonbinder
DKVNRMNRVNIEKPF,0,IEDB_mhc2_nonbinder
LCMLNNSFYYMKGGV,1,IEDB_mhc2_binder
DELGNILSTYDKEKL,0,IEDB_mhc2_nonbinder
AGALDEIMAPACCKV,0,IEDB_mhc2_nonbinder
GYLSESSRSRGSRFH,0,IEDB_mhc2_nonbinder
STPGVNLEAFSLMVS,1,IEDB_mhc2_binder
HPAVEHRSRMVGLLE,1,IEDB_mhc2_binder
QTIDTRIEFPSLNII,0,IEDB_mhc2_nonbinder
LSGLLQLIAEYSDEF,0,IEDB_mhc2_nonbinder
FKLTGKTLILLETFV,1,IEDB_mhc2_binder
SHIMSVLDMGQGILH,1,IEDB_mhc2_binder
LMYKNVEDQKQYSQA,0,IEDB_mhc2_nonbinder
VSAMMKSFIKAQLGL,1,IEDB_mhc2_binder
DVILKALGALESEKE,1,IEDB_mhc2_binder
HECLQIVTKDESSIN,0,IEDB_mhc2_nonbinder
PYTKLTLAVNKRQK,0,IEDB_mhc2_nonbinder
WEGYNGLLPIKRIVI,0,IEDB_mhc2_nonbinder
VKYPNLNDLDKLTLE,0,IEDB_mhc2_nonbinder
DTIADQAIANGVPVF,1,IEDB_mhc2_binder
QERFDVTSSDEVMGL,0,IEDB_mhc2_nonbinder
TLGFLLHWNSIPKNKL,0,IEDB_mhc2_nonbinder
RWTQSLRRELGMFTE,1,IEDB_mhc2_binder
ISVDETGDIALEVKA,0,IEDB_mhc2_nonbinder
FSLSMDHSKWGPHMS,1,IEDB_mhc2_binder
DMLHQGDVGNISLSL,0,IEDB_mhc2_nonbinder
PPVGCNTSKTNEYLI,0,IEDB_mhc2_nonbinder
RFHLIKNTFGLLFYQ,1,IEDB_mhc2_binder
FFVFLALAGRSCTEE,1,IEDB_mhc2_binder
MLKNSDLCNICWEQL,1,IEDB_mhc2_binder
SKLLNLKSDLLRAGI,1,IEDB_mhc2_binder
SSISLSLINSMKTSF,1,IEDB_mhc2_binder
SGGVYLGNLSQSQLT,1,IEDB_mhc2_binder
DFSKSAKSTQTDEFR,0,IEDB_mhc2_nonbinder
GSEDHQVLAVRLLFI,0,IEDB_mhc2_nonbinder
MNKLLIHTYSFDASI,0,IEDB_mhc2_nonbinder
VMRYTIDKEFEKICR,1,IEDB_mhc2_binder
LLVEIKGRDYTSEVS,0,IEDB_mhc2_nonbinder
CGRRGQWQMKLSKLG,0,IEDB_mhc2_nonbinder
GYRLQRNIENSFGNQ,1,IEDB_mhc2_binder
TVFLCKAPAKHAVNT,0,IEDB_mhc2_nonbinder
FQLALSMVPTIDDQE,0,IEDB_mhc2_nonbinder
TLGFCLVWRPVLSLD,0,IEDB_mhc2_nonbinder
LKEFSEEYRATCRIN,0,IEDB_mhc2_nonbinder
PKPAPKPAPKPAPKP,1,IEDB_mhc2_binder
VDLESDGKPQKAGSN,0,IEDB_mhc2_nonbinder
CPDLKDCLIDIETAL,0,IEDB_mhc2_nonbinder
KGYALCYSKSRRRVM,1,IEDB_mhc2_binder
LMDVVYSIALHPIDE,1,IEDB_mhc2_binder
FVCLTFGYTLILGAN,0,IEDB_mhc2_nonbinder
ASGVYMGNLTAQQLD,1,IEDB_mhc2_binder
VGNLKFGLSYKEQVG,1,IEDB_mhc2_binder
FFIDQDKLMNARRQL,0,IEDB_mhc2_nonbinder
PHRFDNASILFMLFA,0,IEDB_mhc2_nonbinder
SSAGSAQLVIFKFSG,0,IEDB_mhc2_nonbinder
REELITDTEFLLYRL,1,IEDB_mhc2_binder
CDGRALVLDFLIDSK,0,IEDB_mhc2_nonbinder
AGLIVGQMILLVNDR,1,IEDB_mhc2_binder
LFVMGSTEFRFLPEK,0,IEDB_mhc2_nonbinder
GTDYKRIKHRWAV,0,IEDB_mhc2_nonbinder
VYTLKALCALPLEDC,1,IEDB_mhc2_binder
LNFSYIAVASGKGAS,0,IEDB_mhc2_nonbinder
ASFEAQGALANIAVDKA,1,IEDB_mhc2_binder
QIVHIHGNSAILELH,0,IEDB_mhc2_nonbinder
LDSVKSILKWHLHKV,1,IEDB_mhc2_binder
TVAGSFASEFKSRFF,1,IEDB_mhc2_binder
RLLINERDYSRYFGN,0,IEDB_mhc2_nonbinder
TNESTATLSLCSLAK,0,IEDB_mhc2_nonbinder
IITKDESALNISGYN,1,IEDB_mhc2_binder
HSKWGPMMCPFLFLA,1,IEDB_mhc2_binder
FFIEDSLRLSKQIDS,0,IEDB_mhc2_nonbinder
TNLIKCSDHYICLKC,1,IEDB_mhc2_binder
QELGLSPQQICSNFK,1,IEDB_mhc2_binder
RLKGKSCDDWLGGSV,1,IEDB_mhc2_binder
CDFKNRAKKKFIIVG,0,IEDB_mhc2_nonbinder
TILIKKYNLNRAMML,1,IEDB_mhc2_binder
SFFEEVPNIIHEAIN,1,IEDB_mhc2_binder
DFYSELGNKYAYDLI,1,IEDB_mhc2_binder
QMGGITNNLMAGQSG,0,IEDB_mhc2_nonbinder
KDAAAKAFYENKG,0,IEDB_mhc2_nonbinder
ACVNAYKISFGIFTA,0,IEDB_mhc2_nonbinder
FQKMVEIVFKDLRRD,0,IEDB_mhc2_nonbinder
FGNVVSACQSYHFPL,0,IEDB_mhc2_nonbinder
TINQCGDPSSFDYCG,1,IEDB_mhc2_binder
LPKIFFKFLEKNCKE,0,IEDB_mhc2_nonbinder
KNDNARLDLDGQVLR,0,IEDB_mhc2_nonbinder
EVLKLKDEVRLSTRE,0,IEDB_mhc2_nonbinder
CQFSRPSPIGYLGLL,1,IEDB_mhc2_binder
VSVARQKDILDKGHL,0,IEDB_mhc2_nonbinder
GASDYFDQLRETVEK,1,IEDB_mhc2_binder
KGSDLQILPFTAMKK,0,IEDB_mhc2_nonbinder
IPFYSFKIDGRCPVY,0,IEDB_mhc2_nonbinder
EKVRFEVPELKENFT,0,IEDB_mhc2_nonbinder
TEQFLCYALDLLYDV,1,IEDB_mhc2_binder
KSAFQSSIASGFVGL,1,IEDB_mhc2_binder
DKLKQQRDTLSTQKET,0,IEDB_mhc2_nonbinder
VTRHKHCVGVLMKKE,0,IEDB_mhc2_nonbinder
SQMNKLVNKDVESMR,0,IEDB_mhc2_nonbinder
CSPSKRNQTFLQGLR,1,IEDB_mhc2_binder
AQEDLIMIENDMTQD,0,IEDB_mhc2_nonbinder
KKGQVFEEYLVQLIG,1,IEDB_mhc2_binder
FDSTKEEFIRLLKNR,1,IEDB_mhc2_binder
RILFGDTKYKIGDGF,0,IEDB_mhc2_nonbinder
RLIHSLSNVKNQSLG,1,IEDB_mhc2_binder
KEHIPIRNGGAPLLT,1,IEDB_mhc2_binder
PREIYKTINLLLKNM,0,IEDB_mhc2_nonbinder
LKDGKKASILSISGG,0,IEDB_mhc2_nonbinder
FERDFLPSGYSQKCF,0,IEDB_mhc2_nonbinder
FDVECLQECFLLIMT,0,IEDB_mhc2_nonbinder
LLAFPMLPFLQMCVN,0,IEDB_mhc2_nonbinder
SKSMLEIDIEDQEYQ,0,IEDB_mhc2_nonbinder
MFIDERPGNRNPYEN,0,IEDB_mhc2_nonbinder
NSMLLKEESKWKKFD,0,IEDB_mhc2_nonbinder
FVNYNKTSICSKSNP,0,IEDB_mhc2_nonbinder
LSSKLNKFVSPKSVI,1,IEDB_mhc2_binder
HTLSGQHSLPRCWLI,1,IEDB_mhc2_binder
FKLKRKMVYSFSLEC,1,IEDB_mhc2_binder
YRRPNDIKSFKDQSK,0,IEDB_mhc2_nonbinder
LHAEERTYWDLHAEE,1,IEDB_mhc2_binder
SSTVKLRQNEFGPAR,1,IEDB_mhc2_binder
FIDSLLWNVVGSRCG,0,IEDB_mhc2_nonbinder
GSLLDFSAKCTPQIY,0,IEDB_mhc2_nonbinder
SSINISTLFSSLKLL,0,IEDB_mhc2_nonbinder
TCEICALKPKIIYCN,1,IEDB_mhc2_binder
LIFFKWLPYQDSVSS,0,IEDB_mhc2_nonbinder
QLLHNAAVDQIKVKL,0,IEDB_mhc2_nonbinder
PVAGYLLNTTYLKLS,0,IEDB_mhc2_nonbinder
AYWSTPKTKVDGGFS,0,IEDB_mhc2_nonbinder
GEGYVVKLLSNQGKF,0,IEDB_mhc2_nonbinder
KSALTVNTTLSNMHI,0,IEDB_mhc2_nonbinder
PSLVQEFIDRFYRLK,0,IEDB_mhc2_nonbinder
FNAWLTSILLSLEIV,0,IEDB_mhc2_nonbinder
IYEPEDLGNCLNKSD,0,IEDB_mhc2_nonbinder
SLLQYARYPIDPFLL,1,IEDB_mhc2_binder
MGLKLLLFLKSIASH,0,IEDB_mhc2_nonbinder
FKVQFLFSSMIDPLI,1,IEDB_mhc2_binder
PLSLIALVPCLLSIR,0,IEDB_mhc2_nonbinder
RNNILMLRTLLFTDF,0,IEDB_mhc2_nonbinder
INIPYCNYTKFWYVN,1,IEDB_mhc2_binder
FVYSIVVENLKDGFS,0,IEDB_mhc2_nonbinder
LHNTSDYYGLVTEQF,1,IEDB_mhc2_binder
EEVMNIVLIALSILA,1,IEDB_mhc2_binder
NFERSLKAFFSWSLT,1,IEDB_mhc2_binder
HIDLMSKLAVECKSS,1,IEDB_mhc2_binder
SAQTDKQVVSLFKDT,0,IEDB_mhc2_nonbinder
DYFSLVLTNACELGE,1,IEDB_mhc2_binder
SLFEESEYSRLCESL,1,IEDB_mhc2_binder
FEQMRLFKTLSSISL,1,IEDB_mhc2_binder
NRLLLLWKLHDIPNL,0,IEDB_mhc2_nonbinder
AAQPGLTSAVIEALP,0,IEDB_mhc2_nonbinder
RELAIFIFEFNSDAK,0,IEDB_mhc2_nonbinder
LALYNCRDMLASDKI,0,IEDB_mhc2_nonbinder
VSHCSLKACLELEVN,0,IEDB_mhc2_nonbinder
RKRVKIKELNEFKSL,0,IEDB_mhc2_nonbinder
MALNHTTQLNNVKKT,0,IEDB_mhc2_nonbinder
YVNHTASGEHSLPRC,0,IEDB_mhc2_nonbinder
IDATLIDCGAKSPLT,0,IEDB_mhc2_nonbinder
SVIFNYSMRDIAVLS,0,IEDB_mhc2_nonbinder
KSLDPPWFRALGFSS,0,IEDB_mhc2_nonbinder
LKTMLVPILGNDLYG,0,IEDB_mhc2_nonbinder
LGLGHVLQSVRRSYP,1,IEDB_mhc2_binder
SSWAIHWFSNALGHD,1,IEDB_mhc2_binder
LNPTLSPLLNFCNHD,0,IEDB_mhc2_nonbinder
DLLIEALSAMMLDRL,1,IEDB_mhc2_binder
SPQQICTNFKTQLVL,1,IEDB_mhc2_binder
VIGLLPQNMVLTTQG,1,IEDB_mhc2_binder
HCALLDCIMFSAVIS,1,IEDB_mhc2_binder
KEILSFCISLFNRGR,1,IEDB_mhc2_binder
ACMLDGGNMLETIKV,1,IEDB_mhc2_binder
EMAYFVEQTMSDLER,0,IEDB_mhc2_nonbinder
IEDQLGMNHVLHSIR,1,IEDB_mhc2_binder
WTSFFHGLVNHPNVY,0,IEDB_mhc2_nonbinder
KVVNKNIERPMFRND,1,IEDB_mhc2_binder
LKALTTKHPSLNIIT,1,IEDB_mhc2_binder
GMFCPEISGAHYRNK,0,IEDB_mhc2_nonbinder
PLVLDGGSILADGKK,1,IEDB_mhc2_binder
LDDSNKRKVLAIDFG,0,IEDB_mhc2_nonbinder
IGSRSQIKGRSWENT,0,IEDB_mhc2_nonbinder
LNVSYLCHLVTKETP,1,IEDB_mhc2_binder
RRIFLNDSPEVLQVY,0,IEDB_mhc2_nonbinder
YLGPLSCKSCWQKFD,0,IEDB_mhc2_nonbinder
RPVTGPRAPEKNGQN,0,IEDB_mhc2_nonbinder
GKRKGCVSDGKSGCM,0,IEDB_mhc2_nonbinder
GIKAKMLSGHSNIFY,0,IEDB_mhc2_nonbinder
FSLSAAVKAGASILD,1,IEDB_mhc2_binder
LRIISMLRRKSKTLV,0,IEDB_mhc2_nonbinder
LSDLYALITEQFLNY,1,IEDB_mhc2_binder
ISVIKGLYKILVNIA,0,IEDB_mhc2_nonbinder
HHIQLMSKLAVECKS,1,IEDB_mhc2_binder
PKSMVFTAQGADDIR,1,IEDB_mhc2_binder
LEKLLSFGSLSEEVC,0,IEDB_mhc2_nonbinder
RTPVDRSKIDLDSVK,0,IEDB_mhc2_nonbinder
AQFGDWVEFASFKVA,1,IEDB_mhc2_binder
DFFTRELIHLGVLQG,0,IEDB_mhc2_nonbinder
VLQNLIFLSKDLQAD,1,IEDB_mhc2_binder
QEQLERPIYALFFDR,0,IEDB_mhc2_nonbinder
VQIRVESKGLLRDFT,0,IEDB_mhc2_nonbinder
DYMLNSTGGILEFSI,1,IEDB_mhc2_binder
VELDTKSAQDREYFG,0,IEDB_mhc2_nonbinder
EGSNIQFNISKADDT,1,IEDB_mhc2_binder
ELSVELLNIKSVRNQ,0,IEDB_mhc2_nonbinder
KLNNQFGSVPALTIA,1,IEDB_mhc2_binder
FRKNGSGRLCVLSVD,0,IEDB_mhc2_nonbinder
VLPGKSTYLDINEIL,0,IEDB_mhc2_nonbinder
AGRQLKKFLSSTTLN,0,IEDB_mhc2_nonbinder
LDKSYFTNAALRNLC,1,IEDB_mhc2_binder
VAAALHNIKCKEPHQ,0,IEDB_mhc2_nonbinder
LLLACYASVGNKASA,0,IEDB_mhc2_nonbinder
KEIRAEVSLHEVKDF,1,IEDB_mhc2_binder
TMTRPILRLLVLAVL,1,IEDB_mhc2_binder
VFLEGVSVDNISLLP,1,IEDB_mhc2_binder
ISSIDRFFSKELLDQ,1,IEDB_mhc2_binder
QGLYMGNLSQLQLTK,1,IEDB_mhc2_binder
VVKDAQALLHGLDFS,1,IEDB_mhc2_binder
FKCLSHISLSLVNSM,1,IEDB_mhc2_binder
KGSKIFNTRRNTLLF,1,IEDB_mhc2_binder
LGVRMEIKERWTLLL,0,IEDB_mhc2_nonbinder
LNIMLGKSSFCDICG,1,IEDB_mhc2_binder
LDGALKAKQSAESKLEG,1,IEDB_mhc2_binder
NLDFLQTTFPNEAES,0,IEDB_mhc2_nonbinder
DSSGKDMPGGYCLEE,0,IEDB_mhc2_nonbinder
MGQLFSFFEEVPNII,1,IEDB_mhc2_binder
NAKLIKEENKSKSRG,0,IEDB_mhc2_nonbinder
NSIGRNYRATDEKLV,0,IEDB_mhc2_nonbinder
NWPLTKVLNEVIHMK,0,IEDB_mhc2_nonbinder
FDKDDRMQCNHTACE,0,IEDB_mhc2_nonbinder
KSKRNDGDLDKLRDL,0,IEDB_mhc2_nonbinder
LYEEELTPLLPPSLL,1,IEDB_mhc2_binder
NPFRPNITSTALDLS,1,IEDB_mhc2_binder
VNRVLNYRWVNLSSF,1,IEDB_mhc2_binder
ITDAVGNDMPGGYCL,1,IEDB_mhc2_binder
RELLAELFGGAFYAD,0,IEDB_mhc2_nonbinder
LIRYSGYGETPFGAI,1,IEDB_mhc2_binder
SIFLHLLRIPTHRHI,1,IEDB_mhc2_binder
NITMEDHCSQVFLKM,1,IEDB_mhc2_binder
VKAKVYSCNIESIDQ,0,IEDB_mhc2_nonbinder
HFDQKLGSYEHKSRS,1,IEDB_mhc2_binder
LTKFVAAALHNVKCK,1,IEDB_mhc2_binder
FPWKIDQSEEARGEF,0,IEDB_mhc2_nonbinder
DMPGGYCLEEWMLIA,1,IEDB_mhc2_binder
AEPVSDYLDLLQAIK,0,IEDB_mhc2_nonbinder
MTLADDLEIGLSSAS,0,IEDB_mhc2_nonbinder
KNNSLNCIKELEGQL,0,IEDB_mhc2_nonbinder
IEDAKRMIAISAKVA,0,IEDB_mhc2_nonbinder
KSKRGDTDLDKLRDL,0,IEDB_mhc2_nonbinder
RDIMGIPYCNYSKYW,1,IEDB_mhc2_binder
TLVPVVDGRGNYNTD,0,IEDB_mhc2_nonbinder
IKCFEKFLEPKLKFN,1,IEDB_mhc2_binder
LSVYDKEKLVSTCVS,1,IEDB_mhc2_binder
HEAINIALIAVSLIA,1,IEDB_mhc2_binder
RVGNETGLELTLTNT,0,IEDB_mhc2_nonbinder
TILQRLGVLFGSRIA,1,IEDB_mhc2_binder
DTILKLGDLNKSELM,1,IEDB_mhc2_binder
PRDMVFRTSTPKVVL,1,IEDB_mhc2_binder
EILKASKSMLEIDIE,1,IEDB_mhc2_binder
NDKQLRVYILSVNVK,0,IEDB_mhc2_nonbinder
RCLNVMLKNSDLCNI,1,IEDB_mhc2_binder
SPVSILSTLSILNHG,0,IEDB_mhc2_nonbinder
KLAFLVQTEPRMLLM,1,IEDB_mhc2_binder
RLMSMKSIQKNTIFK,1,IEDB_mhc2_binder
CIYEKKSLMNSTFLR,0,IEDB_mhc2_nonbinder
ALAENVPVIQAFLLI,0,IEDB_mhc2_nonbinder
TSLLNGLDFSEVSNV,1,IEDB_mhc2_binder
ANLNYYTLTDPLAKK,0,IEDB_mhc2_nonbinder
ANREFKSFHSKLTFL,0,IEDB_mhc2_nonbinder
VATHLCAKALFKNVK,0,IEDB_mhc2_nonbinder
FSCDAHEDTLCALKN,0,IEDB_mhc2_nonbinder
NLQVMFPSQCVRVVQ,0,IEDB_mhc2_nonbinder
VVPIYGLNEEKAACV,0,IEDB_mhc2_nonbinder
LFNRGKLKVSGELKN,1,IEDB_mhc2_binder
LQRKIEAIFSDDKET,1,IEDB_mhc2_binder
RQTLDYRWVNLASFG,1,IEDB_mhc2_binder
TLWLDIEGPPTDPVE,1,IEDB_mhc2_binder
DLNLKCWVSELCKRL,0,IEDB_mhc2_nonbinder
PILRLLVLAILCSPS,1,IEDB_mhc2_binder
MNDTGPILRLLVLAI,1,IEDB_mhc2_binder
LDICPLELLLKNLTT,1,IEDB_mhc2_binder
HDLPLLCTLNKSHLY,1,IEDB_mhc2_binder
HNYEQKFIDVILSDG,1,IEDB_mhc2_binder
ICSYDNDLLHLKCKA,0,IEDB_mhc2_nonbinder
LIAELYEDSADDLNS,0,IEDB_mhc2_nonbinder
SMHLMLANAGRSSGS,1,IEDB_mhc2_binder
MPSNMNDFQPSFMQL,0,IEDB_mhc2_nonbinder
KIPSLIKTLQNKLCS,1,IEDB_mhc2_binder
IIGSLPQEIFFISGM,0,IEDB_mhc2_nonbinder
LKGTKAIQNKSFRSM,0,IEDB_mhc2_nonbinder
SQTAANPSCPEGT,0,IEDB_mhc2_nonbinder
KPPKRPPNTQTSANQ,0,IEDB_mhc2_nonbinder
IGRGGDEALRGFLLY,1,IEDB_mhc2_binder
IKSILNGLVIYQFKG,0,IEDB_mhc2_nonbinder
DMLRLFDFNKQAIQR,1,IEDB_mhc2_binder
SFKVAFSKHYKDIVV,1,IEDB_mhc2_binder
AFTLIGSQDPPLRAH,0,IEDB_mhc2_nonbinder
DAQSALSQCRTFRGR,1,IEDB_mhc2_binder
VTGISVDGDSLVSTY,0,IEDB_mhc2_nonbinder
LSTRESNSEAIADKL,1,IEDB_mhc2_binder
DVSMSTIFSNKGNYY,0,IEDB_mhc2_nonbinder
AENVIVGLVVQIDHV,1,IEDB_mhc2_binder
VLSHIAMHQYAQLNK,0,IEDB_mhc2_nonbinder
LYTSLAQSLLTVVGN,0,IEDB_mhc2_nonbinder
LGNKYAYDLIGPDNP,0,IEDB_mhc2_nonbinder
PERWLGLEVFSLASR,0,IEDB_mhc2_nonbinder
PNLNDLKALTTKHPS,1,IEDB_mhc2_binder
KIRELMSVPYCNYTK,1,IEDB_mhc2_binder
QIKCFEKFMEPKLEF,1,IEDB_mhc2_binder
LDHSKWGPFMSPALF,1,IEDB_mhc2_binder
RNVAVGQLGIMLILD,0,IEDB_mhc2_nonbinder
VHIVNWVPHKLKMLE,0,IEDB_mhc2_nonbinder
KDRKSRKHTLFQVIM,0,IEDB_mhc2_nonbinder
SGKMAHLRKVILSEI,1,IEDB_mhc2_binder
YPLSDPSTHAKSWGM,0,IEDB_mhc2_nonbinder
LRNRLGRGSAEIFLQ,0,IEDB_mhc2_nonbinder
QETMLMNLTYELNLE,0,IEDB_mhc2_nonbinder
SLELELIGSKRILDE,1,IEDB_mhc2_binder
ADDFSALAAITKKYN,0,IEDB_mhc2_nonbinder
EACFVKVAGPQYRYR,0,IEDB_mhc2_nonbinder
VSFDLESFHNGKIYF,0,IEDB_mhc2_nonbinder
EFKNTKGLHHLQIIL,1,IEDB_mhc2_binder
RLKFSLSYKEQVGGN,1,IEDB_mhc2_binder
VVFAFVSVGRFKFNE,0,IEDB_mhc2_nonbinder
RVSEQELPITTMLRR,0,IEDB_mhc2_nonbinder
SRCYSIYLSINGVLE,1,IEDB_mhc2_binder
ARLTLQSEFLRQPVK,0,IEDB_mhc2_nonbinder
DQLLAIPFGELCLPL,0,IEDB_mhc2_nonbinder
VPDGYNLMGKTLILL,1,IEDB_mhc2_binder
MGEETPLLTKFVAAA,1,IEDB_mhc2_binder
ISPHVQLGLMISMGD,0,IEDB_mhc2_nonbinder
SFGLYVTSTPRTVAR,0,IEDB_mhc2_nonbinder
LSAFSSQIDQDSTYD,0,IEDB_mhc2_nonbinder
INGTSIMDGELYLFS,0,IEDB_mhc2_nonbinder
KTLILLETFVRVNPD,1,IEDB_mhc2_binder
NAKKFLSKDGCTSAK,1,IEDB_mhc2_binder
LVSFLLLAGRSCGMY,1,IEDB_mhc2_binder
QRLLRKSKRGDTDLD,0,IEDB_mhc2_nonbinder
LFLDLIMVNLMVDIS,1,IEDB_mhc2_binder
GELKNNPFRPNITST,1,IEDB_mhc2_binder
DLFNRDKNEAILQFG,1,IEDB_mhc2_binder
SVNQIVAENKEGTVM,0,IEDB_mhc2_nonbinder
VRALSEIERESDNSS,0,IEDB_mhc2_nonbinder
SFVGHTFELNEFVGK,0,IEDB_mhc2_nonbinder
NNPNLFWAVKPRGTR,1,IEDB_mhc2_binder
NAYLSVLYRDETQAM,0,IEDB_mhc2_nonbinder
QLALHKMKSSDAREE,1,IEDB_mhc2_binder
AVKVFSEFEPTLLLD,0,IEDB_mhc2_nonbinder
IETALRTLILLMLTN,1,IEDB_mhc2_binder
KVVVDESVVSGLQIA,0,IEDB_mhc2_nonbinder
QNTQMRLLKPEGYMS,0,IEDB_mhc2_nonbinder
TMKEISRVDNLLNSM,0,IEDB_mhc2_nonbinder
MAYQSQDANLTGLGV,0,IEDB_mhc2_nonbinder
LRNTKPIKMCPLCPS,0,IEDB_mhc2_nonbinder
IMINGLKKFFSKSLR,1,IEDB_mhc2_binder
RSNYVLLKSFRSFLF,0,IEDB_mhc2_nonbinder
VSEFTNVPDFELLLS,1,IEDB_mhc2_binder
NMLTHSINSLISDNL,1,IEDB_mhc2_binder
SQVHPSPLLTEGFKL,1,IEDB_mhc2_binder
SNSEAIADRLDKSFF,1,IEDB_mhc2_binder
RELLSYCVSLFNKGR,1,IEDB_mhc2_binder
VLSYVIGLLPPDMVV,1,IEDB_mhc2_binder
FLTIRGQNPVLSANN,0,IEDB_mhc2_nonbinder
MLETIKIEESTFTTV,1,IEDB_mhc2_binder
GWKCKKTALLSGGFE,0,IEDB_mhc2_nonbinder
PLLTVLNYGLTLKSS,0,IEDB_mhc2_nonbinder
ERYCRTSYLGSSVKQ,0,IEDB_mhc2_nonbinder
LDRDDDLHIKLGKRI,0,IEDB_mhc2_nonbinder
PNVSALQLNSKEQTV,0,IEDB_mhc2_nonbinder
GGYCLERWMLVTSDL,1,IEDB_mhc2_binder
IHVNGQRAGLSSVFE,0,IEDB_mhc2_nonbinder
TLRSQMAVQKKNYII,0,IEDB_mhc2_nonbinder
GSDCKSIVRCGKFMG,0,IEDB_mhc2_nonbinder
VIPDGFKLTGKTLIL,1,IEDB_mhc2_binder
QSSVASGFIGFCKSM,1,IEDB_mhc2_binder
VKCGLRKKHKVSHVN,0,IEDB_mhc2_nonbinder
LINDLILLGSHKDSD,1,IEDB_mhc2_binder
RGFHDPCEEGKVCYL,1,IEDB_mhc2_binder
SLINSMKTSFSSRLL,1,IEDB_mhc2_binder
IIRSLPKSMVFTAQG,1,IEDB_mhc2_binder
AEAEFDLSLVHVQRQ,0,IEDB_mhc2_nonbinder
GIISHLLKVRDNNVY,1,IEDB_mhc2_binder
KVAFSRSLNDLLISD,1,IEDB_mhc2_binder
TAITVQEVFYRFYPS,0,IEDB_mhc2_nonbinder
SLDFTQVSQVQRLLR,1,IEDB_mhc2_binder
QYLQSRDQVPSHIMS,1,IEDB_mhc2_binder
LMYEITGGKFRLKGK,1,IEDB_mhc2_binder
MPGGYCLEKWMLISS,1,IEDB_mhc2_binder
LNDTRALLSGLDFAK,1,IEDB_mhc2_binder
IPRGLGGAIFEYTSY,0,IEDB_mhc2_nonbinder
TWCLEVSVTDVTLLM,1,IEDB_mhc2_binder
VSEAKNAYDAAKQKAKA,0,IEDB_mhc2_nonbinder
NTIFKIGDLGRDELM,1,IEDB_mhc2_binder
LKIVDIKLASEQARK,1,IEDB_mhc2_binder
LRKLVEPMLMTQELG,0,IEDB_mhc2_nonbinder
SNRELYVGDLNTKMM,1,IEDB_mhc2_binder
KEKLVSTCVSTMAER,1,IEDB_mhc2_binder
CVPCLAPNMFVVKDS,0,IEDB_mhc2_nonbinder
HDSEFCDMLRLFDFN,1,IEDB_mhc2_binder
NNQNFFWAVKPKVVR,1,IEDB_mhc2_binder
ASKKSEFEYFVENLC,0,IEDB_mhc2_nonbinder
SLPKCWLVSNGSYLN,1,IEDB_mhc2_binder
LLKILVLSILSSPTK,1,IEDB_mhc2_binder
KETWTNLEAINTADL,0,IEDB_mhc2_nonbinder
NSRIYVELLSDHAEN,0,IEDB_mhc2_nonbinder
DLLLATTLKEPQFLG,0,IEDB_mhc2_nonbinder
CTSHGKQNVLISVSN,1,IEDB_mhc2_binder
LRAVLPRDMVFRTST,1,IEDB_mhc2_binder
GKFKLTDRRELLESL,1,IEDB_mhc2_binder
RLLDILEAIKLIRKK,1,IEDB_mhc2_binder
IVVLAIKLYISIGKN,0,IEDB_mhc2_nonbinder
GSALAAAFIDLFDGY,0,IEDB_mhc2_nonbinder
LKVTGELKSNPYRPN,1,IEDB_mhc2_binder
FERQYKELQTQAEDDRR,1,IEDB_mhc2_binder
KVGEVCSFYADPKRY,1,IEDB_mhc2_binder
RRGLSAWTTSVKADV,1,IEDB_mhc2_binder
KDKTNVSLSVIELKE,0,IEDB_mhc2_nonbinder
ILLGSSGAVQRIEMK,0,IEDB_mhc2_nonbinder
LDEDFIIGLKQLAGN,0,IEDB_mhc2_nonbinder
SKQEEKVFEESEYFR,0,IEDB_mhc2_nonbinder
AGNGVVRIWDVSDPS,0,IEDB_mhc2_nonbinder
LECFVRSTPASFEKK,1,IEDB_mhc2_binder
CSEMIRFDKNEEALK,0,IEDB_mhc2_nonbinder
TNCTTAMLKNLCFYS,1,IEDB_mhc2_binder
YQRSEEEKFPYIMGD,1,IEDB_mhc2_binder
LLSYVIGLLPQGSVI,1,IEDB_mhc2_binder
PVKNLMHMQLNQFFS,0,IEDB_mhc2_nonbinder
SKTIVETSLLEQLPK,0,IEDB_mhc2_nonbinder
QVFSCSEYKKKLINQ,0,IEDB_mhc2_nonbinder
LFEPLLVDSLNEEAL,0,IEDB_mhc2_nonbinder
GSEGNHSLLDGALVI,1,IEDB_mhc2_binder
KSLESSRSELGRHYT,0,IEDB_mhc2_nonbinder
RQAEPSLYGRHNCRC,0,IEDB_mhc2_nonbinder
SLTKMILVLILAHPS,1,IEDB_mhc2_binder
NSTKQVAILKRQAEP,0,IEDB_mhc2_nonbinder
SCSFRIGRSTELQNI,1,IEDB_mhc2_binder
LDLSSNKSVVIPKLN,1,IEDB_mhc2_binder
VRAFYNTPSIKAQPS,0,IEDB_mhc2_nonbinder
KATLSVKVFLHCNKA,0,IEDB_mhc2_nonbinder
YCIGKLKRSLGLMGC,1,IEDB_mhc2_binder
IAYQEDEFFECFKYL,1,IEDB_mhc2_binder
WLYKRLSLDLGRNNA,0,IEDB_mhc2_nonbinder
RIISKKTTNLRSQFG,0,IEDB_mhc2_nonbinder
FKFILNISYMCHFIT,1,IEDB_mhc2_binder
KVQRTERVGNGTGQY,0,IEDB_mhc2_nonbinder
FLYIKDIFTRIMPCL,1,IEDB_mhc2_binder
SAVFQVLLRVSVSGE,0,IEDB_mhc2_nonbinder
LLTSLRMLKLLPKCS,0,IEDB_mhc2_nonbinder
FLSKCFSSFVFDKNH,0,IEDB_mhc2_nonbinder
DSRKYENAVWDQYKD,0,IEDB_mhc2_nonbinder
MEVICLNSYDSIMDF,1,IEDB_mhc2_binder
DDQMSICLGCVFLLA,0,IEDB_mhc2_nonbinder
QITLIKTPSLDIEGG,1,IEDB_mhc2_binder
NDQLIMKNHLRDIMG,1,IEDB_mhc2_binder
EMSKNLDDHAMIKFL,0,IEDB_mhc2_nonbinder
NGSRHSHGILLKDLE,1,IEDB_mhc2_binder
LELIYVLFFRKTTFN,0,IEDB_mhc2_nonbinder
EPCPLPHRLNSRGGC,1,IEDB_mhc2_binder
DAISILVEIGAKGVD,0,IEDB_mhc2_nonbinder
LENQKKFTTLGYFGK,0,IEDB_mhc2_nonbinder
YKHESIFICGRRNVQ,0,IEDB_mhc2_nonbinder
KNTFGLLFYQKTGEK,1,IEDB_mhc2_binder
VYSYTVECETNITDI,1,IEDB_mhc2_binder
PKSRTRLNLDPLLNI,1,IEDB_mhc2_binder
WCRQGRLLTSNHPGI,0,IEDB_mhc2_nonbinder
KDSPDSRVQNWLNVL,0,IEDB_mhc2_nonbinder
ICTGSFQTAPVAVLM,0,IEDB_mhc2_nonbinder
STHIVSKISIRVNQL,1,IEDB_mhc2_binder
RTLGFQQQRGAAGGV,1,IEDB_mhc2_binder
VKWAKEQPLDAIVRQ,0,IEDB_mhc2_nonbinder
IMFDAAVSGGLNTLV,1,IEDB_mhc2_binder
WLEMICFHEFLSSKL,1,IEDB_mhc2_binder
LSNNNNSDLWPKVNG,0,IEDB_mhc2_nonbinder
PDSMDYLILKNLTGL,1,IEDB_mhc2_binder
TSQVILFQQEDFTIV,1,IEDB_mhc2_binder
QQVVQSDECRTGFRL,0,IEDB_mhc2_nonbinder
KFFSEGDWFSCMKMI,1,IEDB_mhc2_binder
MYIIYQALANFHQHV,0,IEDB_mhc2_nonbinder
YGSEKCLLTYSRSKD,0,IEDB_mhc2_nonbinder
VFTVQLGSPLSAVSA,0,IEDB_mhc2_nonbinder
QSVANGVPVHLCNLI,1,IEDB_mhc2_binder
FGCAVVNPSLNGKLT,1,IEDB_mhc2_binder
PPEVYKELCDAVYKS,1,IEDB_mhc2_binder
LIIRVENVSDISSRR,0,IEDB_mhc2_nonbinder
QVVLSSMINPLVMST,1,IEDB_mhc2_binder
HYYLSSKLNKFVSPK,1,IEDB_mhc2_binder
IRRGARKVFLEIKKG,1,IEDB_mhc2_binder
KFSMLNKLSNQGKSV,0,IEDB_mhc2_nonbinder
PAPPRHAVHQVGLDG,0,IEDB_mhc2_nonbinder
FWYVNHTGFNVHSLP,1,IEDB_mhc2_binder
VTIDKRALDLNVLLN,0,IEDB_mhc2_nonbinder
ELEGQLHNIRSLTKM,1,IEDB_mhc2_binder
SYVRGQNFLKGRTDK,0,IEDB_mhc2_nonbinder
YLEVISHRSRLEELS,0,IEDB_mhc2_nonbinder
PENQEDPLVLKDGAF,1,IEDB_mhc2_binder
HCIPVPRRLKGNKPH,0,IEDB_mhc2_nonbinder
WSILPLPGGSYLHER,0,IEDB_mhc2_nonbinder
VPVNDNRRWNVDLIA,0,IEDB_mhc2_nonbinder
LAKMADNSVNTRTKN,1,IEDB_mhc2_binder
ICFLSLEFACCLRDS,0,IEDB_mhc2_nonbinder
DKSVETILIDSGIVC,1,IEDB_mhc2_binder
IVGFMYKDEELEELP,0,IEDB_mhc2_nonbinder
AFANQIHHIDLISKL,1,IEDB_mhc2_binder
SILGQPFVKLGLQDR,0,IEDB_mhc2_nonbinder
LDMAVECGADLVIEC,0,IEDB_mhc2_nonbinder
LDSNVKGFYSLLLGE,0,IEDB_mhc2_nonbinder
SFSTRAFSGKEVFAF,0,IEDB_mhc2_nonbinder
GKLRLKGRTCEELIE,1,IEDB_mhc2_binder
TGGKFRLKGKSCDDW,1,IEDB_mhc2_binder
QTINALISDNLLMKN,1,IEDB_mhc2_binder
VTKISERVNRLIRYS,1,IEDB_mhc2_binder
TDRKSLLQTLVLSSA,1,IEDB_mhc2_binder
RSKLDEHCISKSQFM,0,IEDB_mhc2_nonbinder
LVGIPTHRHIRGEAC,1,IEDB_mhc2_binder
VTEFSQLNCEDEKFI,0,IEDB_mhc2_nonbinder
EKYGHLCKHHNGVVV,1,IEDB_mhc2_binder
NFLLIMSLAVRDYQY,0,IEDB_mhc2_nonbinder
LEHDHHFTPQIICGN,1,IEDB_mhc2_binder
NITSTALDLSSNKSV,1,IEDB_mhc2_binder
KADDTRVYGKKIRNG,1,IEDB_mhc2_binder
FVNCIQRRTLDLLKY,1,IEDB_mhc2_binder
LKLNMAFCVAVYDIS,0,IEDB_mhc2_nonbinder
FFLFSFVPTGHLTLT,0,IEDB_mhc2_nonbinder
GLLPDALLFTLEAAF,1,IEDB_mhc2_binder
IKTIQSRLSRNFTKG,1,IEDB_mhc2_binder
NESVVSYFRPLLWDY,1,IEDB_mhc2_binder
EKFRVLRILGRRALL,0,IEDB_mhc2_nonbinder
KFLDVCIALDMMNEN,1,IEDB_mhc2_binder
SMKSNLMTVQAKAEG,0,IEDB_mhc2_nonbinder
PVTYTSSDDQVSLIK,1,IEDB_mhc2_binder
ETFVRVNPDDFEKKW,0,IEDB_mhc2_nonbinder
FRIDMPNLNTLTDLI,0,IEDB_mhc2_nonbinder
IICGNVSKGEVNAQV,1,IEDB_mhc2_binder
DIAMGYVVSSFDNIK,1,IEDB_mhc2_binder
SSYTDWELGLSPQQI,1,IEDB_mhc2_binder
LNSLGGCRCGKYPNL,1,IEDB_mhc2_binder
PKTPFALLFSTTRVD,0,IEDB_mhc2_nonbinder
FKYEETDMALNDIKE,0,IEDB_mhc2_nonbinder
GRKDIKLIDIALSKT,1,IEDB_mhc2_binder
SIMDKISLLSFVKGK,0,IEDB_mhc2_nonbinder
VFHIAMDMNIHLQYA,0,IEDB_mhc2_nonbinder
LLYKLCLSGDGWPYI,1,IEDB_mhc2_binder
NKALELFRKDIAAKY,1,IEDB_mhc2_binder
HVCPKTYRYVDLQKKS,0,IEDB_mhc2_nonbinder
KKRIPSLQRANFFSL,0,IEDB_mhc2_nonbinder
SFFGEIPSIIHEALN,1,IEDB_mhc2_binder
VKPLAPALPLFLSLL,0,IEDB_mhc2_nonbinder
MLDDDKITKALSFHF,0,IEDB_mhc2_nonbinder
GLWPYLKATKQIINF,1,IEDB_mhc2_binder
VPLTIKMGALFEGRN,1,IEDB_mhc2_binder
VILIMQQLNDQESGH,0,IEDB_mhc2_nonbinder
SEKCNFFLEEVLDVC,1,IEDB_mhc2_binder
LSQCRTFRGRVLDMF,1,IEDB_mhc2_binder
NIASFGLSGNLSSYK,0,IEDB_mhc2_nonbinder
QDLLCSRSANSFASQ,0,IEDB_mhc2_nonbinder
VSRTMDSGRLKFLDV,1,IEDB_mhc2_binder
LLTVHPDPSDILIQG,0,IEDB_mhc2_nonbinder
QADNMITEMLQKEYM,1,IEDB_mhc2_binder
QVCYNFKVQFLFSSM,1,IEDB_mhc2_binder
SHLLFKKYNSYSVKP,0,IEDB_mhc2_nonbinder
LFDVRTEFSKRIEDS,0,IEDB_mhc2_nonbinder
NCKSCWQKFDSLVRC,1,IEDB_mhc2_binder
PSINDLDEVISNKFH,1,IEDB_mhc2_binder
KGTLFVFITLTELKL,0,IEDB_mhc2_nonbinder
TLSLMKREILESERV,0,IEDB_mhc2_nonbinder
QVDMHLIEDVTDYFR,0,IEDB_mhc2_nonbinder
NTDIKGRSSVFSRAD,0,IEDB_mhc2_nonbinder
DSKFDSLEDFFDAVA,1,IEDB_mhc2_binder
TPLGLVDLFVFSTSF,1,IEDB_mhc2_binder
TIPGSADVFDWIMTN,0,IEDB_mhc2_nonbinder
EKSALVPHWVVLKIH,0,IEDB_mhc2_nonbinder
LTMDDHVTRVCKQDG,0,IEDB_mhc2_nonbinder
KSFIKAQLGLRKKTK,1,IEDB_mhc2_binder
FQSAIAGQPPQTKLE,1,IEDB_mhc2_binder
HISLSLVNSMKTSFS,1,IEDB_mhc2_binder
VGFGAGTQSWLRMMY,0,IEDB_mhc2_nonbinder
TTLIRPTNKLRLLMN,0,IEDB_mhc2_nonbinder
DDKETMFIRNCARKV,1,IEDB_mhc2_binder
NLTLLTEWDRIKSSV,0,IEDB_mhc2_nonbinder
LADNERLSRQKLAFL,1,IEDB_mhc2_binder
RETMQFGLVAIQILE,0,IEDB_mhc2_nonbinder
HPIDEVNMESQSDEN,0,IEDB_mhc2_nonbinder
TMEIEDQEYHRLIHS,1,IEDB_mhc2_binder
LLIIKQRTDLAKNVL,0,IEDB_mhc2_nonbinder
WGLDPTAVIETPLDE,0,IEDB_mhc2_nonbinder
ILVLILAHPSKRSQK,1,IEDB_mhc2_binder
MGQLISFFGEIPSII,1,IEDB_mhc2_binder
DGDLKRLRDLNQAVN,1,IEDB_mhc2_binder
GPCFIASQLFYYSHI,0,IEDB_mhc2_nonbinder
IKSIDFERIGPEWEP,0,IEDB_mhc2_nonbinder
AIKCASEIFLIQKRN,0,IEDB_mhc2_nonbinder
AFQSSVASGFIGFCK,1,IEDB_mhc2_binder
VYKGLPVLGFSCPTD,0,IEDB_mhc2_nonbinder
PLDLLLIVTFLNYGK,0,IEDB_mhc2_nonbinder
KAVLGAKKKLNMFVS,1,IEDB_mhc2_binder
MDEKVFVLKDFIRRQ,1,IEDB_mhc2_binder
LDCLMFQSAIAGQPP,1,IEDB_mhc2_binder
RAQKSKADLLAIIMV,0,IEDB_mhc2_nonbinder
DIFTRIMPCLCEICE,1,IEDB_mhc2_binder
FSKGLGKFKLTDRRE,1,IEDB_mhc2_binder
GVKTFLSVPQLVEEM,0,IEDB_mhc2_nonbinder
NLSKWSPVLQSIKFN,0,IEDB_mhc2_nonbinder
LRLANLTEMQEAVIK,1,IEDB_mhc2_binder
VSSNDKEDLVRDLGL,0,IEDB_mhc2_nonbinder
VSDPSKLNNQFGSMP,0,IEDB_mhc2_nonbinder
TSGVDRNNPLVWTAD,0,IEDB_mhc2_nonbinder
FGEMFVQILLFQSIP,0,IEDB_mhc2_nonbinder
MGNCNKPPKRPPNTQ,0,IEDB_mhc2_nonbinder
DAQPGLLSYVIGLLP,1,IEDB_mhc2_binder
GRMAMHKPDFYWLIM,0,IEDB_mhc2_nonbinder
MGQFRYTLFQKLRNL,0,IEDB_mhc2_nonbinder
VYSDTGSQTLLSKHN,0,IEDB_mhc2_nonbinder
LKQFEIILDNGKKHS,0,IEDB_mhc2_nonbinder
ALEDIDSVETLLCQL,0,IEDB_mhc2_nonbinder
ILHDNPYIFEKSTTC,0,IEDB_mhc2_nonbinder
RQQAEMSKITQSSQC,0,IEDB_mhc2_nonbinder
DKDLTEFCRIHPQTT,0,IEDB_mhc2_nonbinder
KEANSTKEPHCALLD,0,IEDB_mhc2_nonbinder
SDKYSYRLSGPENQE,1,IEDB_mhc2_binder
FKKLDELLSTFEKEV,0,IEDB_mhc2_nonbinder
KDGQRFMFAATDIDL,0,IEDB_mhc2_nonbinder
VLAVLCSPSKRNQTF,1,IEDB_mhc2_binder
CKNTKVINISGLPST,0,IEDB_mhc2_nonbinder
DLASDLEKLKKKIGD,0,IEDB_mhc2_nonbinder
NSMKTSSTVKLRQNE,1,IEDB_mhc2_binder
KQHDKRDDLFMILVG,0,IEDB_mhc2_nonbinder
RKLLDSQNRRDIKLI,1,IEDB_mhc2_binder
LLNYPRGYCNEIKLS,0,IEDB_mhc2_nonbinder
RRAGVRLQIQLSGEI,0,IEDB_mhc2_nonbinder
EHKRHSTKYHLSRTV,1,IEDB_mhc2_binder
LRSILFLFKYFTNRG,0,IEDB_mhc2_nonbinder
SKFSRKTPLSSGLVL,0,IEDB_mhc2_nonbinder
LELFSLPDCAKSHCA,0,IEDB_mhc2_nonbinder
AFFSWSLSDPKGNDM,1,IEDB_mhc2_binder
RQPIQPLQPTIHITP,1,IEDB_mhc2_binder
VKGLKVFNTRRNTLL,1,IEDB_mhc2_binder
REELIKLRFWFKKEI,1,IEDB_mhc2_binder
VVQRLAVGLFIRLLG,1,IEDB_mhc2_binder
DLCFDKSLAILVGQM,0,IEDB_mhc2_nonbinder
VRAFEGIRNDVQMTL,1,IEDB_mhc2_binder
ENYAKKFKTGMHHLY,1,IEDB_mhc2_binder
HALMSIISTFHLSIP,1,IEDB_mhc2_binder
LTQGYYLKESVSTSC,0,IEDB_mhc2_nonbinder
HNGVIVPKKKKDKDI,1,IEDB_mhc2_binder
GSVSICSANIVFSDM,0,IEDB_mhc2_nonbinder
DLLRESRGAPTMEIE,1,IEDB_mhc2_binder
QVPLRPMTYKLL,1,IEDB_mhc2_binder
LERSHPEIWHHLSTL,1,IEDB_mhc2_binder
KRYYGTVRLKECYVQ,1,IEDB_mhc2_binder
MMINLIHQHDVGSLG,0,IEDB_mhc2_nonbinder
VIPKLDELGNILSTY,1,IEDB_mhc2_binder
RASLIPDATHLGPQF,1,IEDB_mhc2_binder
LEIEEQEYHRLIHSL,1,IEDB_mhc2_binder
DRLTDQIKCFEKFME,1,IEDB_mhc2_binder
DKSVERILHDHGILT,1,IEDB_mhc2_binder
CYSKSLRDLVISDSS,1,IEDB_mhc2_binder
ACNCIPIGFPIECSQ,0,IEDB_mhc2_nonbinder
WTQSLRRGLSAWTTS,1,IEDB_mhc2_binder
NDFLEDQLLGDGLII,0,IEDB_mhc2_nonbinder
NHTLTGQHTLPRCWL,1,IEDB_mhc2_binder
GVVSMLHQLWPYLKA,1,IEDB_mhc2_binder
MFSTSAYLISIFLHL,1,IEDB_mhc2_binder
KYRVVKVLVSDSPFA,0,IEDB_mhc2_nonbinder
CRHLLRKEEPVLWDC,1,IEDB_mhc2_binder
SIQSKIASDRKAFEF,0,IEDB_mhc2_nonbinder
MKAFEEIKYEVEITL,1,IEDB_mhc2_binder
SDNLLMKNRLKELLN,1,IEDB_mhc2_binder
CKELLNYCVSLFNRG,1,IEDB_mhc2_binder
RLVLRTKIMSSKRIL,1,IEDB_mhc2_binder
FKFLLNISYLCHFIT,1,IEDB_mhc2_binder
SIMVSSLRSLAINFL,0,IEDB_mhc2_nonbinder
PRRSLKAFFSWSLTD,1,IEDB_mhc2_binder
LNTLVLRAVLPRDMV,1,IEDB_mhc2_binder
DRSLVNWFAYSVVER,0,IEDB_mhc2_nonbinder
SHEPDRILGAGLLLS,0,IEDB_mhc2_nonbinder
LVTTTPIIPCCKLNW,0,IEDB_mhc2_nonbinder
GSTIHSVPLVYIEVT,0,IEDB_mhc2_nonbinder
LIAAIILENASAHVI,0,IEDB_mhc2_nonbinder
AGNYMYLLVQARQIF,0,IEDB_mhc2_nonbinder
IAHFRECSDRKNTDK,0,IEDB_mhc2_nonbinder
ESDHLLSEMLNKEYI,1,IEDB_mhc2_binder
LIHSLAKTNNQSLGF,1,IEDB_mhc2_binder
LQLWAGSMNGLKKFI,0,IEDB_mhc2_nonbinder
AILDGTILGEIKDAF,0,IEDB_mhc2_nonbinder
DSMKALKDALSFHND,1,IEDB_mhc2_binder
KDFDPDILDSHLVEK,1,IEDB_mhc2_binder
RFSWCDSCVQKLSCK,0,IEDB_mhc2_nonbinder
MIRGLDRFFSKEAKT,1,IEDB_mhc2_binder
LIRKKLMTSPKWVQM,1,IEDB_mhc2_binder
ISIHVSVITAIKSNG,0,IEDB_mhc2_nonbinder
IKEDLAVAGITLVPI,1,IEDB_mhc2_binder
GLTNEFKTPGNNMVI,0,IEDB_mhc2_nonbinder
FTTTLFLHLVGFPTH,1,IEDB_mhc2_binder
IGDCAHKDLMSMSDG,0,IEDB_mhc2_nonbinder
NQKDGKYHKTLHYSD,0,IEDB_mhc2_nonbinder
SAQLIVNIKADDQVF,0,IEDB_mhc2_nonbinder
LSRTVVYSYTVECET,0,IEDB_mhc2_nonbinder
TGQLHEEFTTNYLSS,1,IEDB_mhc2_binder
PNDPVEFAIYQPESQ,0,IEDB_mhc2_nonbinder
ITPDNFSQIIKTTLS,1,IEDB_mhc2_binder
QEMSSFEQMRLFKTL,1,IEDB_mhc2_binder
KIRNGMRHLFRGFHD,1,IEDB_mhc2_binder
TSFRNWKILGRLLDK,0,IEDB_mhc2_nonbinder
ANDSVLLVKDRALTG,0,IEDB_mhc2_nonbinder
ELNKTEVENKQLHIA,0,IEDB_mhc2_nonbinder
NKVKSLRILNTRRKL,1,IEDB_mhc2_binder
LINTGEGAVPFKLRM,0,IEDB_mhc2_nonbinder
QKQVQNIRYLVMAIV,1,IEDB_mhc2_binder
HISIIVNQADCTCVG,0,IEDB_mhc2_nonbinder
EKFFSKELLTVEDLK,1,IEDB_mhc2_binder
LEDDSQIELAELTDF,1,IEDB_mhc2_binder
ALSKLNLIINNDQTM,0,IEDB_mhc2_nonbinder
KQVNLSILSGRSNHL,0,IEDB_mhc2_nonbinder
FEGRNFVQNIIVKLE,1,IEDB_mhc2_binder
FDTGLMNDTGPILRL,1,IEDB_mhc2_binder
IRNLIGILGREFKNE,0,IEDB_mhc2_nonbinder
AVSGGLNTLVLRAVL,1,IEDB_mhc2_binder
NHILHSIKRNYPYLF,1,IEDB_mhc2_binder
HYETLSQSLIFSEQY,0,IEDB_mhc2_nonbinder
MSVFFLSHCQCELSE,0,IEDB_mhc2_nonbinder
ERWMLVTSDLKCFGN,1,IEDB_mhc2_binder
QARQFDQQVWEKYGH,0,IEDB_mhc2_nonbinder
VKTIQNKLSSTFTRG,1,IEDB_mhc2_binder
ITPHCALMDCIMFDA,1,IEDB_mhc2_binder
LHSIRRNYPKLFEEH,1,IEDB_mhc2_binder
NQNVSRAMFVEDIAM,1,IEDB_mhc2_binder
KLDSFGGCRCGKYPR,0,IEDB_mhc2_nonbinder
QYIKANSKFIGITEL,1,IEDB_mhc2_binder
VLKWHLHKAVEVPIS,1,IEDB_mhc2_binder
KHSSVLLECMFFELN,0,IEDB_mhc2_nonbinder
TPLLVYKALSGTFLQ,0,IEDB_mhc2_nonbinder
QSSQCLSKNQILNSM,1,IEDB_mhc2_binder
LFKEKEVKKEIKDPL,1,IEDB_mhc2_binder
MKQQALSKAEILANI,0,IEDB_mhc2_nonbinder
LFVSKSSCEFKLFNH,0,IEDB_mhc2_nonbinder
KLCVAVYDSPLRPTF,1,IEDB_mhc2_binder
LELCFKLSVKMHEDV,1,IEDB_mhc2_binder
WDNTSVDLNARPVTG,1,IEDB_mhc2_binder
CKWSNLCQVKMSQRF,0,IEDB_mhc2_nonbinder
TGSMRFSCLNSEKEF,1,IEDB_mhc2_binder
SSLTEEFYHSYLQIQ,1,IEDB_mhc2_binder
WVEFASFKVAFSKHY,1,IEDB_mhc2_binder
LDMGQGILHNLSDLY,1,IEDB_mhc2_binder
PMFEVGETVTLKFLF,0,IEDB_mhc2_nonbinder
TPMLSRLFFVTLVSK,0,IEDB_mhc2_nonbinder
STCVSTMAERFKTKG,1,IEDB_mhc2_binder
LGAWVLGEPKMTKAL,1,IEDB_mhc2_binder
EDQFLPFMSDMSSKN,1,IEDB_mhc2_binder
ELGSFYSDPKRFFLP,0,IEDB_mhc2_nonbinder
MVDISDSCQDAIESL,1,IEDB_mhc2_binder
TPAMFNLVTLLEALT,0,IEDB_mhc2_nonbinder
LKATTALKDVGISVD,1,IEDB_mhc2_binder
DNFIKLFRILGSQKL,0,IEDB_mhc2_nonbinder
EFEKKWKTDMAKLLS,1,IEDB_mhc2_binder
QQVPGKDCYIVASSL,0,IEDB_mhc2_nonbinder
GSEANQMGLVVTNLT,0,IEDB_mhc2_nonbinder
ISDNLLMRNKLKEIL,1,IEDB_mhc2_binder
PKPPFFTHVVTPNIR,0,IEDB_mhc2_nonbinder
QLMVSSCVTSLVEMF,1,IEDB_mhc2_binder
MMNENLGIISHLLKT,1,IEDB_mhc2_binder
IQKCLLAVGLSFEHY,1,IEDB_mhc2_binder
RRIYVHHKGESHLIT,0,IEDB_mhc2_nonbinder
SFDLAGLFIDAGYAA,1,IEDB_mhc2_binder
ILDLCYQLSMRIANQ,1,IEDB_mhc2_binder
CVRGIPKGNFFSTHR,0,IEDB_mhc2_nonbinder
LQDHIKVEELDYVFL,0,IEDB_mhc2_nonbinder
NISYLCHFITKETPD,1,IEDB_mhc2_binder
LDRRRDVVSELLTGK,0,IEDB_mhc2_nonbinder
LPAAVKRLKQLGNIL,0,IEDB_mhc2_nonbinder
IVYSLVTTISSLSRI,1,IEDB_mhc2_binder
GPDNPGEPLVLKEGI,1,IEDB_mhc2_binder
GQFRPVRATLESNSK,0,IEDB_mhc2_nonbinder
LMDLLMFSTSAYLIS,1,IEDB_mhc2_binder
LYVGDLNTKLMTRLV,1,IEDB_mhc2_binder
ILESDFLISEMLSKE,1,IEDB_mhc2_binder
LNRCGCQFKDAGRRG,0,IEDB_mhc2_nonbinder
SPRIKFLDLCVALDV,1,IEDB_mhc2_binder
SNQKNMFLKVGSLSK,1,IEDB_mhc2_binder
SDQQIEERIYHEIDL,0,IEDB_mhc2_nonbinder
GSMNQQAKYLVHDVT,1,IEDB_mhc2_binder
NGLKLSNEYCDLYPL,0,IEDB_mhc2_nonbinder
PLPTKLKISTAPSSP,1,IEDB_mhc2_binder
LTLSLRIKHMVLINI,0,IEDB_mhc2_nonbinder
NLLYKICLSGEGWPY,1,IEDB_mhc2_binder
QHTLFLTVVPLKSPS,0,IEDB_mhc2_nonbinder
QRLMRKQRRDDGDLK,0,IEDB_mhc2_nonbinder
NETFGRQRVMLDAVI,0,IEDB_mhc2_nonbinder
CGTSDLVTVGWPLFK,0,IEDB_mhc2_nonbinder
HEEECAALVSSLCSL,0,IEDB_mhc2_nonbinder
KALSLTNCTTAMLKN,1,IEDB_mhc2_binder
KDGDDALKGFLSYAG,1,IEDB_mhc2_binder
EQEVWEKFGHLCRAH,1,IEDB_mhc2_binder
MLSKEYSDRQGKTPL,0,IEDB_mhc2_nonbinder
NAILSMKLNVSLAHV,1,IEDB_mhc2_binder
EIKYEVEITLSKMRL,1,IEDB_mhc2_binder
LPTILTGNEPVASKV,0,IEDB_mhc2_nonbinder
SILKVKKSLGMFISD,1,IEDB_mhc2_binder
QVFDNGQLAPLLVCK,0,IEDB_mhc2_nonbinder
FIMAYVNQAHHIDLM,1,IEDB_mhc2_binder
KLDTLTRGLYVNVML,0,IEDB_mhc2_nonbinder
EQDVKDWVDGSRGYR,0,IEDB_mhc2_nonbinder
KIPTIVKTIQNKLSS,1,IEDB_mhc2_binder
SKYPLCVEAKELEMH,0,IEDB_mhc2_nonbinder
KSPQAPLVLCNKNFF,1,IEDB_mhc2_binder
AERTVTVRRVGPGGRAV,1,IEDB_mhc2_binder
RLLTMEILTFRADLY,0,IEDB_mhc2_nonbinder
TLMGRYTHYKSRNLN,1,IEDB_mhc2_binder
LKDEVRLSIRESNSE,1,IEDB_mhc2_binder
EKLQFTEYDFVLVGP,0,IEDB_mhc2_nonbinder
PAAEFRRVAHSSLYG,1,IEDB_mhc2_binder
NSSSRNNLLHRIVSY,0,IEDB_mhc2_nonbinder
MNCKSLLGNIKVKIS,0,IEDB_mhc2_nonbinder
CQNKQTSLMISQKSS,0,IEDB_mhc2_nonbinder
SLFIGLKGDIRESTV,1,IEDB_mhc2_binder
CFDRKNILFEMALND,0,IEDB_mhc2_nonbinder
NTDQMFVLKNLEASV,0,IEDB_mhc2_nonbinder
WLELLCFHDFLSSKF,1,IEDB_mhc2_binder
KKATILEVVSDSLYC,0,IEDB_mhc2_nonbinder
EDETLMLRFKTNLVS,0,IEDB_mhc2_nonbinder
KSVNFLLMMNQIKKM,0,IEDB_mhc2_nonbinder
TIRTITSTNQVQVEN,0,IEDB_mhc2_nonbinder
HNVMESVTLDFTKFH,1,IEDB_mhc2_binder
DTEFWDNVTKLVQIP,0,IEDB_mhc2_nonbinder
LFAQEKTKFLTRRLA,1,IEDB_mhc2_binder
LCSPSKRNQTFLQGL,1,IEDB_mhc2_binder
MGQGKSKEEKDTNGT,0,IEDB_mhc2_nonbinder
GMFVDEKPGNRNPYE,1,IEDB_mhc2_binder
TVGAGKGCKFPSISC,0,IEDB_mhc2_nonbinder
NNLYADKVSVAEDNI,0,IEDB_mhc2_nonbinder
LIRYSGYPQTPFLAV,1,IEDB_mhc2_binder
ILSNPNLFWAVKPKI,1,IEDB_mhc2_binder
MFIVLACLCLRMTED,0,IEDB_mhc2_nonbinder
GTSQMITAENSGLLV,0,IEDB_mhc2_nonbinder
GGSILADGKKLSSIK,1,IEDB_mhc2_binder
TIIKALGALDSPREI,1,IEDB_mhc2_binder
DFNEPLGHQLVVTTI,0,IEDB_mhc2_nonbinder
GGKEEITPHCALMDC,0,IEDB_mhc2_nonbinder
DALLSQVHPRSVLIE,1,IEDB_mhc2_binder
DLLSSTMMLYFSALI,0,IEDB_mhc2_nonbinder
DILTSYEAFKHFADS,0,IEDB_mhc2_nonbinder
TRTKNLGRADNSVKN,1,IEDB_mhc2_binder
DLRVLVLNQDIMILG,0,IEDB_mhc2_nonbinder
NSVSFPLVKGKKATS,0,IEDB_mhc2_nonbinder
SSDRVSKEVMVLYDV,0,IEDB_mhc2_nonbinder
REELIKLKTWYREEI,1,IEDB_mhc2_binder
LEVPGNAPLGDPYDI,0,IEDB_mhc2_nonbinder
LQIILSGKMAHLRKV,1,IEDB_mhc2_binder
QLYDYEHMFISVNKF,0,IEDB_mhc2_nonbinder
LPLDEHMAPQLCSCS,0,IEDB_mhc2_nonbinder
DVMSSKFKSVPNQLY,0,IEDB_mhc2_nonbinder
PIYDLSGCSCKVTNQ,0,IEDB_mhc2_nonbinder
RNESENESVVSYFRP,0,IEDB_mhc2_nonbinder
LGEPKMTKALEFFKH,1,IEDB_mhc2_binder
IGGWLLLEPWISPSV,1,IEDB_mhc2_binder
EEFFHQYLQSRDQVP,0,IEDB_mhc2_nonbinder
VIDDGDFSLSMYVNS,0,IEDB_mhc2_nonbinder
ETLEMQYESESLDMQ,0,IEDB_mhc2_nonbinder
CKQDGIMLYICDKQR,1,IEDB_mhc2_binder
YRFFNKTLILLETFV,1,IEDB_mhc2_binder
LQEAARKCVNIKLVL,0,IEDB_mhc2_nonbinder
LMRNKLKEILKVPYC,1,IEDB_mhc2_binder
LFFAKCLVVSTKGDV,0,IEDB_mhc2_nonbinder
DDSSAAIRLDLNEAL,0,IEDB_mhc2_nonbinder
DQDISRSLMALAVPL,0,IEDB_mhc2_nonbinder
SGFIGFCKSMGSKCV,1,IEDB_mhc2_binder
KLALLLADDTELDKS,0,IEDB_mhc2_nonbinder
YGENLRIRRGTDSQN,0,IEDB_mhc2_nonbinder
HKPLALYFNQIAYHC,0,IEDB_mhc2_nonbinder
SDVEFLSMLPHFKAI,0,IEDB_mhc2_nonbinder
LIQAGFDQRLGAYEH,1,IEDB_mhc2_binder
LSESLSVCGSRTMGL,0,IEDB_mhc2_nonbinder
FSNGQKEVYLTYPIT,0,IEDB_mhc2_nonbinder
ETIKVSPQTMDGILK,1,IEDB_mhc2_binder
LILGDSLELELIGSK,1,IEDB_mhc2_binder
NLICEMSLNAGMIDI,0,IEDB_mhc2_nonbinder
LNKRSKSGLLHGHDM,0,IEDB_mhc2_nonbinder
EIFISDKAQDEKLRT,0,IEDB_mhc2_nonbinder
SQTTANPSCPEGA,0,IEDB_mhc2_nonbinder
CCAHIDPTMLIAFDM,0,IEDB_mhc2_nonbinder
NRRVKTFLLTLLNDF,0,IEDB_mhc2_nonbinder
SDLASTKMKWSPRIK,1,IEDB_mhc2_binder
IQNGSKSTGNTTSTYID,1,IEDB_mhc2_binder
RLIHSLSKTSNQSLG,1,IEDB_mhc2_binder
GASIKTKDGVQVQDI,0,IEDB_mhc2_nonbinder
CFKYLLIQGHYDQKL,1,IEDB_mhc2_binder
LIAIHTLAIRYANRT,1,IEDB_mhc2_binder
KDGAFYVGGERLSTY,1,IEDB_mhc2_binder
CSNFKIQLVFSSMIN,1,IEDB_mhc2_binder
ELIVVLMSSQNDDPI,0,IEDB_mhc2_nonbinder
VTKAQMLSTPEEYHK,0,IEDB_mhc2_nonbinder
MFIRNCARKVFNDIK,1,IEDB_mhc2_binder
ALAGRSCTEEAFKIG,1,IEDB_mhc2_binder
SSLIKSTIQVKRREG,1,IEDB_mhc2_binder
GKNERELATLHHLNP,0,IEDB_mhc2_nonbinder
DQLSFIEAPNEFFIF,0,IEDB_mhc2_nonbinder
FSGVMDIKRLAPWNE,0,IEDB_mhc2_nonbinder
VPQLVYNADVSHEVL,0,IEDB_mhc2_nonbinder
LSSDSVCACGLFKQK,1,IEDB_mhc2_binder
LSNNREKIMKDLLIL,0,IEDB_mhc2_nonbinder
DLSCSYDHSKWGPTM,0,IEDB_mhc2_nonbinder
WDIKDPSLLVNQFGS,1,IEDB_mhc2_binder
SLFLHLVGIPTHRHI,1,IEDB_mhc2_binder
KKLEQLKEDLKSVDI,1,IEDB_mhc2_binder
KIVFEVDTPELQAVV,0,IEDB_mhc2_nonbinder
SSLLLEGFKLLSSLV,1,IEDB_mhc2_binder
KEIVFLDDSLDDKHP,0,IEDB_mhc2_nonbinder
MRKPQQGASGVVRVW,0,IEDB_mhc2_nonbinder
IKNETSIHEIKDFDP,0,IEDB_mhc2_nonbinder
HVVWLHLIPKKVINE,0,IEDB_mhc2_nonbinder
CQFLKVEKSQLLNEF,1,IEDB_mhc2_binder
CRLDISSFLPMWYLY,0,IEDB_mhc2_nonbinder
PEGGYFEKVRLLNIG,0,IEDB_mhc2_nonbinder
TPLRTSLLILHRMEM,0,IEDB_mhc2_nonbinder
DPTNLYSLLLCKLHH,0,IEDB_mhc2_nonbinder
STVNRFCMSVLEFSG,0,IEDB_mhc2_nonbinder
LQQKTTYTLSWPLLC,0,IEDB_mhc2_nonbinder
STRKLKKMYKVMRFS,0,IEDB_mhc2_nonbinder
GNETPGGYCLTRWML,1,IEDB_mhc2_binder
EEHAIGELLQCPFSH,0,IEDB_mhc2_nonbinder
WELGLSPQQICTNFK,1,IEDB_mhc2_binder
SKLKLLKGSETTVTE,1,IEDB_mhc2_binder
WLRIIELEALIIRVK,0,IEDB_mhc2_nonbinder
VSTGSRTRTNQEELS,0,IEDB_mhc2_nonbinder
LLQTLVLSSAHSDSL,1,IEDB_mhc2_binder
QINLTCQENKRYHIW,0,IEDB_mhc2_nonbinder
ELVPDPELSSEEGLF,0,IEDB_mhc2_nonbinder
ALKGMINLWKSGLFQ,1,IEDB_mhc2_binder
QESPQSYNSVGPDTG,0,IEDB_mhc2_nonbinder
IANGVSTHIVSKISI,1,IEDB_mhc2_binder
RFTISRDNAKNSLYL,1,IEDB_mhc2_binder
FNEVGDRLMSLPGTL,0,IEDB_mhc2_nonbinder
YLISIFLHLVKIPTH,1,IEDB_mhc2_binder
GLDFNQVSLVQRILR,1,IEDB_mhc2_binder
LHVDNIAKAVLMQSH,0,IEDB_mhc2_nonbinder
RGMANLTNLSDNFVN,0,IEDB_mhc2_nonbinder
ELGEWVFSAIKSPQA,1,IEDB_mhc2_binder
ESYNALVNDSVHLQS,0,IEDB_mhc2_nonbinder
SLLKYAQESNSLFEE,1,IEDB_mhc2_binder
NQSLGLENIECLKKN,1,IEDB_mhc2_binder
HMVEDFDHDILPDKF,1,IEDB_mhc2_binder
HYKIDMEVICLNSYD,1,IEDB_mhc2_binder
SRNLNFKFDMGKLSD,1,IEDB_mhc2_binder
PSQVLGVVITRSGDK,0,IEDB_mhc2_nonbinder
DRLVSFDSTKEEFIR,1,IEDB_mhc2_binder
MAVNNGDLSCSYDHS,1,IEDB_mhc2_binder
DIYMEWCEGGLLMPA,0,IEDB_mhc2_nonbinder
YKLTGNVLILLECFV,1,IEDB_mhc2_binder
WHIISNESRLEDDFL,0,IEDB_mhc2_nonbinder
YCVSLFNKGRLRVNG,1,IEDB_mhc2_binder
ETEKKFGLDEVSFSE,0,IEDB_mhc2_nonbinder
VYVLKQECIKKPKSK,0,IEDB_mhc2_nonbinder
TCDAGIKCNVISITQ,0,IEDB_mhc2_nonbinder
LYLLCPKDEMSGCRD,0,IEDB_mhc2_nonbinder
HLLPIHSSFITAISM,0,IEDB_mhc2_nonbinder
RLKSLVNDLTDKNNLLE,1,IEDB_mhc2_binder
LKTFFWFNEVLSIEE,1,IEDB_mhc2_binder
RQERGYRFCIVNRLY,0,IEDB_mhc2_nonbinder
FCYLRSLLGFASIVK,0,IEDB_mhc2_nonbinder
VDLFVFSTSFYLISI,1,IEDB_mhc2_binder
GTCDFIIIYGSICAN,0,IEDB_mhc2_nonbinder
KVIEYILTAFDSIGK,0,IEDB_mhc2_nonbinder
QSQLTKRSDLLRKLG,1,IEDB_mhc2_binder
NNNCLSEPMALHLSL,0,IEDB_mhc2_nonbinder
RWTQSLRRGLSQFTH,1,IEDB_mhc2_binder
EKTEVKASCVMSTRL,0,IEDB_mhc2_nonbinder
SFDKVKIQRQATSFR,0,IEDB_mhc2_nonbinder
EDAAKKSCMSLSVEV,0,IEDB_mhc2_nonbinder
KHSSFMLCLEFLWEI,0,IEDB_mhc2_nonbinder
IIPEEASFGDKLATW,0,IEDB_mhc2_nonbinder
YFLMAYANQIHHVDL,1,IEDB_mhc2_binder
LANHSNELPSLCMLN,1,IEDB_mhc2_binder
TSDLSGSEITKPMFT,0,IEDB_mhc2_nonbinder
NNVVQALTSLGLLYT,1,IEDB_mhc2_binder
VKADVLNDTRALLSG,1,IEDB_mhc2_binder
HPIGLHRRQDCLPPH,0,IEDB_mhc2_nonbinder
DSVRLFLTVYCKPAP,0,IEDB_mhc2_nonbinder
KCEMTIHDVSNFHMG,0,IEDB_mhc2_nonbinder
FRSVKSNADLEFNSF,0,IEDB_mhc2_nonbinder
FRRTAIHSLYGRYNC,1,IEDB_mhc2_binder
PFMSDLQFNQMMNPS,1,IEDB_mhc2_binder
RKVGQTERSASGGVY,0,IEDB_mhc2_nonbinder
VSTKIVTRISKRVNQ,1,IEDB_mhc2_binder
FYRGNERLSTYKVEL,1,IEDB_mhc2_binder
FSVRLRNGVKLGCNY,0,IEDB_mhc2_nonbinder
SFFQDIPIFFEEALN,1,IEDB_mhc2_binder
QSMQKERQIAAQILA,0,IEDB_mhc2_nonbinder
LFHKEKKNYHGMATY,0,IEDB_mhc2_nonbinder
EEHLAPFMSDLQFNQ,1,IEDB_mhc2_binder
VNNGDFSLSMDHSKW,0,IEDB_mhc2_nonbinder
LFLHLVGFPTHRHIQ,1,IEDB_mhc2_binder
SNSHSLKDKSDESLD,0,IEDB_mhc2_nonbinder
SLFSLLLVIISHNLG,0,IEDB_mhc2_nonbinder
NFKFPWFERDLFMVL,0,IEDB_mhc2_nonbinder
THRHIIGEGCPKPHR,0,IEDB_mhc2_nonbinder
DLKLEDEVAFCLMWS,0,IEDB_mhc2_nonbinder
KCQFDHVNTLHFLVR,1,IEDB_mhc2_binder
SCLKSFFWFNEVLDL,1,IEDB_mhc2_binder
LIVNTHKNLFTGQLR,0,IEDB_mhc2_nonbinder
YEPDFNKDVSFFWMN,0,IEDB_mhc2_nonbinder
HLVPFMNDLQVSRTT,1,IEDB_mhc2_binder
ILQGLLLSFLAVRGF,0,IEDB_mhc2_nonbinder
SVVKAFDHKSFIVYK,0,IEDB_mhc2_nonbinder
FKRSKLFIKMSLIGN,0,IEDB_mhc2_nonbinder
VFEKHILPFMSDLAS,1,IEDB_mhc2_binder
EKLYLGYYIDAFSDN,0,IEDB_mhc2_nonbinder
LAVILEAAIQASLNV,0,IEDB_mhc2_nonbinder
SDRPMMRYSVHKAEE,1,IEDB_mhc2_binder
RLSRQKLAFLVQTEP,1,IEDB_mhc2_binder
KQRRDDGDLKRLRDL,0,IEDB_mhc2_nonbinder
FVQVVILGGARRLLL,0,IEDB_mhc2_nonbinder
EGDAVGSILLNFGTF,1,IEDB_mhc2_binder
LTIDLRARLILLLKF,0,IEDB_mhc2_nonbinder
EDVKSMMTNRFKFIL,1,IEDB_mhc2_binder
WDGRDRQKSVYLGDT,0,IEDB_mhc2_nonbinder
ILLGSHKDSDVPSCP,0,IEDB_mhc2_nonbinder
IALIAVSLIAALKGM,1,IEDB_mhc2_binder
LGGLSMAGQNRMNIR,0,IEDB_mhc2_nonbinder
NLFESFNVFWLESED,0,IEDB_mhc2_nonbinder
NLILSEDVKSMMTNR,1,IEDB_mhc2_binder
MKISQDELMNRKKVS,0,IEDB_mhc2_nonbinder
LASLNHLNQMSTRPE,0,IEDB_mhc2_nonbinder
PSDPVSESWPAFGKV,0,IEDB_mhc2_nonbinder
KHPDMDSLMILAQAL,1,IEDB_mhc2_binder
AHIRQSSYTDWELGL,0,IEDB_mhc2_nonbinder
LRRGLSEFTTPVKTD,1,IEDB_mhc2_binder
LVLSTDQTFMVRNPH,0,IEDB_mhc2_nonbinder
DRQGKTPLTLVDICF,1,IEDB_mhc2_binder
SDLEFSWLNLAAHHP,1,IEDB_mhc2_binder
YQSRNKRLISHRNSK,0,IEDB_mhc2_nonbinder
HGRQDLKIVDVKLSA,1,IEDB_mhc2_binder
NLSFSDAQSALSQCR,1,IEDB_mhc2_binder
SISQKGHLRSTNLNL,0,IEDB_mhc2_nonbinder
FKSRFFVMGEETPLL,1,IEDB_mhc2_binder
WNSDWGYGSGAIGLR,0,IEDB_mhc2_nonbinder
LSESSCSYLLLHNNR,0,IEDB_mhc2_nonbinder
RSSGSRRPLGIFSWT,1,IEDB_mhc2_binder
VFTPLLALATNLTEL,1,IEDB_mhc2_binder
DVRSRGYKKLRGWQD,0,IEDB_mhc2_nonbinder
IVRVSFRLATPINGP,0,IEDB_mhc2_nonbinder
LFDFNKNAIEKLNNQ,1,IEDB_mhc2_binder
LSVTDLFAIKLNGSD,0,IEDB_mhc2_nonbinder
RDGKGGFLYIKEVYS,1,IEDB_mhc2_binder
RDMESTIYGFNEPPN,0,IEDB_mhc2_nonbinder
GGVVQPGRSLRLSCA,1,IEDB_mhc2_binder
GISMFSKGSFAGVCS,0,IEDB_mhc2_nonbinder
ESEAVLIHVPAVYAK,0,IEDB_mhc2_nonbinder
DDMIYNAKKFLSKDG,0,IEDB_mhc2_nonbinder
LKLLSHFSVEEMSRE,0,IEDB_mhc2_nonbinder
GGTVLAQIVGSPQIL,0,IEDB_mhc2_nonbinder
LNVSYLCHLITKETP,1,IEDB_mhc2_binder
DGDLHNGVMQLSITL,0,IEDB_mhc2_nonbinder
LNKRRFTLGTKVLVN,0,IEDB_mhc2_nonbinder
LETFTLKVNTTVKIK,0,IEDB_mhc2_nonbinder
IVTHFPFDEQNCSMKLG,0,IEDB_mhc2_nonbinder
LNGVQKAPPMDQEVV,0,IEDB_mhc2_nonbinder
SADVYVCTPNGHVVM,0,IEDB_mhc2_nonbinder
NSDSQSLGYLQMVGS,0,IEDB_mhc2_nonbinder
DSIPNKEHIPIRNGG,0,IEDB_mhc2_nonbinder
SLRLSCAASGFTFSS,1,IEDB_mhc2_binder
TKVIDGVKLSILLES,0,IEDB_mhc2_nonbinder
DQTHIKTIAVSVYGA,0,IEDB_mhc2_nonbinder
SPREIGSLLHGLWPY,1,IEDB_mhc2_binder
QIKYLLLSPTTEPLV,0,IEDB_mhc2_nonbinder
AFSLMTSQIEDAALG,0,IEDB_mhc2_nonbinder
TILHLATSFFFFWSL,0,IEDB_mhc2_nonbinder
NAEFTFQLNLTDSPE,1,IEDB_mhc2_binder
RSQTFLQGLRYFIMA,1,IEDB_mhc2_binder
HSPQQHMQLMITGIN,0,IEDB_mhc2_nonbinder
LLSLALDADYKLIIF,0,IEDB_mhc2_nonbinder
PLSVKGLSDFASAPA,0,IEDB_mhc2_nonbinder
LKGALKCKSSNKYIL,0,IEDB_mhc2_nonbinder
AIADKLDKSYFTNAA,1,IEDB_mhc2_binder
VLHRENYCENKLFEI,0,IEDB_mhc2_nonbinder
TFTWTLSDSEGNETP,0,IEDB_mhc2_nonbinder
VALVFGPKYLRLGNK,0,IEDB_mhc2_nonbinder
DPKRYFPAIFSAEVL,1,IEDB_mhc2_binder
VELTGDVILKALGAL,1,IEDB_mhc2_binder
VKYPNLSDLDRLTQE,0,IEDB_mhc2_nonbinder
LTTKSQSVLQRKSVG,0,IEDB_mhc2_nonbinder
EYSVILIAHEDPNSM,0,IEDB_mhc2_nonbinder
QFKRASPILRFLYAN,1,IEDB_mhc2_binder
EALKITTNNEKFNFD,0,IEDB_mhc2_nonbinder
EAKLAAIAVAQNADYSG,0,IEDB_mhc2_nonbinder
IGITVLMLLMVISGA,0,IEDB_mhc2_nonbinder
SLSLEFMLKYRLHEM,0,IEDB_mhc2_nonbinder
GHMIKIGALLKLHQS,0,IEDB_mhc2_nonbinder
TRGLGAQEGAGFDLY,0,IEDB_mhc2_nonbinder
KHDDAIVRLRNAGIV,1,IEDB_mhc2_binder
HSLKVHSINFTTYES,0,IEDB_mhc2_nonbinder
RVGQQQIVWVQPSFR,0,IEDB_mhc2_nonbinder
LNKQDYEYKVQQAMS,1,IEDB_mhc2_binder
DTDLDKLRDLNKEVD,0,IEDB_mhc2_nonbinder
FDAQENVMELHLFPL,0,IEDB_mhc2_nonbinder
LPGLSVSQGVIILYL,0,IEDB_mhc2_nonbinder
CLSGDGWPYIGSRSQ,0,IEDB_mhc2_nonbinder
LLKGRNLVSQDSRND,0,IEDB_mhc2_nonbinder
NFGTFYEHIDDRYAY,1,IEDB_mhc2_binder
SNIEKHYLSVLSLCN,1,IEDB_mhc2_binder
TLQSRMSKNFIKGAK,1,IEDB_mhc2_binder
LDRSSVMVMKESLCG,0,IEDB_mhc2_nonbinder
KLSMCLDFEHFFDES,0,IEDB_mhc2_nonbinder
SVDFTHNQNNTDCLK,1,IEDB_mhc2_binder
SDNKGTLSDAYLYPI,0,IEDB_mhc2_nonbinder
TSISSNSGNLKFGLS,1,IEDB_mhc2_binder
ALGHDWLMDPPMLCR,1,IEDB_mhc2_binder
NSVVQALTSLGLLYT,1,IEDB_mhc2_binder
EQKKLFRILSSISLA,1,IEDB_mhc2_binder
YLSLLSACNKIKGKK,1,IEDB_mhc2_binder
SVQEENSARTVRKLA,0,IEDB_mhc2_nonbinder
TFISVALNKLGAPNQ,0,IEDB_mhc2_nonbinder
VPAAIMMILSTIISG,0,IEDB_mhc2_nonbinder
NEGIDRNFLMTVTPG,0,IEDB_mhc2_nonbinder
LKAAYIIHALTQRTI,0,IEDB_mhc2_nonbinder
LSCRIPLLISIFEDL,0,IEDB_mhc2_nonbinder
FQQQQVRSPGVVRIW,1,IEDB_mhc2_binder
PSLIKTLQSRMSKNF,1,IEDB_mhc2_binder
CSSSPTILDNYTQCI,1,IEDB_mhc2_binder
IDSGNIHVALSLKLK,0,IEDB_mhc2_nonbinder
FWYVNHTLSGQHSLP,1,IEDB_mhc2_binder
WYLDPPFLCRNRTKT,1,IEDB_mhc2_binder
YYLNRTSMLHKRTGN,0,IEDB_mhc2_nonbinder
DGKCLVPESEGYFLD,0,IEDB_mhc2_nonbinder
PSLTMACMAKQSQTP,0,IEDB_mhc2_nonbinder
KNFTKGVKKILAESI,1,IEDB_mhc2_binder
HLPDIIESMVDYVAL,0,IEDB_mhc2_nonbinder
KKHLFFGGKSIFTAA,0,IEDB_mhc2_nonbinder
LLSKLSFGVAADAVQ,0,IEDB_mhc2_nonbinder
DWTLTCSPTKVIFGL,0,IEDB_mhc2_nonbinder
IHNKKPRCLCPHMPG,0,IEDB_mhc2_nonbinder
ASILDGGNMLETIRV,1,IEDB_mhc2_binder
MFSKELFTNSSRGCE,0,IEDB_mhc2_nonbinder
ILSTYDKEKLVSACV,1,IEDB_mhc2_binder
DHLISEMLSKEYAER,1,IEDB_mhc2_binder
GILHNLSDLYALITE,1,IEDB_mhc2_binder
IVLHNGMFMIDNQKL,1,IEDB_mhc2_binder
FEKKWKADMSKLISL,1,IEDB_mhc2_binder
QSTFYNLIIIFPHSN,0,IEDB_mhc2_nonbinder
YIAENGELTEIGSFY,1,IEDB_mhc2_binder
NLSSFGDLRLVLRTK,1,IEDB_mhc2_binder
YGLRNSLLVAPMPTA,1,IEDB_mhc2_binder
CTEPAPLVVHKGGLW,1,IEDB_mhc2_binder
KSVLRVGTLSSDDLL,1,IEDB_mhc2_binder
CNYTKFWYVNHTLSG,1,IEDB_mhc2_binder
AYKKVWRDHRGTI,1,IEDB_mhc2_binder
GRYNLDPDSTDYLIL,1,IEDB_mhc2_binder
CQDSLAKISQFARSI,1,IEDB_mhc2_binder
SNRELYVGDLNTKLM,1,IEDB_mhc2_binder
DQVKEFAVNQSEVHI,0,IEDB_mhc2_nonbinder
VIERIRWLLIEILKA,1,IEDB_mhc2_binder
RLQDPKRNEKNASKG,0,IEDB_mhc2_nonbinder
RVNPEEFEKKWKTDM,0,IEDB_mhc2_nonbinder
VLDVCPLGLLLKNLT,1,IEDB_mhc2_binder
QVGFLECYCSTYQKK,0,IEDB_mhc2_nonbinder
LGMNHVLQSIRRNYP,1,IEDB_mhc2_binder
RSSPANFEQKYIEDF,0,IEDB_mhc2_nonbinder
LSKLSGVQDLHITLK,0,IEDB_mhc2_nonbinder
FLNYSILHYNRHKPI,0,IEDB_mhc2_nonbinder
KIMRKLVRKLHHKLK,1,IEDB_mhc2_binder
VVPDGYKLTGNVLIL,1,IEDB_mhc2_binder
ARASHAQAEENIHGVAI,0,IEDB_mhc2_nonbinder
ELATLHHLNPCDYVA,1,IEDB_mhc2_binder
EEMINWLNFDSELVR,1,IEDB_mhc2_binder
KNNACVTAAGMFKKC,0,IEDB_mhc2_nonbinder
DVFLPSVLEFFGRKA,0,IEDB_mhc2_nonbinder
ALKGIYQSRLMIVRV,0,IEDB_mhc2_nonbinder
KDKANCCAFLLHNGT,0,IEDB_mhc2_nonbinder
QRRALLNMIGMSGGN,1,IEDB_mhc2_binder
GQMILLVNDRVLDIL,1,IEDB_mhc2_binder
HVFEENLIGLIGRGG,1,IEDB_mhc2_binder
KSFFAWSLSDATGTD,1,IEDB_mhc2_binder
NPYENILYKICLSGD,1,IEDB_mhc2_binder
QIDVGELTDFTILIK,1,IEDB_mhc2_binder
IPCLSDEKCQDRTEL,0,IEDB_mhc2_nonbinder
IKLTTDVQFTALAKK,0,IEDB_mhc2_nonbinder
GDGWPYIASRSQIKG,1,IEDB_mhc2_binder
NKIKELMSIPYCNYT,1,IEDB_mhc2_binder
VRTKNDFIYCQRLLL,0,IEDB_mhc2_nonbinder
GEVLAKDVSALMGDE,0,IEDB_mhc2_nonbinder
RFFLPIFSEFVLLAT,1,IEDB_mhc2_binder
DICFDGEEETSFFKS,0,IEDB_mhc2_nonbinder
NKLACIKEDLAVAGI,1,IEDB_mhc2_binder
CEDFSVWLSSNNYGL,0,IEDB_mhc2_nonbinder
TVSGPFNAVFVKSIK,0,IEDB_mhc2_nonbinder
GNTAVAKCNLNHDSE,0,IEDB_mhc2_nonbinder
GISLTLMNIRMALNK,0,IEDB_mhc2_nonbinder
HWFSNALGHDWLMDP,1,IEDB_mhc2_binder
RKLEPETSCFSFAVK,0,IEDB_mhc2_nonbinder
SDDLLTLAADLEKLK,1,IEDB_mhc2_binder
WLLCKLSCAVHLIIY,0,IEDB_mhc2_nonbinder
KGGFMYLKELYNNVN,1,IEDB_mhc2_binder
VEITLSKMRLSRELE,1,IEDB_mhc2_binder
RGVKSRDLMLLTTRL,0,IEDB_mhc2_nonbinder
VLTLMGLSDGGQVVH,0,IEDB_mhc2_nonbinder
VESLHLDGSNQGKAD,0,IEDB_mhc2_nonbinder
IKFTQEKLISKKITS,0,IEDB_mhc2_nonbinder
MKNHLRDIMGIPYCN,1,IEDB_mhc2_binder
GDPSSFDYCGTNHLS,1,IEDB_mhc2_binder
LGMTSLERVMKNNYD,0,IEDB_mhc2_nonbinder
KQLALLSLKQPSRHN,0,IEDB_mhc2_nonbinder
VANPTNISKCFANNQ,0,IEDB_mhc2_nonbinder
NVDAMSQCVSGSEGN,0,IEDB_mhc2_nonbinder
FVREVGDTSSDLLIE,1,IEDB_mhc2_binder
RVNLLQRLDVLNNAE,0,IEDB_mhc2_nonbinder
LKLDIGNARVVDNLK,0,IEDB_mhc2_nonbinder
VDICFWSTLFFTTTL,1,IEDB_mhc2_binder
GFLLYAGFAENDIVE,1,IEDB_mhc2_binder
MKAGAHPIMHYTKFE,1,IEDB_mhc2_binder
SIKRNYPYLFEEHLA,1,IEDB_mhc2_binder
ATGPRTISRGASYWI,0,IEDB_mhc2_nonbinder
EDFSEAVGNSMKYTC,1,IEDB_mhc2_binder
TETYKEGDAVGSILL,1,IEDB_mhc2_binder
VRKTIPDVIELAYQK,1,IEDB_mhc2_binder
YSDPKRFFLPIFSEF,1,IEDB_mhc2_binder
SLESTKRDLKKWVER,0,IEDB_mhc2_nonbinder
KLVDVRLTGEQSRIF,1,IEDB_mhc2_binder
FARSILWDYFTLVLT,0,IEDB_mhc2_nonbinder
EPVMNILKWHLHKVV,1,IEDB_mhc2_binder
VSLIHEVRWSIKEKY,0,IEDB_mhc2_nonbinder
IGLLPQGSVITVQGA,1,IEDB_mhc2_binder
IRREQNSLSLLGKYC,0,IEDB_mhc2_nonbinder
VGHHTNFESFTVKLG,1,IEDB_mhc2_binder
ILQFGDILGLEDDLN,1,IEDB_mhc2_binder
LFVFLVLAGRSCSFK,1,IEDB_mhc2_binder
LVWYLFDVYNSESRP,0,IEDB_mhc2_nonbinder
KFDDFLIKTMQEECR,0,IEDB_mhc2_nonbinder
EAHACQANTDQRFVD,0,IEDB_mhc2_nonbinder
LKSNAILSHVMVANL,0,IEDB_mhc2_nonbinder
KVGQCVSENNAIIGV,0,IEDB_mhc2_nonbinder
FKLEETQTDFAYIEN,0,IEDB_mhc2_nonbinder
KYPNLKKPTVWRRGH,1,IEDB_mhc2_binder
PTEYTCISPNVGNLK,1,IEDB_mhc2_binder
SKWLNACSSDDNLIG,0,IEDB_mhc2_nonbinder
DVCIALDMMNENLGI,1,IEDB_mhc2_binder
KIHFFCDYDDEFEPL,0,IEDB_mhc2_nonbinder
RTFFTSAALRNLCFY,1,IEDB_mhc2_binder
FVFKKPEEFGFFFES,0,IEDB_mhc2_nonbinder
DWVDGSRGYRLQRKI,1,IEDB_mhc2_binder
VSEPSSRRLIKIEKL,0,IEDB_mhc2_nonbinder
SLPRCWLVRNNSYLN,1,IEDB_mhc2_binder
SGGNHMLLDGVSVVA,1,IEDB_mhc2_binder
KTLHSSVQSYLNVLS,1,IEDB_mhc2_binder
DGRSNYNTSFVSDWT,0,IEDB_mhc2_nonbinder
ASYEAQGALANIAVDKA,1,IEDB_mhc2_binder
GQHTLPRCWLIRNGS,1,IEDB_mhc2_binder
IKGAKKILAESINKS,1,IEDB_mhc2_binder
QYLIIQNRTWENHCK,1,IEDB_mhc2_binder
SAVEFKKFSIDTLNS,0,IEDB_mhc2_nonbinder
YSIALHPIDEVNMES,1,IEDB_mhc2_binder
TPDNFSSLIKSTIQV,1,IEDB_mhc2_binder
QKSGVTLVPIVDGRS,1,IEDB_mhc2_binder
SLMLLEAQLLFMLAP,0,IEDB_mhc2_nonbinder
LHRFRIGEHLLGSEI,1,IEDB_mhc2_binder
SLEVTRLITLVSQMK,0,IEDB_mhc2_nonbinder
ALQTNILLYGLTLKE,0,IEDB_mhc2_nonbinder
TMQRLLANHSNELPS,1,IEDB_mhc2_binder
KGWYGRVPVSCQLPK,0,IEDB_mhc2_nonbinder
FPSIILSDYLFSWER,0,IEDB_mhc2_nonbinder
SEALSKALSLTNCTT,1,IEDB_mhc2_binder
DSEFCDMLKLFEFNK,1,IEDB_mhc2_binder
LKPSFNDSIITQITT,0,IEDB_mhc2_nonbinder
NTFLIRVSDVSVLMK,1,IEDB_mhc2_binder
ATSKNFVPIVLKQIG,0,IEDB_mhc2_nonbinder
QTVTALLALSSERVF,0,IEDB_mhc2_nonbinder
LKRSLGLMGCGSTSL,1,IEDB_mhc2_binder
PRMFSLHEEGKIVVA,0,IEDB_mhc2_nonbinder
QTVQILVKKEQASTN,0,IEDB_mhc2_nonbinder
EAAKVSQRLKLIKDI,0,IEDB_mhc2_nonbinder
VSLIAIIKGIVNLYK,1,IEDB_mhc2_binder
QALTSLGLLYTVKFP,1,IEDB_mhc2_binder
ELAYCRGFTDSSSMV,0,IEDB_mhc2_nonbinder
RVLDILVARRLLLKK,1,IEDB_mhc2_binder
FEFSGFLKKVGDLKK,0,IEDB_mhc2_nonbinder
KPQGEPGGGAFEK,0,IEDB_mhc2_nonbinder
GVWVLAEPTKGKNER,1,IEDB_mhc2_binder
KPMSFLFYPRHLIEV,0,IEDB_mhc2_nonbinder
LDFVNLDCCAALLEV,0,IEDB_mhc2_nonbinder
PCEICAQNPGIIFCS,1,IEDB_mhc2_binder
NRIRYGPSLISHLHL,0,IEDB_mhc2_nonbinder
EKEPSLATVKNVVLR,1,IEDB_mhc2_binder
FKYLLIQGDFDQKLG,1,IEDB_mhc2_binder
SPWGHKIRTLSTFTF,0,IEDB_mhc2_nonbinder
SVERGSDKICRHKLF,1,IEDB_mhc2_binder
VHSLPRCWLTKNGSY,1,IEDB_mhc2_binder
QVNRAIKNETSIHEI,1,IEDB_mhc2_binder
VYRLENTSGSTYLALE,0,IEDB_mhc2_nonbinder
IRYGWIPSGISSGQR,0,IEDB_mhc2_nonbinder
APLWLLNIVVNFNPK,0,IEDB_mhc2_nonbinder
KEVYSGVSACTCEIC,1,IEDB_mhc2_binder
SSSEVVVQRLAVGLF,1,IEDB_mhc2_binder
NQALSVEYVDVHPVL,1,IEDB_mhc2_binder
KGCRIPLKNKETNMS,0,IEDB_mhc2_nonbinder
KDLLMRRITYEGFTR,0,IEDB_mhc2_nonbinder
VLLDCWRLVLSGPTF,1,IEDB_mhc2_binder
ITVNQNMDSLRIYHK,0,IEDB_mhc2_nonbinder
DDNKRKGMLLFSSFN,0,IEDB_mhc2_nonbinder
ILDSRLAKTIGIAEP,0,IEDB_mhc2_nonbinder
LLAGSSFFGDRICLF,0,IEDB_mhc2_nonbinder
VDKNVICASGYQKLS,0,IEDB_mhc2_nonbinder
TMIDGKITRDAHANL,0,IEDB_mhc2_nonbinder
VLQSVRRSYPKVFEE,1,IEDB_mhc2_binder
INLIGRGGDEALTGF,1,IEDB_mhc2_binder
ALGALESEKEVQSLL,0,IEDB_mhc2_nonbinder
HTVPDLTDDLLFWNK,0,IEDB_mhc2_nonbinder
LIEDYFEALSLQLSG,1,IEDB_mhc2_binder
TPDLAETCMGWKGGY,0,IEDB_mhc2_nonbinder
DMKMAVNNGDFSLSM,1,IEDB_mhc2_binder
KHTVRYHCNSEGNNI,0,IEDB_mhc2_nonbinder
IGLIKDKDKHDFDLR,0,IEDB_mhc2_nonbinder
ILNFVAHVYKTQPSE,1,IEDB_mhc2_binder
ISKKKIANVKGETFL,0,IEDB_mhc2_nonbinder
STKYHLSRTVVYSYT,1,IEDB_mhc2_binder
GSEELRSLYNTVATLY,1,IEDB_mhc2_binder
LTKFVSAALHNVKCK,1,IEDB_mhc2_binder
KKPLRVGKVHTRLCE,0,IEDB_mhc2_nonbinder
KLKLIIQVEHTRVST,1,IEDB_mhc2_binder
LNMYSNLQRIAESTQ,0,IEDB_mhc2_nonbinder
SVLDMGQGILHNTSD,1,IEDB_mhc2_binder
LLYLCLEGDQATIFY,0,IEDB_mhc2_nonbinder
EENTHVLMHSPLVFD,0,IEDB_mhc2_nonbinder
LDCYMVLSWGRLGTE,0,IEDB_mhc2_nonbinder
EGLGFERNDENLIIG,0,IEDB_mhc2_nonbinder
SGVQKSLINKTRKKF,0,IEDB_mhc2_nonbinder
SPKSVIGRFVAEFKS,1,IEDB_mhc2_binder
VMYSGAVNPCVLLDC,1,IEDB_mhc2_binder
LIFFLTLAGRSCSFR,1,IEDB_mhc2_binder
FCDMLRLFDYNKNAI,1,IEDB_mhc2_binder
PKLEFGSLIVNPSLN,1,IEDB_mhc2_binder
LGSGPDGDGQPSIND,0,IEDB_mhc2_nonbinder
SIDSSCSSKYRLVLD,0,IEDB_mhc2_nonbinder
RQKIIYSGAVNLDDE,1,IEDB_mhc2_binder
FTDDDFKIMLKALSH,1,IEDB_mhc2_binder
ALEENVAVAVATLLL,0,IEDB_mhc2_nonbinder
LVNMLKTGKQNDKTE,0,IEDB_mhc2_nonbinder
EGDILFSTSKGHTCF,0,IEDB_mhc2_nonbinder
VFNDIKRGRIFEENL,0,IEDB_mhc2_nonbinder
KGLSLMSFISSNLTS,0,IEDB_mhc2_nonbinder
KMGALFEGRNFVQNI,1,IEDB_mhc2_binder
NLAGSNDNFLMRNVT,1,IEDB_mhc2_binder
LSLCWFFTHAVSFFT,0,IEDB_mhc2_nonbinder
IADRLDKSFFTSAAL,1,IEDB_mhc2_binder
GIQMVTKEEDKFSLR,0,IEDB_mhc2_nonbinder
FEALSLQLSGSCLNN,1,IEDB_mhc2_binder
EIDNTHALILSSYRF,0,IEDB_mhc2_nonbinder
DNLWSPFGVMKEIRA,1,IEDB_mhc2_binder
GIRHLFGNYITNDSY,1,IEDB_mhc2_binder
LGQWRQLSTRTRSFH,0,IEDB_mhc2_nonbinder
AQIALSFGFEYRGPM,0,IEDB_mhc2_nonbinder
TILSENGVVAPTLPK,1,IEDB_mhc2_binder
RVCSQCDSCLFKWKN,0,IEDB_mhc2_nonbinder
VKRDDSDLVGLRDLN,1,IEDB_mhc2_binder
PSHIMSVLDMGQGIL,1,IEDB_mhc2_binder
VSMCNDNCLGMDAKS,0,IEDB_mhc2_nonbinder
IALEHILRSKHIVSEYF,0,IEDB_mhc2_nonbinder
EIRLSVHMIQHKLYH,0,IEDB_mhc2_nonbinder
VAVFSSGFFSTKPEA,0,IEDB_mhc2_nonbinder
FEALALSAGDLMSNI,0,IEDB_mhc2_nonbinder
SLALVNSMKTSSTVK,1,IEDB_mhc2_binder
NLCGLDMAIIGAGET,0,IEDB_mhc2_nonbinder
TLNLPDPIIGLSKCV,0,IEDB_mhc2_nonbinder
LSTLTVGSVISEPNN,0,IEDB_mhc2_nonbinder
VSVVEGALEALSLFN,0,IEDB_mhc2_nonbinder
LRFRYARVCYGNEQL,0,IEDB_mhc2_nonbinder
LVSAGPKAKSSQEEL,1,IEDB_mhc2_binder
ALQEKGIRKQSLTTK,0,IEDB_mhc2_nonbinder
IHSLYGRYNCKCCWF,1,IEDB_mhc2_binder
AKMKCFGNTAVAKCN,1,IEDB_mhc2_binder
EDSKILLVAVSIKMK,0,IEDB_mhc2_nonbinder
MSPLAGFLPLALKWT,0,IEDB_mhc2_nonbinder
ITLSHHKIYLPVLIF,0,IEDB_mhc2_nonbinder
LPGLWKKVLGATEAM,0,IEDB_mhc2_nonbinder
IRLAPLVVEINMSTA,0,IEDB_mhc2_nonbinder
DLGENALIGHLGSSV,0,IEDB_mhc2_nonbinder
VNACHHNYEQKFIDV,0,IEDB_mhc2_nonbinder
LVTFLLLCGRSCSTS,1,IEDB_mhc2_binder
YTAKYPNLNDLKALT,1,IEDB_mhc2_binder
YSYFRCTIALGHRNR,0,IEDB_mhc2_nonbinder
KSSQRDTILKLGDLN,1,IEDB_mhc2_binder
PQSSEPHCALLDCLM,1,IEDB_mhc2_binder
SSMINPLVITTSVLK,1,IEDB_mhc2_binder
MDRLGDDLAALEEGS,0,IEDB_mhc2_nonbinder
RSVQRNTVFKAGDLG,1,IEDB_mhc2_binder
KLGLGLSIYAVNLDT,0,IEDB_mhc2_nonbinder
TNSNGIQYWRVPLNL,1,IEDB_mhc2_binder
PADIDQWKVDVFDGE,0,IEDB_mhc2_nonbinder
LRNSELCHICWKPLP,0,IEDB_mhc2_nonbinder
FEAKGAKANKAYD,1,IEDB_mhc2_binder
PAKLSFTPLSQRSGV,0,IEDB_mhc2_nonbinder
RGRNSLNVEEKYFVF,0,IEDB_mhc2_nonbinder
DYSLGLSKCSVYLNR,0,IEDB_mhc2_nonbinder
RVGFLLSRRSSSEKL,0,IEDB_mhc2_nonbinder
VIHKLFDIDVTSYTS,1,IEDB_mhc2_binder
RNALLDRPLIVRLVD,0,IEDB_mhc2_nonbinder
RLHSSLTVSHRELSI,0,IEDB_mhc2_nonbinder
KILAESINKSAFQSS,1,IEDB_mhc2_binder
SIAQHLVSDRPIMRY,1,IEDB_mhc2_binder
SQEELSLMYEALTEE,1,IEDB_mhc2_binder
FSCLNSEKEFERAIC,1,IEDB_mhc2_binder
YSQHRLANISLSLNS,0,IEDB_mhc2_nonbinder
QNGEDIEIHSGFGTF,0,IEDB_mhc2_nonbinder
FIRINNLKVKMAQED,1,IEDB_mhc2_binder
NLFTAMILMSPLVNA,1,IEDB_mhc2_binder
SKQLGLESLLPADYL,0,IEDB_mhc2_nonbinder
SFMQEIPTFLQEALN,1,IEDB_mhc2_binder
FFLEEVLDVCPLGLL,1,IEDB_mhc2_binder
CRTLGSKCVRGPNKE,1,IEDB_mhc2_binder
CGRIAKLLLGSQYKA,0,IEDB_mhc2_nonbinder
VSSILDMGQGILHNT,1,IEDB_mhc2_binder
KSTQQKSVLRVGTLS,1,IEDB_mhc2_binder
KTTWCSQTDYQYLII,0,IEDB_mhc2_nonbinder
FREREEKLSRILIWV,0,IEDB_mhc2_nonbinder
QSDENSISIDAVERC,0,IEDB_mhc2_nonbinder
ILNASYITPYVPMPC,1,IEDB_mhc2_binder
WAPLMQLSCKQTPLK,0,IEDB_mhc2_nonbinder
SEKRKQLRSIWRHEL,0,IEDB_mhc2_nonbinder
YLQIQDEIPSHIMSV,1,IEDB_mhc2_binder
VCLELKLFLSKLESG,0,IEDB_mhc2_nonbinder
VAVDGNINMMLLQVG,0,IEDB_mhc2_nonbinder
LQLRESKHNLITEGM,0,IEDB_mhc2_nonbinder
NFVLLVSTRDWQISE,0,IEDB_mhc2_nonbinder
LMWHMHKMVEIPFNV,1,IEDB_mhc2_binder
LRTKLMTSRRVLEKE,1,IEDB_mhc2_binder
QNKTSMSRKSIDMLL,0,IEDB_mhc2_nonbinder
KLISLKTDLGKIGVT,1,IEDB_mhc2_binder
KIKRNSLRSLYMKLK,0,IEDB_mhc2_nonbinder
AINKEFGEKVCLTAA,0,IEDB_mhc2_nonbinder
FVADWVIERIRWLLI,1,IEDB_mhc2_binder
RHKLFQEMSSFEQMR,1,IEDB_mhc2_binder
HFQMKRETRGKLSYK,0,IEDB_mhc2_nonbinder
CDPKRYFVPIFSEAV,1,IEDB_mhc2_binder
KVPYCNYTRFWYINH,1,IEDB_mhc2_binder
CLSFRDVVSILGLQR,0,IEDB_mhc2_nonbinder
EYLWAVTLNTFLCDI,0,IEDB_mhc2_nonbinder
LQTQIQIITPRPPHP,0,IEDB_mhc2_nonbinder
MRSVHQSQLQYDISP,0,IEDB_mhc2_nonbinder
NLPNWFGNGVDMLSP,0,IEDB_mhc2_nonbinder
FGDWLEFSNFKVAFS,1,IEDB_mhc2_binder
NLIGLIGRGGDEALR,1,IEDB_mhc2_binder
ESTENYYCSRLRAIG,0,IEDB_mhc2_nonbinder
SNVKLYQVRSIRTIR,0,IEDB_mhc2_nonbinder
VFSAIKSPQAPLVLC,1,IEDB_mhc2_binder
ELDYLNDDCFHMEIR,0,IEDB_mhc2_nonbinder
TWVVVLTCDELSTLM,0,IEDB_mhc2_nonbinder
MLINDKASVRSLLEI,0,IEDB_mhc2_nonbinder
NKFVSPKSVSGTFVA,1,IEDB_mhc2_binder
VRGDIRESVIREELI,0,IEDB_mhc2_nonbinder
NLMSMKSSQRDTILK,1,IEDB_mhc2_binder
ITTFKLPTMSSSEDG,1,IEDB_mhc2_binder
IKDPLITSGCATALD,1,IEDB_mhc2_binder
AQVLNTPAAEFILIL,0,IEDB_mhc2_nonbinder
SWSLTDSSGKDMPGG,1,IEDB_mhc2_binder
GQHILLLFEEYKSYC,0,IEDB_mhc2_nonbinder
NNFLSKTKLSGSSLF,0,IEDB_mhc2_nonbinder
TLAGRSCSFRIGRST,1,IEDB_mhc2_binder
LTNGIIYAESEFYGE,0,IEDB_mhc2_nonbinder
RLFVSILSGDNEIEY,1,IEDB_mhc2_binder
VVKVTIVNPLGSRDG,0,IEDB_mhc2_nonbinder
NEREYSRYFGNVRLR,1,IEDB_mhc2_binder
EEYLIRTKSVELIMK,0,IEDB_mhc2_nonbinder
YDMFNLLLMKPLGIE,0,IEDB_mhc2_nonbinder
SCAVIMGVSPTKASV,0,IEDB_mhc2_nonbinder
AEVNPHHVAVLEIKV,0,IEDB_mhc2_nonbinder
AATNDHNVMESVTLD,0,IEDB_mhc2_nonbinder
VIGWILINSSKGVII,0,IEDB_mhc2_nonbinder
ASGEHSLPRCWLVRN,1,IEDB_mhc2_binder
TLTFIVIEDQGLKID,0,IEDB_mhc2_nonbinder
VMFPEHQTIVFGQVI,0,IEDB_mhc2_nonbinder
ISLAPDEQLRSVVLH,0,IEDB_mhc2_nonbinder
LIKTLQSKLSKNFTK,1,IEDB_mhc2_binder
DWKSGQRRLIGRDYV,0,IEDB_mhc2_nonbinder
LAVMQSCLHKIEKHS,0,IEDB_mhc2_nonbinder
RYNLDPDTIDFLIMR,1,IEDB_mhc2_binder
NVKYLAKILCLKTEI,0,IEDB_mhc2_nonbinder
YEAQILNYSKAKSSLES,1,IEDB_mhc2_binder
VVKHKLHELISCIDI,0,IEDB_mhc2_nonbinder
VATRTYFDHEYFQCF,0,IEDB_mhc2_nonbinder
LGRDTFRSLCMVQFR,0,IEDB_mhc2_nonbinder
TTDLERLSSLSLALV,1,IEDB_mhc2_binder
KQFIMENRDNALIVK,0,IEDB_mhc2_nonbinder
YLCLRCHQTMLRNSE,1,IEDB_mhc2_binder
TMKRVLLSRVELRRT,0,IEDB_mhc2_nonbinder
SGCSEMENLDTVIGQ,0,IEDB_mhc2_nonbinder
SFNISKSCLSHLMVL,0,IEDB_mhc2_nonbinder
KPCPKPHRLNHMGIC,1,IEDB_mhc2_binder
KAKPPAPPPKKAPPP,0,IEDB_mhc2_nonbinder
QGTNQYLTLGGSQNT,0,IEDB_mhc2_nonbinder
VLGWLEEVFNVADAI,0,IEDB_mhc2_nonbinder
MLDRLGLKMQWSGVD,1,IEDB_mhc2_binder
ISFRNFWEISDELLD,0,IEDB_mhc2_nonbinder
SFYNEQIPDWVNDKL,1,IEDB_mhc2_binder
YILKSIAPLEAEVLY,0,IEDB_mhc2_nonbinder
LDENLNILGMLHIGM,0,IEDB_mhc2_nonbinder
LLFVHSLTSKPEGQP,0,IEDB_mhc2_nonbinder
GKEITELRCRLEGKL,0,IEDB_mhc2_nonbinder
SSAVSKLCRHDGCPP,0,IEDB_mhc2_nonbinder
PDDGLDRYTLSYILN,0,IEDB_mhc2_nonbinder
GFLYIKEVYSGVSAC,1,IEDB_mhc2_binder
CFINEICSSIILAYR,0,IEDB_mhc2_nonbinder
VKDFDPDVFRSDVYK,0,IEDB_mhc2_nonbinder
GLTDPKAFKSLKDLW,1,IEDB_mhc2_binder
LNKFVSPKSVIGRFV,1,IEDB_mhc2_binder
ANNLQETNRELLHAIKQ,0,IEDB_mhc2_nonbinder
ELESCEAHACQINSD,0,IEDB_mhc2_nonbinder
GKSSFCDICGEELPT,1,IEDB_mhc2_binder
LEDRVGLNHIIHSLR,1,IEDB_mhc2_binder
SIQSVNHSNTLVCKG,0,IEDB_mhc2_nonbinder
RYFLMAFANQIHHID,1,IEDB_mhc2_binder
DEIPSHIMSVLDMGQ,1,IEDB_mhc2_binder
LKRNMLSYDQLLDSS,1,IEDB_mhc2_binder
MPPMIDVYCPNYITT,0,IEDB_mhc2_nonbinder
DSGRLKFLDVCIALD,1,IEDB_mhc2_binder
ASLMLGLNKNEHVIM,0,IEDB_mhc2_nonbinder
LNVLSMCNKIKGSKI,1,IEDB_mhc2_binder
INALISDNLLMKNRL,1,IEDB_mhc2_binder
AMFVEDIAMGYVVSS,1,IEDB_mhc2_binder
ACEISLILRAVDYSQ,0,IEDB_mhc2_nonbinder
EQVEDMYSIVLHIQL,1,IEDB_mhc2_binder
IVNPQASGITDHVDV,0,IEDB_mhc2_nonbinder
RSPNPAYVKATQIST,0,IEDB_mhc2_nonbinder
WPKKLASFLMDTMIS,0,IEDB_mhc2_nonbinder
TFSLDLGSKASSWFK,0,IEDB_mhc2_nonbinder
RAGKGKFQKRLPLVW,0,IEDB_mhc2_nonbinder
IFAFRLFKNDKASSE,0,IEDB_mhc2_nonbinder
INESGSNLSAYISSF,0,IEDB_mhc2_nonbinder
SSPLLSTYRATPDSF,0,IEDB_mhc2_nonbinder
GKLVAADLFVEPTAL,0,IEDB_mhc2_nonbinder
NCSKILERSHPEIWH,1,IEDB_mhc2_binder
NVSSLLNQEEGLNLK,0,IEDB_mhc2_nonbinder
LNFVVDEMVKDSTVI,1,IEDB_mhc2_binder
FAVSCKSCSGQDLLK,0,IEDB_mhc2_nonbinder
HMGICSCGLYKQPGV,1,IEDB_mhc2_binder
KNNCYYGNKLCLECV,0,IEDB_mhc2_nonbinder
KLPREISVFSHRHLY,0,IEDB_mhc2_nonbinder
SPQTMDGILKSILKV,1,IEDB_mhc2_binder
NKIRRAETGSQGVYM,1,IEDB_mhc2_binder
EAMRKLDSSDTIWMD,1,IEDB_mhc2_binder
YQPFAHYEIECRISQ,0,IEDB_mhc2_nonbinder
RNPYENLLYKICLSG,1,IEDB_mhc2_binder
SDDQISIMKLPLSTK,1,IEDB_mhc2_binder
DDIRKLFDLHGRRDL,1,IEDB_mhc2_binder
IKSKKKGSTPATTNA,0,IEDB_mhc2_nonbinder
TICDQCIANGVSTKI,1,IEDB_mhc2_binder
QKFVDVILSDHGILC,1,IEDB_mhc2_binder
ATTNAHCALLDCIMF,0,IEDB_mhc2_nonbinder
FNTRRNTLLFLDLIM,1,IEDB_mhc2_binder
SYACNVNALASYHHD,0,IEDB_mhc2_nonbinder
EEFFLDLFNRDKNEA,1,IEDB_mhc2_binder
SQTVNALISDNLLMK,1,IEDB_mhc2_binder
DCIMTSYQYLIIQNT,1,IEDB_mhc2_binder
EFISLEDENNRWVML,0,IEDB_mhc2_nonbinder
NIIGLLFYQKTGERS,1,IEDB_mhc2_binder
KVKINASFMSNVREL,0,IEDB_mhc2_nonbinder
PMVLTEGFKLLSCLV,1,IEDB_mhc2_binder
LIKEDHEYQLTSYKL,0,IEDB_mhc2_nonbinder
RLLLDRRLRVSMKTT,0,IEDB_mhc2_nonbinder
MYSIVLHIQLEHKRH,1,IEDB_mhc2_binder
EMIYDLHRVVLLESI,1,IEDB_mhc2_binder
TETLEMPNNSLMLLM,0,IEDB_mhc2_nonbinder
ARFPRDTLTVMLVSR,0,IEDB_mhc2_nonbinder
YIMGDVELLETTDLE,1,IEDB_mhc2_binder
KLSVKMHEDVLTRGL,1,IEDB_mhc2_binder
NNKQTAHLIHGVECK,0,IEDB_mhc2_nonbinder
AKCSLNQLQYPSEFM,0,IEDB_mhc2_nonbinder
VLPRLEKLMTQMFLA,0,IEDB_mhc2_nonbinder
LESILIKPSNSEDLL,0,IEDB_mhc2_nonbinder
RSTPASFEKKFIEDT,0,IEDB_mhc2_nonbinder
KRRLGLMSLSCQSVC,1,IEDB_mhc2_binder
CPNETKIMRKLVRKL,1,IEDB_mhc2_binder
NRELYVGDLNTKLMT,1,IEDB_mhc2_binder
YAGPFGMSRILFAQE,1,IEDB_mhc2_binder
VWYKLTFSAPDILLN,0,IEDB_mhc2_nonbinder
ILLCVKYHFSNVKFL,0,IEDB_mhc2_nonbinder
IYSLDKVQTLVNKHR,0,IEDB_mhc2_nonbinder
DDSYNLICMVIMESF,0,IEDB_mhc2_nonbinder
CIYLNRLKKNETIPY,0,IEDB_mhc2_nonbinder
SLAFGYCKDGALEES,0,IEDB_mhc2_nonbinder
NSYLNESEFRNDWII,1,IEDB_mhc2_binder
VDLQRFRSVQSLLTQ,0,IEDB_mhc2_nonbinder
VRMKTQSNVKNLMLS,0,IEDB_mhc2_nonbinder
INLNLKEDTLKMSLR,0,IEDB_mhc2_nonbinder
KLVDVRLTSEQARQF,1,IEDB_mhc2_binder
VALDVNCEALSLVSH,1,IEDB_mhc2_binder
KTDLGKIGVTLVPVV,1,IEDB_mhc2_binder
ETDLELGDFDQFILT,0,IEDB_mhc2_nonbinder
TFGTENSVNTFSKLT,0,IEDB_mhc2_nonbinder
VMDGKMVDEEPVALL,1,IEDB_mhc2_binder
FSQYPILTQEQKLVA,0,IEDB_mhc2_nonbinder
QESVRKYYLPCNLLN,0,IEDB_mhc2_nonbinder
DRLHPVHAGPVAPGQ,1,IEDB_mhc2_binder
LKNFIEIRSGNKILE,0,IEDB_mhc2_nonbinder
IMPCLCEICEKKPKV,1,IEDB_mhc2_binder
SRQSTERLITKPIML,0,IEDB_mhc2_nonbinder
VTAKTKCDGNASLLF,0,IEDB_mhc2_nonbinder
SVTLDFTKFHDELGD,0,IEDB_mhc2_nonbinder
WLLIEVLKGMKTTSE,1,IEDB_mhc2_binder
TSANQPSAEFRRTAP,0,IEDB_mhc2_nonbinder
MYCNKSFVMYGNGLL,0,IEDB_mhc2_nonbinder
RNLCFYSDDSPTEFT,0,IEDB_mhc2_nonbinder
NIKQTQLSRLLLCYL,0,IEDB_mhc2_nonbinder
SEDDRVGVLFILETS,0,IEDB_mhc2_nonbinder
ETPLLTKFVSAALHN,1,IEDB_mhc2_binder
MQLFKAPLTSTGLCT,0,IEDB_mhc2_nonbinder
SLVNHDLMDIGTSGQ,0,IEDB_mhc2_nonbinder
LFKQKGRPLRWAGKV,1,IEDB_mhc2_binder
GGLDEYKSTVYAGFR,0,IEDB_mhc2_nonbinder
DYDVVYLKPLAGMYK,1,IEDB_mhc2_binder
PASGGRLVRSVQCGL,0,IEDB_mhc2_nonbinder
LISGEIVHLLQIEGS,0,IEDB_mhc2_nonbinder
TKFVSAALHNVKCKT,1,IEDB_mhc2_binder
ALLNFYDTADAISKK,0,IEDB_mhc2_nonbinder
NCEALSLVSHIVKWK,1,IEDB_mhc2_binder
AEKIYDNSLKALDFK,0,IEDB_mhc2_nonbinder
TFGSLVFVDLTFLPS,0,IEDB_mhc2_nonbinder
LMSIPYCNYTKFWYV,1,IEDB_mhc2_binder
VTRISKRVNQLIRYS,1,IEDB_mhc2_binder
FRDKGLGSRTKFKEL,0,IEDB_mhc2_nonbinder
ALLDCIMYQSVMDGK,1,IEDB_mhc2_binder
NYCVSLFNRGKLKVS,1,IEDB_mhc2_binder
GKGLPISIDWIYLCY,0,IEDB_mhc2_nonbinder
GLSIDKRAGFTSLGC,0,IEDB_mhc2_nonbinder
HLVGIPTHRHLKGEA,1,IEDB_mhc2_binder
EFEKKWKSDMSKLLN,1,IEDB_mhc2_binder
RSLNDLLISDPQGQF,1,IEDB_mhc2_binder
SQNLTIFIKQLKMNS,0,IEDB_mhc2_nonbinder
LLKVRDNNVYIVKQS,1,IEDB_mhc2_binder
RTLPGFEMVSEKEFF,0,IEDB_mhc2_nonbinder
LSIEEEDQIDLGELT,0,IEDB_mhc2_nonbinder
HKQEGIVHIYSLHSC,0,IEDB_mhc2_nonbinder
NDAYNLVHLIMIYFF,0,IEDB_mhc2_nonbinder
NSLILLECFVRSTPA,1,IEDB_mhc2_binder
IIKGIVNLYKSGLFQ,1,IEDB_mhc2_binder
SCSFKVGHHTNFESF,1,IEDB_mhc2_binder
VWYIEKKGLGYKSLE,0,IEDB_mhc2_nonbinder
YGYDLQKHLFLQKIC,0,IEDB_mhc2_nonbinder
PALRGLLKMNVVKVS,0,IEDB_mhc2_nonbinder
RRNYPVLFDEHLAPF,1,IEDB_mhc2_binder
KGELFPMLKHEKFAT,0,IEDB_mhc2_nonbinder
FSTSFYLISIFLHLV,1,IEDB_mhc2_binder
NECAIRMLPIVQGTS,0,IEDB_mhc2_nonbinder
LTNLILRLFRFTDNV,0,IEDB_mhc2_nonbinder
PTDSGIQHDLGFAAV,0,IEDB_mhc2_nonbinder
LVRGGKDAVNSRTFQ,0,IEDB_mhc2_nonbinder
ECCTIVDALTQADIQ,0,IEDB_mhc2_nonbinder
FRMLLTQFKLSSSEI,0,IEDB_mhc2_nonbinder
IQRMAVELFQTILGE,1,IEDB_mhc2_binder
VSRTTDFTRLRYLDV,1,IEDB_mhc2_binder
SIFFGGAAKSSQVFS,0,IEDB_mhc2_nonbinder
GRRVFSVIEDGLSVI,0,IEDB_mhc2_nonbinder
GPVLNVLKWHLHKAV,1,IEDB_mhc2_binder
SPSKRNQTFLQGLRY,1,IEDB_mhc2_binder
KIPTHRHIVGKPCPK,0,IEDB_mhc2_nonbinder
PHRLNHMGICSCGLY,1,IEDB_mhc2_binder
LKLEQLAVESYEQVS,0,IEDB_mhc2_nonbinder
DDIKKLFDIHGRKDL,1,IEDB_mhc2_binder
TLMGDTYTSLALQFK,0,IEDB_mhc2_nonbinder
CIHYVNRRFQLERVL,0,IEDB_mhc2_nonbinder
YGGCKPLSPGDDNSM,0,IEDB_mhc2_nonbinder
MDEYVQELKGLIRKH,1,IEDB_mhc2_binder
EFENFMKAGAHPIMH,1,IEDB_mhc2_binder
LSEMLNKEYIDRQGK,0,IEDB_mhc2_nonbinder
PDIGELFGLKAENVI,1,IEDB_mhc2_binder
EINIEEQEYQRLIHS,1,IEDB_mhc2_binder
FALLRHIGENYSSID,0,IEDB_mhc2_nonbinder
SCLFGLLLGVARFAI,0,IEDB_mhc2_nonbinder
HYKSLENGASRERLG,0,IEDB_mhc2_nonbinder
KLRDLNKEVDNLMSM,1,IEDB_mhc2_binder
RVKRSYESHTHTHLK,0,IEDB_mhc2_nonbinder
HKETILLKLSTVLDT,0,IEDB_mhc2_nonbinder
KFYDCILFAIQDEGF,0,IEDB_mhc2_nonbinder
YNLSLSAAVKAGACL,1,IEDB_mhc2_binder
LDDLEKLTLEHDCLQ,0,IEDB_mhc2_nonbinder
VVRIWDVADPNRLNN,1,IEDB_mhc2_binder
GWPYIGSRSQILGRS,1,IEDB_mhc2_binder
CSPSRLPGPSDTPILPQ,0,IEDB_mhc2_nonbinder
LMLVVPELGCTFKLS,0,IEDB_mhc2_nonbinder
WSENSCISLLTKVKT,0,IEDB_mhc2_nonbinder
WDVTHCSTICLIKRV,0,IEDB_mhc2_nonbinder
AIFEQSLGSRRIKYR,0,IEDB_mhc2_nonbinder
LFDVIPVSYTSSDDQ,1,IEDB_mhc2_binder
GSRSQILGRSWDNTS,0,IEDB_mhc2_nonbinder
GNLTSDLVFLSVESN,0,IEDB_mhc2_nonbinder
LEDESQIDVGELTDF,0,IEDB_mhc2_nonbinder
KYKICKQICECEKPV,0,IEDB_mhc2_nonbinder
TPMADAYRQLVVRSL,0,IEDB_mhc2_nonbinder
SVVLFPSQGTNFSMN,0,IEDB_mhc2_nonbinder
NKMSSGSSNSKESSP,0,IEDB_mhc2_nonbinder
PVLNCLTVKLSSSMS,0,IEDB_mhc2_nonbinder
DSNLEKSQMFSFPMD,0,IEDB_mhc2_nonbinder
GLDFSEVSNVQRLMR,1,IEDB_mhc2_binder
IEYNVIAPAVGCVKE,0,IEDB_mhc2_nonbinder
DKISSVKIKLKGLGL,0,IEDB_mhc2_nonbinder
SDVKEPGVSRELLGY,1,IEDB_mhc2_binder
DRFFSKEAKTSSDTQ,1,IEDB_mhc2_binder
HVKFLDVCIALDMMN,1,IEDB_mhc2_binder
CAANERKYQLVSVCL,0,IEDB_mhc2_nonbinder
MCQRNERLYLLSHTC,0,IEDB_mhc2_nonbinder
DRILMQWKLFKLISK,0,IEDB_mhc2_nonbinder
KILKLDDRIVSSKWS,0,IEDB_mhc2_nonbinder
VNILRYSSLNLCSRP,0,IEDB_mhc2_nonbinder
PKKKNKEANSTKEPH,0,IEDB_mhc2_nonbinder
KMEPGSILFKFEVLE,0,IEDB_mhc2_nonbinder
LLQNLRYFIMAYVSD,1,IEDB_mhc2_binder
EENRGLELCLPPVLS,0,IEDB_mhc2_nonbinder
AAALHNVKCKTPTQL,0,IEDB_mhc2_nonbinder
CIKSLGCLKMRLGQE,0,IEDB_mhc2_nonbinder
TKVNLEPVMNILKWH,1,IEDB_mhc2_binder
KFDGYEYKNFFGSNL,0,IEDB_mhc2_nonbinder
NMLVLTHGLASVVVH,1,IEDB_mhc2_binder
KTKFLTRRLAGTFTW,1,IEDB_mhc2_binder
KVCYLTINQCGDPSS,1,IEDB_mhc2_binder
DKYNKQLMVSSCVTS,1,IEDB_mhc2_binder
RDNSVYIVKQSDCAL,1,IEDB_mhc2_binder
FFSEDGRICYSINLY,0,IEDB_mhc2_nonbinder
TIWMDIEGPPTDPVE,1,IEDB_mhc2_binder
EYARPGLISSIIRSL,1,IEDB_mhc2_binder
EGRQFTKIRGLQSQL,0,IEDB_mhc2_nonbinder
QSITEDFFYSNFQVG,0,IEDB_mhc2_nonbinder
YLVSPDRIIFQQERP,0,IEDB_mhc2_nonbinder
LLIFDALILLASKYD,1,IEDB_mhc2_binder
DFSEAVGSSMRYTCL,1,IEDB_mhc2_binder
YAGVAPLLPLMRTSN,0,IEDB_mhc2_nonbinder
VGFTNSKIYMGNYLF,0,IEDB_mhc2_nonbinder
SQTDYQYLIIQNRTW,0,IEDB_mhc2_nonbinder
GGGKWFDRSTCLKKD,0,IEDB_mhc2_nonbinder
LWEKLCYLIRVPDFN,1,IEDB_mhc2_binder
DNGVMSEQGSFYCDP,0,IEDB_mhc2_nonbinder
NQSFKGPRYRTQLLS,0,IEDB_mhc2_nonbinder
ILSGTGSSFVDTFEI,0,IEDB_mhc2_nonbinder
VSVVASLPLFTGQAS,1,IEDB_mhc2_binder
KKVINLSELLADSEI,1,IEDB_mhc2_binder
MVTVISNLSLSPQVM,0,IEDB_mhc2_nonbinder
NLIYIRLAAQTTAHI,0,IEDB_mhc2_nonbinder
SFECLLKLVFDSFWN,0,IEDB_mhc2_nonbinder
SQFTHTVKTDVLKDA,1,IEDB_mhc2_binder
SYNINDFLKRLTSTR,0,IEDB_mhc2_nonbinder
RLVSGSLECLSYPVR,0,IEDB_mhc2_nonbinder
ALTIACMTVQGGETM,1,IEDB_mhc2_binder
VPSFRWTQSLRRGLS,1,IEDB_mhc2_binder
LMIAHRVLLSSILES,0,IEDB_mhc2_nonbinder
QRKGKQCWLTGRFCV,0,IEDB_mhc2_nonbinder
FLKGDCEGSPIETSC,0,IEDB_mhc2_nonbinder
LTGNLLTYERKVNMD,0,IEDB_mhc2_nonbinder
AAVKAGATLLDGGNM,1,IEDB_mhc2_binder
PTKSSVLNDAKLIAD,1,IEDB_mhc2_binder
LLAEVLEDKSFMYHE,0,IEDB_mhc2_nonbinder
FVMGEETPLLTKFVS,1,IEDB_mhc2_binder
DLVSTLHPSSCIPNV,0,IEDB_mhc2_nonbinder
DLIEKKEVLNISSLA,0,IEDB_mhc2_nonbinder
ALSVKLQFLDLIDNQ,0,IEDB_mhc2_nonbinder
FLLSLGIHLNPNKTKW,1,IEDB_mhc2_binder
SDCALAHIRQSSYTD,1,IEDB_mhc2_binder
LNEPKMKLNSIILKM,0,IEDB_mhc2_nonbinder
LGNIYMKSISNTDSK,0,IEDB_mhc2_nonbinder
FQDAYNAAGGHNAVF,0,IEDB_mhc2_nonbinder
PSLCFVVPDGYKLTG,1,IEDB_mhc2_binder
SYLKVEIFGDTIIKA,1,IEDB_mhc2_binder
DFASLDSAPKKPCEH,0,IEDB_mhc2_nonbinder
LNPQSVFIGVSHVVS,0,IEDB_mhc2_nonbinder
GEIHNIRLVKLMNSL,0,IEDB_mhc2_nonbinder
FLDLIILNFVAHVYK,1,IEDB_mhc2_binder
PLSTKENDEDFDWLE,0,IEDB_mhc2_nonbinder
LSTSTKSNVLASMKV,0,IEDB_mhc2_nonbinder
RWENSLMIDIALEEH,0,IEDB_mhc2_nonbinder
QHLLVETSRTFTLQM,0,IEDB_mhc2_nonbinder
TDGSRGYRLQRNIEN,1,IEDB_mhc2_binder
GSRGYRLQRNIEHYL,1,IEDB_mhc2_binder
KQYIMETMEMDALQN,0,IEDB_mhc2_nonbinder
FKKEIFDKQLGKFKF,1,IEDB_mhc2_binder
FLHLVGFPTHRHIRG,1,IEDB_mhc2_binder
KFEIARKLSTMDFGR,0,IEDB_mhc2_nonbinder
GCRVAFTLFSLEFEA,0,IEDB_mhc2_nonbinder
VFACEDSYTDTMSLR,0,IEDB_mhc2_nonbinder
FLALLQMLELRTPVD,1,IEDB_mhc2_binder
NPCGIGVDADMLTGY,0,IEDB_mhc2_nonbinder
RRSYPKVFEEHLVPF,1,IEDB_mhc2_binder
GSYEHRSRSRLGFSS,1,IEDB_mhc2_binder
SVRRLYPKIFEDQFL,1,IEDB_mhc2_binder
EEDLNKLRDLNKEVD,0,IEDB_mhc2_nonbinder
NYTRFWYINHTKSGE,1,IEDB_mhc2_binder
IVQLLFFQDTYDHKE,0,IEDB_mhc2_nonbinder
EIDSADKSGCIHNHD,0,IEDB_mhc2_nonbinder
RELYDHEMLKISEAS,0,IEDB_mhc2_nonbinder
IVFSFPVIEGKKTAS,0,IEDB_mhc2_nonbinder
TIMCSPKVLSSNLSM,0,IEDB_mhc2_nonbinder
NEIKHDVQVALAKMA,1,IEDB_mhc2_binder
HLIFNRVQRPYKVIS,0,IEDB_mhc2_nonbinder
SDLVGLRDLNKEVDS,1,IEDB_mhc2_binder
IVQNAYKQMIKSRTL,1,IEDB_mhc2_binder
LTRGLNLDGTKTLHS,1,IEDB_mhc2_binder
TMAERFKTKGRYNLD,1,IEDB_mhc2_binder
SDYLGFQIVHKEDIN,0,IEDB_mhc2_nonbinder
AVMTTKRRPLFLTSR,0,IEDB_mhc2_nonbinder
VTLVVVLKTKDGPIG,0,IEDB_mhc2_nonbinder
LVALLSSRVIPLKCL,0,IEDB_mhc2_nonbinder
RAMMLDDLTMGYVVS,1,IEDB_mhc2_binder
ALSKTDSRKYENAVW,1,IEDB_mhc2_binder
AWENTTIDLTNEKLA,1,IEDB_mhc2_binder
YNLDPDSIDFLVLKN,1,IEDB_mhc2_binder
YCVLRSREYQLAFEA,0,IEDB_mhc2_nonbinder
LVNSMKTSFSSRLLI,1,IEDB_mhc2_binder
SYHLLDLSIQNGITG,0,IEDB_mhc2_nonbinder
TIFFTASLFLHLVGI,1,IEDB_mhc2_binder
SMSLAGLSHSNAGRM,0,IEDB_mhc2_nonbinder
YSKYWYLNHTSTGKT,1,IEDB_mhc2_binder
RAVLQIMIHSKLKGL,0,IEDB_mhc2_nonbinder
FIVNLALVFAPEIEA,0,IEDB_mhc2_nonbinder
KLIRKKIGTNPNWVK,1,IEDB_mhc2_binder
LEFVRKCAKKVLLKI,1,IEDB_mhc2_binder
LKFGDRVCNSRSDLL,0,IEDB_mhc2_nonbinder
QKEYMERQGKTPLGL,1,IEDB_mhc2_binder
SLKELVISDTQGSFR,1,IEDB_mhc2_binder
EKFMEPKLEFGSLIV,1,IEDB_mhc2_binder
LKGSETTVTERIFRE,1,IEDB_mhc2_binder
YLQMNSLRAEDTAVY,1,IEDB_mhc2_binder
AYEEEEFFECFKYLL,0,IEDB_mhc2_nonbinder
VRCLRYYSLLKHNLF,0,IEDB_mhc2_nonbinder
DAQSAQSQCRTFRGR,0,IEDB_mhc2_nonbinder
RFIQDRNMFLFNEPG,0,IEDB_mhc2_nonbinder
FGNYITNDSYSKMSV,1,IEDB_mhc2_binder
FAIKSSNSSSFVAGQ,0,IEDB_mhc2_nonbinder
GQFIHFYREPTDQKQ,0,IEDB_mhc2_nonbinder
FSPELSDKYSYRLSG,1,IEDB_mhc2_binder
PKINVLLLKWLHEHT,0,IEDB_mhc2_nonbinder
LGLLYTVKFPNLIDL,1,IEDB_mhc2_binder
VEHPARHLIHGTKGL,0,IEDB_mhc2_nonbinder
EVFCQTIKLDSEEYH,1,IEDB_mhc2_binder
SLLKSLEVFSEWCEF,1,IEDB_mhc2_binder
ETGLLEIVLMDEYDT,0,IEDB_mhc2_nonbinder
SWLNLAAHHPLRMVL,1,IEDB_mhc2_binder
MKLNVSLAHVSYSMD,1,IEDB_mhc2_binder
EGFVKCQSEQEKKIL,0,IEDB_mhc2_nonbinder
KESMVATKASVCSFR,0,IEDB_mhc2_nonbinder
MGQLISFFQEIPVFL,1,IEDB_mhc2_binder
GLLTYSNQAVTISLL,0,IEDB_mhc2_nonbinder
LGFSRSTACVIGSLG,0,IEDB_mhc2_nonbinder
YIYDNSHTGINRLFG,0,IEDB_mhc2_nonbinder
ESNSEAIADKLDKSY,0,IEDB_mhc2_nonbinder
IVKLEYNLLGCLTVF,0,IEDB_mhc2_nonbinder
QAIANGVPVFFVNCI,1,IEDB_mhc2_binder
TALGSSRCIGFTRSR,0,IEDB_mhc2_nonbinder
IRGQLEEVNLSGKYY,0,IEDB_mhc2_nonbinder
PLLRGKKAVNLAQIL,1,IEDB_mhc2_binder
CYTLIFQAYDGLLEL,0,IEDB_mhc2_nonbinder
LKIWMKELSTTVLGE,0,IEDB_mhc2_nonbinder
LEKLKSKVIRTERPL,1,IEDB_mhc2_binder
SQTTANPSCPAGT,0,IEDB_mhc2_nonbinder
YEEFCDAVYENDKLK,1,IEDB_mhc2_binder
HFQYDLFNLKVDVII,0,IEDB_mhc2_nonbinder
EFKSRFFVMGEETPL,1,IEDB_mhc2_binder
TLKFYEDRALIEMFS,0,IEDB_mhc2_nonbinder
VDNCAKCTKAHEEFE,0,IEDB_mhc2_nonbinder
LGVLGLPRTVMLSVD,0,IEDB_mhc2_nonbinder
SYFQTEKVGPMNPRP,0,IEDB_mhc2_nonbinder
KKEYNQSGIRPGMLT,0,IEDB_mhc2_nonbinder
DKLALSNTNLYFARV,0,IEDB_mhc2_nonbinder
VFKQTHLDTGRTSRL,0,IEDB_mhc2_nonbinder
PCEEGKVCYLTINQC,1,IEDB_mhc2_binder
LFKTLSSISLSLINS,1,IEDB_mhc2_binder
DFKIHNLLHQIASIA,0,IEDB_mhc2_nonbinder
THHYRSKIEVGIRHL,1,IEDB_mhc2_binder
TFKIGLHTEFQSVTL,0,IEDB_mhc2_nonbinder
AVNNGDLSCSYDHSK,1,IEDB_mhc2_binder
KQSQIVCSAHRSDVA,0,IEDB_mhc2_nonbinder
SHLFDLNMECKCLDD,0,IEDB_mhc2_nonbinder
EGWPYIGSRSQIKGR,1,IEDB_mhc2_binder
GILIVDGMTSNHQSL,0,IEDB_mhc2_nonbinder
LSQLITLGSHEENDS,1,IEDB_mhc2_binder
TPTQLAETIDTICDQ,0,IEDB_mhc2_nonbinder
ELKQGVVEQFGIYKL,0,IEDB_mhc2_nonbinder
KCKMVECIPPKICEL,0,IEDB_mhc2_nonbinder
TSLMDKLKEDLITPA,1,IEDB_mhc2_binder
DKKMNLEMSSNSRVQ,0,IEDB_mhc2_nonbinder
DLLLRRKHDDRDIFG,0,IEDB_mhc2_nonbinder
ASFEAQGALANIAVDK,1,IEDB_mhc2_binder
ICDQCIANGVSTHIV,1,IEDB_mhc2_binder
VTDLFAAQPGLTSAV,1,IEDB_mhc2_binder
PNKNYGLYPRNELEK,0,IEDB_mhc2_nonbinder
SLKRNSNSIVGEQNS,1,IEDB_mhc2_binder
CVEGNHLLFRVSPNS,0,IEDB_mhc2_nonbinder
SLKTNHYWGSTYTKY,0,IEDB_mhc2_nonbinder
IEGPPTDPVELALYQ,0,IEDB_mhc2_nonbinder
SCEPQVHANNVLVLN,0,IEDB_mhc2_nonbinder
PLRETFTVMKSGLFE,0,IEDB_mhc2_nonbinder
LRNDIQLFELWHSES,0,IEDB_mhc2_nonbinder
QRNPYENVLYKLCLS,1,IEDB_mhc2_binder
IQPIALQPDVYVHLA,0,IEDB_mhc2_nonbinder
ILKSDKIGTDRLIAK,0,IEDB_mhc2_nonbinder
LRLTVNVKLFEITPE,0,IEDB_mhc2_nonbinder
ILRLLVLAVLCSPSK,1,IEDB_mhc2_binder
GGLVQPGGSLRLSCA,1,IEDB_mhc2_binder
TGSDGKTTWCSQTDY,0,IEDB_mhc2_nonbinder
KSVEWHVCSLKAILN,0,IEDB_mhc2_nonbinder
RSVGQMQQRMRLIQP,0,IEDB_mhc2_nonbinder
YFSLVLTNACELGEW,1,IEDB_mhc2_binder
EILRIGNHPPAGLTK,0,IEDB_mhc2_nonbinder
AKKNNRTGFSCIVKK,0,IEDB_mhc2_nonbinder
LENIECLKKNSLGYD,1,IEDB_mhc2_binder
ICKMPLPTKLRPSAA,1,IEDB_mhc2_binder
NLIIASNLLHTDLSL,0,IEDB_mhc2_nonbinder
SFFKSLEDKVNSTIA,1,IEDB_mhc2_binder
NLDGTKTLHSSVQSY,1,IEDB_mhc2_binder
PALFFTFLANLNLTE,1,IEDB_mhc2_binder
LLTVNNLSVQYTLGA,0,IEDB_mhc2_nonbinder
VSMHEVKDFDPDVFR,0,IEDB_mhc2_nonbinder
SKSDDQIWLSQWFMN,1,IEDB_mhc2_binder
MFGVMVAYVIASRDE,0,IEDB_mhc2_nonbinder
KLCLMKAQPTSWPLQ,1,IEDB_mhc2_binder
KMVYSFSLECIMDVG,1,IEDB_mhc2_binder
SDIIGYHEVIKMCDV,0,IEDB_mhc2_nonbinder
QIEGLIPDACSKIRS,1,IEDB_mhc2_binder
LYFARRFKYLLNVSY,1,IEDB_mhc2_binder
LFEEHLAPFMNDLQV,1,IEDB_mhc2_binder
VEFDLEKTSCQIHEY,0,IEDB_mhc2_nonbinder
VEMVLQLVTLEKSPA,0,IEDB_mhc2_nonbinder
DEIMLSNSHSLKDKS,1,IEDB_mhc2_binder
PKKLRISIAQEEAFE,0,IEDB_mhc2_nonbinder
LAPFMNDLQVNRSLD,1,IEDB_mhc2_binder
TDLFIMCCPERCIIE,0,IEDB_mhc2_nonbinder
NVKCKTPTQLAETID,1,IEDB_mhc2_binder
YVVSSFDNIKVFLEG,1,IEDB_mhc2_binder
PGKDDYVLELQALSL,0,IEDB_mhc2_nonbinder
KVFEEHLVPFMNDLQ,1,IEDB_mhc2_binder
DDRMLIMSNEKLLKV,0,IEDB_mhc2_nonbinder
EQIPTLIKTLQSKLS,1,IEDB_mhc2_binder
DVQISMIGLGLHSHM,0,IEDB_mhc2_nonbinder
PRLATLFFIVELFFS,0,IEDB_mhc2_nonbinder
KDLNISLNMHKISPT,0,IEDB_mhc2_nonbinder
NDLQVNRSLDSGRLK,1,IEDB_mhc2_binder
CGNNSDCLKAMMVID,0,IEDB_mhc2_nonbinder
SMYSSELLRSECTGS,0,IEDB_mhc2_nonbinder
SVFINKRFSVLPVKG,0,IEDB_mhc2_nonbinder
NLIPLIDGRTSFYNE,1,IEDB_mhc2_binder
DEKGFKNGSRHSHGM,0,IEDB_mhc2_nonbinder
WILESDHLISEMLSK,1,IEDB_mhc2_binder
TLGSHEENDSLDCAF,0,IEDB_mhc2_nonbinder
GSYWAVTYKHNHTFE,0,IEDB_mhc2_nonbinder
HYGRMTNCCLDLCHQ,0,IEDB_mhc2_nonbinder
HPTSCMVNHSTYYVH,1,IEDB_mhc2_binder
CFEYQGKEDIFLLYM,0,IEDB_mhc2_nonbinder
CCSIGYATITISDSG,0,IEDB_mhc2_nonbinder
AIESLRKSGLIVGQM,1,IEDB_mhc2_binder
FNRGRLKVTGELKSN,1,IEDB_mhc2_binder
MGSSFKVDCYVLEIM,0,IEDB_mhc2_nonbinder
EYCDIVNIVTSTTYE,0,IEDB_mhc2_nonbinder
TMVVLRKFDVPSPTR,0,IEDB_mhc2_nonbinder
YFIMAYVNQAHHIQL,1,IEDB_mhc2_binder
KMTVTRFKMSVQVLP,0,IEDB_mhc2_nonbinder
KFNRCFRAMVIDINK,0,IEDB_mhc2_nonbinder
KCFGNTALAKCNLDH,1,IEDB_mhc2_binder
IVVSRCKILTVIPSQ,0,IEDB_mhc2_nonbinder
QFSFTLELIVPKRSW,0,IEDB_mhc2_nonbinder
HKGIVIKSKKKGSTP,1,IEDB_mhc2_binder
KCKCTVNKMLAAFGN,0,IEDB_mhc2_nonbinder
DCFKHCLMSDELRNN,0,IEDB_mhc2_nonbinder
SVLQSARIANYFLKA,0,IEDB_mhc2_nonbinder
YYFDHAIDKRYSFMV,0,IEDB_mhc2_nonbinder
GQHNCPYRPKYTDLI,0,IEDB_mhc2_nonbinder
LKTCTKSFVVAHAKN,0,IEDB_mhc2_nonbinder
CAEMLSWLDFDEKLV,1,IEDB_mhc2_binder
NLTNLLSARKLDSSK,1,IEDB_mhc2_binder
PVDELSAVLLPLELM,0,IEDB_mhc2_nonbinder
CEERWCHLLVDLRKP,0,IEDB_mhc2_nonbinder
MDIKNLLTACTIFYI,0,IEDB_mhc2_nonbinder
SFIELNIASDLNTQV,0,IEDB_mhc2_nonbinder
GSVRDYTVVKEFTLL,0,IEDB_mhc2_nonbinder
SANNIILVDVLTKRG,0,IEDB_mhc2_nonbinder
TEKYVRKEESEDADM,0,IEDB_mhc2_nonbinder
SINSLISDNLLMRNK,1,IEDB_mhc2_binder
ETHFSDDIEQQADNM,1,IEDB_mhc2_binder
SQTTANPSCPEAT,0,IEDB_mhc2_nonbinder
LMEIVYNVTFSCVER,1,IEDB_mhc2_binder
SDFLEKHMLVKVECL,0,IEDB_mhc2_nonbinder
NKEVDRLMSMKSIQK,1,IEDB_mhc2_binder
DGVLLYPDYKLNLST,0,IEDB_mhc2_nonbinder
VYDSPLRPTFFLEKP,0,IEDB_mhc2_nonbinder
ATALDLASNKSVVVN,1,IEDB_mhc2_binder
LKYIKTSRCILLAVA,0,IEDB_mhc2_nonbinder
RLRLFTTELQKFAAK,0,IEDB_mhc2_nonbinder
NLISRGGDEALSGFL,1,IEDB_mhc2_binder
MMNENLGIVSHLLKA,1,IEDB_mhc2_binder
RSILWDYFSLVLTNA,1,IEDB_mhc2_binder
AKCNLDHSSEFCDML,0,IEDB_mhc2_nonbinder
LASDPHEFFSGLALT,0,IEDB_mhc2_nonbinder
IEEVLVEDMKSYPSY,0,IEDB_mhc2_nonbinder
EASKLFINSERFECC,0,IEDB_mhc2_nonbinder
QHISINQDFAPILSK,0,IEDB_mhc2_nonbinder
EGSKITRYGLRLEFN,0,IEDB_mhc2_nonbinder
SDFMFVTCETPDKLH,0,IEDB_mhc2_nonbinder
HHCNLLQMCRISCTE,0,IEDB_mhc2_nonbinder
DKNEAILQFGDILGL,1,IEDB_mhc2_binder
WFNEVLSIEEEDQID,0,IEDB_mhc2_nonbinder
DERLLGFTMEWFLSG,1,IEDB_mhc2_binder
ADYMMTQLQKLLTSK,0,IEDB_mhc2_nonbinder
PFEFCDFYISLPKRD,0,IEDB_mhc2_nonbinder
KISVQYNLSHSYAVD,1,IEDB_mhc2_binder
KRSNGFQEITLIGLY,0,IEDB_mhc2_nonbinder
KGGLWECGKKLASFT,1,IEDB_mhc2_binder
ENKHQRRLVKLLL,0,IEDB_mhc2_nonbinder
GNKVKSVYLNATVDS,0,IEDB_mhc2_nonbinder
PSPIGYLGLLSQRTR,1,IEDB_mhc2_binder
LCKHHNGVVVSKKKR,1,IEDB_mhc2_binder
VGHIAMNNDISLMEL,0,IEDB_mhc2_nonbinder
QSLSEENSDIGHTLL,0,IEDB_mhc2_nonbinder
GFIGFCKSMGSKCVR,1,IEDB_mhc2_binder
LKITSLLILLADVPV,0,IEDB_mhc2_nonbinder
DAVTPLLKILVLSIL,1,IEDB_mhc2_binder
SLFFSRRFKYLLNVS,1,IEDB_mhc2_binder
AEFKSRFFVWGDEVP,0,IEDB_mhc2_nonbinder
EEFIRLLKNRKKSKV,1,IEDB_mhc2_binder
KLDCDQHVGYVVMTH,0,IEDB_mhc2_nonbinder
IPFNVVSAMMKSFIK,1,IEDB_mhc2_binder
TVRSMVLMFRRQSKN,0,IEDB_mhc2_nonbinder
KADMSKLISLKTDLG,1,IEDB_mhc2_binder
KKPKVIYCQKSLKEV,1,IEDB_mhc2_binder
SMCTLQEVSSFVLVM,0,IEDB_mhc2_nonbinder
SPILRFLYANVGEEA,1,IEDB_mhc2_binder
NLAMKSHDSDLDKAF,0,IEDB_mhc2_nonbinder
YSVNMSMVAKHSLDL,0,IEDB_mhc2_nonbinder
KCNLNHDSEFCDMLR,1,IEDB_mhc2_binder
KCCWFADKNLIKCSD,0,IEDB_mhc2_nonbinder
CYDKPSLSEVLVYAD,0,IEDB_mhc2_nonbinder
GFTMEWFLSGLEHDH,1,IEDB_mhc2_binder
LQQVLFMLSVMPRIN,0,IEDB_mhc2_nonbinder
TGERSRCYSLYIAEN,1,IEDB_mhc2_binder
TSKADRNTVLNGRNK,0,IEDB_mhc2_nonbinder
VELFQTILGEGEDAD,0,IEDB_mhc2_nonbinder
KGGYCCHRVEELDPF,0,IEDB_mhc2_nonbinder
YVGDLNTKMMTRLVE,1,IEDB_mhc2_binder
ADKVKCLSANDVLYE,0,IEDB_mhc2_nonbinder
SQQLDQRRALLNMIG,1,IEDB_mhc2_binder
KAKIGVERILKTINL,0,IEDB_mhc2_nonbinder
KFCTGAVSGNNPLVL,0,IEDB_mhc2_nonbinder
ETNGSDEFVAMLVRS,0,IEDB_mhc2_nonbinder
SGNHLSSMHLIVQNA,1,IEDB_mhc2_binder
ALWNFSLAHLDHESP,0,IEDB_mhc2_nonbinder
YIAADFRHMLNHFQI,0,IEDB_mhc2_nonbinder
LAYQKDALLSQVHPR,1,IEDB_mhc2_binder
SPGLKPNRNFNETTI,0,IEDB_mhc2_nonbinder
LVAGDLKCFGNTAVA,1,IEDB_mhc2_binder
RLGLQMIDDLVMNVL,0,IEDB_mhc2_nonbinder
WCEFELSSCMLKKLI,0,IEDB_mhc2_nonbinder
KQTLIAIHTLAIRYA,1,IEDB_mhc2_binder
RVLEREEVPTLIKTL,1,IEDB_mhc2_binder
KIASRNPTQWYLEGI,0,IEDB_mhc2_nonbinder
KPHRLTSKGICSCGA,1,IEDB_mhc2_binder
VQLRLDRGMNSTSDM,0,IEDB_mhc2_nonbinder
GVPVFFVNCIQRRTL,1,IEDB_mhc2_binder
PKYVKQNTLKLATR,1,IEDB_mhc2_binder
YEHIDDRYAYEIVGP,0,IEDB_mhc2_nonbinder
LCDPGPVYSQFGKEN,0,IEDB_mhc2_nonbinder
IVDQYREPVKLGSGP,0,IEDB_mhc2_nonbinder
RWLLIDILKKSKFMQ,1,IEDB_mhc2_binder
AKMLQLDPNAKTWMD,1,IEDB_mhc2_binder
GQFYFLIRKRIHLR,1,IEDB_mhc2_binder
NFEGVRISLSNVMVD,1,IEDB_mhc2_binder
FYSEDSPTEFTSISS,1,IEDB_mhc2_binder
IIKYNRRLAKSIICE,0,IEDB_mhc2_nonbinder
NGVVVNKKKREKDSP,0,IEDB_mhc2_nonbinder
EGSEQILCPVKFRHS,0,IEDB_mhc2_nonbinder
ASVLEVCDSSAKLMK,0,IEDB_mhc2_nonbinder
FEEYLVQLIGKDGDD,1,IEDB_mhc2_binder
CTNFKTQLVLSSMVN,1,IEDB_mhc2_binder
STDAFWFTGSDSLKA,0,IEDB_mhc2_nonbinder
VHPVLCSSSPTILDN,1,IEDB_mhc2_binder
SRELECGHKKPCTLE,0,IEDB_mhc2_nonbinder
KTWPSICCLVHPITL,0,IEDB_mhc2_nonbinder
FEFNKKAIETLNDNT,1,IEDB_mhc2_binder
SGLQQSFQELKCNPI,0,IEDB_mhc2_nonbinder
WISGYGRSGRSPILQ,0,IEDB_mhc2_nonbinder
SLENLRQKIQDVFRS,1,IEDB_mhc2_binder
NAEFHNVISEFEIIP,0,IEDB_mhc2_nonbinder
GRYNCKCCWFADKNL,1,IEDB_mhc2_binder
APECPMCCSKILDLC,0,IEDB_mhc2_nonbinder
SADLNCEYAVRMTAY,0,IEDB_mhc2_nonbinder
WLMDPPMLCRNKTKK,1,IEDB_mhc2_binder
FKLTYFLEAPQDICP,1,IEDB_mhc2_binder
KWGEKYFVSFNTAIE,0,IEDB_mhc2_nonbinder
KMILDGLDFNQVSLV,1,IEDB_mhc2_binder
TDLEPTLTVRHLKDC,0,IEDB_mhc2_nonbinder
FTAQGADDIRKLFDM,1,IEDB_mhc2_binder
QTVSFSMVGLFSNNP,1,IEDB_mhc2_binder
QGLRYFIMAYVNQAH,1,IEDB_mhc2_binder
TVARLGNIHSDKFDL,0,IEDB_mhc2_nonbinder
ELLEFHYYLSSKLNK,1,IEDB_mhc2_binder
FANNQDERLLGFTME,1,IEDB_mhc2_binder
DNSLTRKDLQKGILS,0,IEDB_mhc2_nonbinder
LLYRLIRALMNLILS,1,IEDB_mhc2_binder
GRKPLAFFSWSLSDP,1,IEDB_mhc2_binder
GGDEALSGFLQYAGC,1,IEDB_mhc2_binder
VPMPCMINDTHFLLR,1,IEDB_mhc2_binder
MLIKQGLTDPKAFKS,1,IEDB_mhc2_binder
NKSAFQSSVASGFIG,1,IEDB_mhc2_binder
KYSRGKPVSKGPLFD,0,IEDB_mhc2_nonbinder
PLVLCNKNFFWAVKP,0,IEDB_mhc2_nonbinder
LSFLYTLELKNPRDR,1,IEDB_mhc2_binder
RELREQIALPYSKTG,0,IEDB_mhc2_nonbinder
MCPNGSIMMETGHVK,0,IEDB_mhc2_nonbinder
DGKPQKAGSNNSNKS,0,IEDB_mhc2_nonbinder
LNSEKEFERAICDMK,1,IEDB_mhc2_binder
TESHVKISRTIYRGVSP,1,IEDB_mhc2_binder
QTLIAIHTLAIRYAN,1,IEDB_mhc2_binder
PPRFCGIYFESHSTD,0,IEDB_mhc2_nonbinder
YLLSLVLLVSGDDQS,0,IEDB_mhc2_nonbinder
LESPGDITMLEREAR,0,IEDB_mhc2_nonbinder
EIKAEVSMHEVKDFD,1,IEDB_mhc2_binder
KNIQLPRRSLKAFFS,1,IEDB_mhc2_binder
GMFTEPTKSSVLNDA,1,IEDB_mhc2_binder
ARSERDVQLFVERNK,0,IEDB_mhc2_nonbinder
DILDSHLVEKLCHEV,1,IEDB_mhc2_binder
NKKKREKDSPFKLSS,1,IEDB_mhc2_binder
QEESQINISGYNLSL,1,IEDB_mhc2_binder
ELTDFALMVKNQNVS,1,IEDB_mhc2_binder
FINSLLKSLLLLNTR,0,IEDB_mhc2_nonbinder
ILELRHLRTLCRDLD,0,IEDB_mhc2_nonbinder
YSGAVNLDDEKIPTI,0,IEDB_mhc2_nonbinder
ITTSNLHVSPILKRE,0,IEDB_mhc2_nonbinder
FVRMQGLSGALKPRC,0,IEDB_mhc2_nonbinder
GWTIKGLGHDFLRDP,1,IEDB_mhc2_binder
MKNVLDMVLVEFLID,0,IEDB_mhc2_nonbinder
KVSKRLCSYRRGAMY,0,IEDB_mhc2_nonbinder
LISDNTLMKNRLKEL,1,IEDB_mhc2_binder
GALKAGCINVGAASD,0,IEDB_mhc2_nonbinder
RYNLDPDSMDYLILK,1,IEDB_mhc2_binder
EGFKLLSCLVEIESC,1,IEDB_mhc2_binder
VLEKEEMPTLIKTIQ,1,IEDB_mhc2_binder
WKPLPTTITVPVEPT,1,IEDB_mhc2_binder
WYFVSHKKVAEFFAS,0,IEDB_mhc2_nonbinder
PETPEEPLIASSVVI,0,IEDB_mhc2_nonbinder
FDCLYLIQKYSEFHF,0,IEDB_mhc2_nonbinder
LRALVILLVTLMPRT,0,IEDB_mhc2_nonbinder
WSSEPFEEFIKSFR,0,IEDB_mhc2_nonbinder
EFPVSVILLVDSGLN,0,IEDB_mhc2_nonbinder
LKDLWDYMLNSTGGI,1,IEDB_mhc2_binder
LLKPEYESFIYNAHR,0,IEDB_mhc2_nonbinder
TSFMVSTDISLPLIS,0,IEDB_mhc2_nonbinder
LRSEGFYYKANFCVR,0,IEDB_mhc2_nonbinder
SLTDFEHHTPLNRQY,0,IEDB_mhc2_nonbinder
TFTAVKVKHDSQLTD,0,IEDB_mhc2_nonbinder
IRHYETSQLSKHDLS,0,IEDB_mhc2_nonbinder
FTKDPVALVESLELF,1,IEDB_mhc2_binder
